frame,track_id,pred_x,pred_y,meas_x,meas_y,corr_x,corr_y,gt_x,gt_y,pred_error,corr_error,residual_x,residual_y,residual_mag,vx,vy,var_x,var_y
2,0,502.56402587890625,720.0294189453125,502.56402587890625,720.0294189453125,502.56402587890625,720.0294189453125,,,,,0.0,0.0,0.0,0.0,0.0,1.0,1.0
2,1,259.120849609375,829.6430053710938,259.120849609375,829.6430053710938,259.120849609375,829.6430053710938,,,,,0.0,0.0,0.0,0.0,0.0,1.0,1.0
2,2,704.7403564453125,620.7789916992188,704.7403564453125,620.7789916992188,704.7403564453125,620.7789916992188,,,,,0.0,0.0,0.0,0.0,0.0,1.0,1.0
2,3,1026.17138671875,395.14117431640625,1026.17138671875,395.14117431640625,1026.17138671875,395.14117431640625,,,,,0.0,0.0,0.0,0.0,0.0,1.0,1.0
2,4,283.58953857421875,412.29937744140625,283.58953857421875,412.29937744140625,283.58953857421875,412.29937744140625,,,,,0.0,0.0,0.0,0.0,0.0,1.0,1.0
2,5,1609.63671875,433.9934387207031,1609.63671875,433.9934387207031,1609.63671875,433.9934387207031,,,,,0.0,0.0,0.0,0.0,0.0,1.0,1.0
2,6,1748.55615234375,457.44317626953125,1748.55615234375,457.44317626953125,1748.55615234375,457.44317626953125,,,,,0.0,0.0,0.0,0.0,0.0,1.0,1.0
2,7,1076.692138671875,404.48394775390625,1076.692138671875,404.48394775390625,1076.692138671875,404.48394775390625,,,,,0.0,0.0,0.0,0.0,0.0,1.0,1.0
2,8,1466.680908203125,438.8310852050781,1466.680908203125,438.8310852050781,1466.680908203125,438.8310852050781,,,,,0.0,0.0,0.0,0.0,0.0,1.0,1.0
2,9,1604.775390625,441.56964111328125,1604.775390625,441.56964111328125,1604.775390625,441.56964111328125,,,,,0.0,0.0,0.0,0.0,0.0,1.0,1.0
3,0,502.56402587890625,720.0294189453125,502.56402587890625,720.0294189453125,502.56402587890625,720.0294189453125,,,,,0.0,0.0,0.0,0.0,0.0,2.0114617347717285,2.0114617347717285
3,1,259.120849609375,829.6430053710938,259.120849609375,829.6430053710938,259.120849609375,829.6430053710938,,,,,0.0,0.0,0.0,0.0,0.0,2.0147287845611572,2.0147287845611572
3,2,704.7403564453125,620.7789916992188,704.7403564453125,620.7789916992188,704.7403564453125,620.7789916992188,,,,,0.0,0.0,0.0,0.0,0.0,2.012335777282715,2.012335777282715
3,3,1026.17138671875,395.14117431640625,1026.17138671875,395.14117431640625,1026.17138671875,395.14117431640625,,,,,0.0,0.0,0.0,0.0,0.0,2.007902145385742,2.007902145385742
3,4,283.58953857421875,412.29937744140625,283.58953857421875,412.29937744140625,283.58953857421875,412.29937744140625,,,,,0.0,0.0,0.0,0.0,0.0,2.007573127746582,2.007573127746582
3,5,1609.63671875,433.9934387207031,1609.63671875,433.9934387207031,1609.63671875,433.9934387207031,,,,,0.0,0.0,0.0,0.0,0.0,2.0078539848327637,2.0078539848327637
3,6,1748.55615234375,457.44317626953125,1748.55615234375,457.44317626953125,1748.55615234375,457.44317626953125,,,,,0.0,0.0,0.0,0.0,0.0,2.0110695362091064,2.0110695362091064
3,7,1076.692138671875,404.48394775390625,1076.692138671875,404.48394775390625,1076.692138671875,404.48394775390625,,,,,0.0,0.0,0.0,0.0,0.0,2.008362054824829,2.008362054824829
3,8,1466.680908203125,438.8310852050781,1466.680908203125,438.8310852050781,1466.680908203125,438.8310852050781,,,,,0.0,0.0,0.0,0.0,0.0,2.0077943801879883,2.0077943801879883
3,9,1604.775390625,441.56964111328125,1604.775390625,441.56964111328125,1604.775390625,441.56964111328125,,,,,0.0,0.0,0.0,0.0,0.0,2.009300708770752,2.009300708770752
4,0,502.56402587890625,720.0294189453125,502.56402587890625,720.0294189453125,502.56402587890625,720.0294189453125,,,,,0.0,0.0,0.0,0.0,0.0,5.0246429443359375,5.0246429443359375
4,1,259.120849609375,829.6430053710938,259.120849609375,829.6430053710938,259.120849609375,829.6430053710938,,,,,0.0,0.0,0.0,0.0,0.0,5.0316667556762695,5.0316667556762695
4,2,704.7403564453125,620.7789916992188,704.7403564453125,620.7789916992188,704.7403564453125,620.7789916992188,,,,,0.0,0.0,0.0,0.0,0.0,5.026522159576416,5.026522159576416
4,3,1026.17138671875,395.14117431640625,1026.17138671875,395.14117431640625,1026.17138671875,395.14117431640625,,,,,0.0,0.0,0.0,0.0,0.0,5.016989707946777,5.016989707946777
4,4,283.58953857421875,412.29937744140625,283.58953857421875,412.29937744140625,283.58953857421875,412.29937744140625,,,,,0.0,0.0,0.0,0.0,0.0,5.016282081604004,5.016282081604004
4,5,1609.63671875,433.9934387207031,1609.63671875,433.9934387207031,1609.63671875,433.9934387207031,,,,,0.0,0.0,0.0,0.0,0.0,5.016886234283447,5.016886234283447
4,6,1748.55615234375,457.44317626953125,1748.55615234375,457.44317626953125,1748.55615234375,457.44317626953125,,,,,0.0,0.0,0.0,0.0,0.0,5.023799419403076,5.023799419403076
4,7,1076.692138671875,404.48394775390625,1076.692138671875,404.48394775390625,1076.692138671875,404.48394775390625,,,,,0.0,0.0,0.0,0.0,0.0,5.017978668212891,5.017978668212891
4,8,1466.680908203125,438.8310852050781,1466.680908203125,438.8310852050781,1466.680908203125,438.8310852050781,,,,,0.0,0.0,0.0,0.0,0.0,5.016757965087891,5.016757965087891
4,9,1604.775390625,441.56964111328125,1604.775390625,441.56964111328125,1604.775390625,441.56964111328125,,,,,0.0,0.0,0.0,0.0,0.0,5.019996643066406,5.019996643066406
5,0,502.56402587890625,720.0294189453125,502.56402587890625,720.0294189453125,502.56402587890625,720.0294189453125,,,,,0.0,0.0,0.0,0.0,0.0,10.04298210144043,10.04298210144043
5,1,259.120849609375,829.6430053710938,259.120849609375,829.6430053710938,259.120849609375,829.6430053710938,,,,,0.0,0.0,0.0,0.0,0.0,10.055232048034668,10.055232048034668
5,2,704.7403564453125,620.7789916992188,704.7403564453125,620.7789916992188,704.7403564453125,620.7789916992188,,,,,0.0,0.0,0.0,0.0,0.0,10.046259880065918,10.046259880065918
5,3,1026.17138671875,395.14117431640625,1026.17138671875,395.14117431640625,1026.17138671875,395.14117431640625,,,,,0.0,0.0,0.0,0.0,0.0,10.029633522033691,10.029633522033691
5,4,283.58953857421875,412.29937744140625,283.58953857421875,412.29937744140625,283.58953857421875,412.29937744140625,,,,,0.0,0.0,0.0,0.0,0.0,10.028398513793945,10.028398513793945
5,5,1609.63671875,433.9934387207031,1609.63671875,433.9934387207031,1609.63671875,433.9934387207031,,,,,0.0,0.0,0.0,0.0,0.0,10.02945327758789,10.02945327758789
5,6,1748.55615234375,457.44317626953125,1748.55615234375,457.44317626953125,1748.55615234375,457.44317626953125,,,,,0.0,0.0,0.0,0.0,0.0,10.041510581970215,10.041510581970215
5,7,1076.692138671875,404.48394775390625,1076.692138671875,404.48394775390625,1076.692138671875,404.48394775390625,,,,,0.0,0.0,0.0,0.0,0.0,10.031357765197754,10.031357765197754
5,8,1466.680908203125,438.8310852050781,1466.680908203125,438.8310852050781,1466.680908203125,438.8310852050781,,,,,0.0,0.0,0.0,0.0,0.0,10.029229164123535,10.029229164123535
5,9,1604.775390625,441.56964111328125,1604.775390625,441.56964111328125,1604.775390625,441.56964111328125,,,,,0.0,0.0,0.0,0.0,0.0,10.03487777709961,10.03487777709961
6,0,507.2628479003906,717.900146484375,507.2628479003906,717.900146484375,507.2628479003906,717.900146484375,,,,,0.0,0.0,0.0,1.1039159297943115,-0.5002344250679016,1.790245771408081,1.790245771408081
6,1,268.57745361328125,826.3587036132812,268.57745361328125,826.3587036132812,268.57745361328125,826.3587036132812,,,,,0.0,0.0,0.0,2.220720052719116,-0.7712578177452087,1.7904642820358276,1.7904642820358276
6,2,704.7974243164062,620.807373046875,704.7974243164062,620.807373046875,704.7974243164062,620.807373046875,,,,,0.0,0.0,0.0,0.013399051502346992,0.006673857104033232,1.7903040647506714,1.7903040647506714
6,3,1015.3540649414062,398.92352294921875,1015.3540649414062,398.92352294921875,1015.3540649414062,398.92352294921875,,,,,0.0,0.0,0.0,-2.5425713062286377,0.8890262246131897,1.7900068759918213,1.7900068759918213
6,4,261.0445556640625,411.50311279296875,261.0445556640625,411.50311279296875,261.0445556640625,411.50311279296875,,,,,0.0,0.0,0.0,-5.299342155456543,-0.18716491758823395,1.7899837493896484,1.7899837493896484
6,5,1609.601806640625,433.47381591796875,1609.601806640625,433.47381591796875,1609.601806640625,433.47381591796875,,,,,0.0,0.0,0.0,-0.008191816508769989,-0.12213253974914551,1.7900035381317139,1.7900035381317139
6,6,1748.5908203125,457.6670227050781,1748.5908203125,457.6670227050781,1748.5908203125,457.6670227050781,,,,,0.0,0.0,0.0,0.008137956261634827,0.052588652819395065,1.7902195453643799,1.7902195453643799
6,7,1062.52978515625,411.033935546875,1062.52978515625,411.033935546875,1062.52978515625,411.033935546875,,,,,0.0,0.0,0.0,-3.328591823577881,1.5394538640975952,1.7900370359420776,1.7900370359420776
6,8,1466.6900634765625,438.86328125,1466.6900634765625,438.86328125,1466.6900634765625,438.86328125,,,,,0.0,0.0,0.0,0.0021571049001067877,0.0075691272504627705,1.7899987697601318,1.7899987697601318
6,9,1605.0166015625,441.40765380859375,1605.0166015625,441.40765380859375,1605.0166015625,441.40765380859375,,,,,0.0,0.0,0.0,0.056692879647016525,-0.038064852356910706,1.7901005744934082,1.7901005744934082
6,10,1503.24658203125,336.13360595703125,1503.24658203125,336.13360595703125,1503.24658203125,336.13360595703125,,,,,0.0,0.0,0.0,0.0,0.0,1.0,1.0
7,0,505.2793273925781,718.23486328125,505.2793273925781,718.23486328125,505.2793273925781,718.23486328125,,,,,0.0,0.0,0.0,0.461310476064682,-0.3264480531215668,2.5663414001464844,2.5663414001464844
7,1,273.8875732421875,823.3094482421875,273.8875732421875,823.3094482421875,273.8875732421875,823.3094482421875,,,,,0.0,0.0,0.0,2.864248514175415,-1.2457797527313232,2.570378065109253,2.570378065109253
7,2,704.8108520507812,620.8140258789062,704.8108520507812,620.8140258789062,704.8108520507812,620.8140258789062,,,,,0.0,0.0,0.0,0.012997080571949482,0.006473641376942396,2.807706832885742,2.807706832885742
7,3,1015.1915283203125,400.36920166015625,1015.1915283203125,400.36920166015625,1015.1915283203125,400.36920166015625,,,,,0.0,0.0,0.0,-2.047640562057495,1.0047835111618042,2.561940908432007,2.561940908432007
7,4,256.67401123046875,411.6085510253906,256.67401123046875,411.6085510253906,256.67401123046875,411.6085510253906,,,,,0.0,0.0,0.0,-5.106210708618164,-0.12632419168949127,2.561533212661743,2.561533212661743
7,5,1609.5936279296875,433.3516845703125,1609.5936279296875,433.3516845703125,1609.5936279296875,433.3516845703125,,,,,0.0,0.0,0.0,-0.00794606190174818,-0.11846856772899628,2.8010830879211426,2.8010830879211426
7,6,1748.5989990234375,457.7196044921875,1748.5989990234375,457.7196044921875,1748.5989990234375,457.7196044921875,,,,,0.0,0.0,0.0,0.007893817499279976,0.05101099610328674,2.8058359622955322,2.8058359622955322
7,7,1059.201171875,412.5733947753906,1059.201171875,412.5733947753906,1059.201171875,412.5733947753906,,,,,0.0,0.0,0.0,-3.228734254837036,1.4932702779769897,2.801833391189575,2.801833391189575
7,8,1466.6922607421875,438.870849609375,1466.6922607421875,438.870849609375,1466.6922607421875,438.870849609375,,,,,0.0,0.0,0.0,0.0020923917181789875,0.007342053577303886,2.8009941577911377,2.8009941577911377
7,9,1605.0732421875,441.3695983886719,1605.0732421875,441.3695983886719,1605.0732421875,441.3695983886719,,,,,0.0,0.0,0.0,0.05499209463596344,-0.03692290931940079,2.8032209873199463,2.8032209873199463
7,10,1503.3055419921875,336.4733581542969,1503.3055419921875,336.4733581542969,1503.3055419921875,336.4733581542969,,,,,0.0,0.0,0.0,0.02934715524315834,0.16924288868904114,1.8816519975662231,1.8816519975662231
8,0,502.1086120605469,718.904541015625,502.1086120605469,718.904541015625,502.1086120605469,718.904541015625,,,,,0.0,0.0,0.0,-0.1970597356557846,-0.14587834477424622,3.3735265731811523,3.3735265731811523
8,1,280.4053039550781,819.2568969726562,280.4053039550781,819.2568969726562,280.4053039550781,819.2568969726562,,,,,0.0,0.0,0.0,3.5276222229003906,-1.7554172277450562,3.382885456085205,3.382885456085205
8,2,704.8238525390625,620.8204956054688,704.8238525390625,620.8204956054688,704.8238525390625,620.8204956054688,,,,,0.0,0.0,0.0,0.012607168406248093,0.006279432214796543,4.154870986938477,4.154870986938477
8,3,1016.0191650390625,402.1144714355469,1016.0191650390625,402.1144714355469,1016.0191650390625,402.1144714355469,,,,,0.0,0.0,0.0,-1.5273971557617188,1.1387619972229004,3.36331844329834,3.36331844329834
8,4,252.61944580078125,411.7842102050781,252.61944580078125,411.7842102050781,252.61944580078125,411.7842102050781,,,,,0.0,0.0,0.0,-4.9159626960754395,-0.07169347256422043,3.3623740673065186,3.3623740673065186
8,5,1609.585693359375,433.23321533203125,1609.585693359375,433.23321533203125,1609.585693359375,433.23321533203125,,,,,0.0,0.0,0.0,-0.007707680109888315,-0.11491451412439346,4.136848449707031,4.136848449707031
8,6,1748.60693359375,457.7706298828125,1748.60693359375,457.7706298828125,1748.60693359375,457.7706298828125,,,,,0.0,0.0,0.0,0.0076570031233131886,0.04948066920042038,4.1497802734375,4.1497802734375
8,7,1055.972412109375,414.066650390625,1055.972412109375,414.066650390625,1055.972412109375,414.066650390625,,,,,0.0,0.0,0.0,-3.1318724155426025,1.448472261428833,4.138890743255615,4.138890743255615
8,8,1466.6943359375,438.8782043457031,1466.6943359375,438.8782043457031,1466.6943359375,438.8782043457031,,,,,0.0,0.0,0.0,0.002029620110988617,0.007121792063117027,4.136608123779297,4.136608123779297
8,9,1605.128173828125,441.3326721191406,1605.128173828125,441.3326721191406,1605.128173828125,441.3326721191406,,,,,0.0,0.0,0.0,0.05334233492612839,-0.035815224051475525,4.142665386199951,4.142665386199951
8,10,1503.4361572265625,337.2764892578125,1503.4361572265625,337.2764892578125,1503.4361572265625,337.2764892578125,,,,,0.0,0.0,0.0,0.07017993181943893,0.42462706565856934,4.0885443687438965,4.0885443687438965
9,0,501.46514892578125,718.49658203125,501.46514892578125,718.49658203125,501.46514892578125,718.49658203125,,,,,0.0,0.0,0.0,-0.2679157555103302,-0.1874742954969406,4.1011223793029785,4.1011223793029785
9,1,280.5199279785156,817.93505859375,280.5199279785156,817.93505859375,280.5199279785156,817.93505859375,,,,,0.0,0.0,0.0,2.984548330307007,-1.686423420906067,4.116374969482422,4.116374969482422
9,2,704.8364868164062,620.8267822265625,704.8364868164062,620.8267822265625,704.8364868164062,620.8267822265625,,,,,0.0,0.0,0.0,0.012228953652083874,0.0060910494066774845,5.8354973793029785,5.8354973793029785
9,3,1017.5238647460938,404.0166931152344,1017.5238647460938,404.0166931152344,1017.5238647460938,404.0166931152344,,,,,0.0,0.0,0.0,-1.0474326610565186,1.2596104145050049,4.084469795227051,4.084469795227051
9,4,249.0557403564453,412.0018005371094,249.0557403564453,412.0018005371094,249.0557403564453,412.0018005371094,,,,,0.0,0.0,0.0,-4.701962471008301,-0.02591489814221859,4.0829291343688965,4.0829291343688965
9,5,1606.7430419921875,426.4239807128906,1606.7430419921875,426.4239807128906,1606.7430419921875,426.4239807128906,,,,,0.0,0.0,0.0,-0.4523029923439026,-1.1647497415542603,4.860093116760254,4.860093116760254
9,6,1748.6146240234375,457.8200988769531,1748.6146240234375,457.8200988769531,1748.6146240234375,457.8200988769531,,,,,0.0,0.0,0.0,0.007427293341606855,0.04799624904990196,5.825372695922852,5.825372695922852
9,7,1052.840576171875,415.51513671875,1052.840576171875,415.51513671875,1052.840576171875,415.51513671875,,,,,0.0,0.0,0.0,-3.037916421890259,1.4050180912017822,5.803717613220215,5.803717613220215
9,8,1466.6964111328125,438.88531494140625,1466.6964111328125,438.88531494140625,1466.6964111328125,438.88531494140625,,,,,0.0,0.0,0.0,0.001968731638044119,0.006908138282597065,5.799178600311279,5.799178600311279
9,9,1605.1815185546875,441.2968444824219,1605.1815185546875,441.2968444824219,1605.1815185546875,441.2968444824219,,,,,0.0,0.0,0.0,0.0517420656979084,-0.03474076837301254,5.811224460601807,5.811224460601807
9,10,1503.552490234375,338.4225158691406,1503.552490234375,338.4225158691406,1503.552490234375,338.4225158691406,,,,,0.0,0.0,0.0,0.08423145860433578,0.6442343592643738,6.474849700927734,6.474849700927734
10,0,500.9610595703125,718.1039428710938,500.9610595703125,718.1039428710938,500.9610595703125,718.1039428710938,,,,,0.0,0.0,0.0,-0.30110400915145874,-0.21629776060581207,4.678112983703613,4.678112983703613
10,1,279.61798095703125,817.0548095703125,279.61798095703125,817.0548095703125,279.61798095703125,817.0548095703125,,,,,0.0,0.0,0.0,2.4365854263305664,-1.5727671384811401,4.6989569664001465,4.6989569664001465
10,2,704.8486938476562,620.8328857421875,704.8486938476562,620.8328857421875,704.8486938476562,620.8328857421875,,,,,0.0,0.0,0.0,0.011862085200846195,0.00590831832960248,7.8532867431640625,7.8532867431640625
10,3,1019.3505249023438,406.1026916503906,1019.3505249023438,406.1026916503906,1019.3505249023438,406.1026916503906,,,,,0.0,0.0,0.0,-0.6450393199920654,1.3753105401992798,4.655325412750244,4.655325412750244
10,4,245.8962860107422,412.3735656738281,245.8962860107422,412.3735656738281,245.8962860107422,412.3735656738281,,,,,0.0,0.0,0.0,-4.486072540283203,0.02974558062851429,4.653215408325195,4.653215408325195
10,5,1603.7181396484375,419.1705322265625,1603.7181396484375,419.1705322265625,1603.7181396484375,419.1705322265625,,,,,0.0,0.0,0.0,-0.808355450630188,-2.0074145793914795,5.365747928619385,5.365747928619385
10,6,1748.6220703125,457.86810302734375,1748.6220703125,457.86810302734375,1748.6220703125,457.86810302734375,,,,,0.0,0.0,0.0,0.0072044748812913895,0.04655636474490166,7.835934638977051,7.835934638977051
10,7,1049.8026123046875,416.920166015625,1049.8026123046875,416.920166015625,1049.8026123046875,416.920166015625,,,,,0.0,0.0,0.0,-2.9467790126800537,1.3628675937652588,7.798823356628418,7.798823356628418
10,8,1466.6983642578125,438.8922119140625,1466.6983642578125,438.8922119140625,1466.6983642578125,438.8922119140625,,,,,0.0,0.0,0.0,0.0019096697214990854,0.006700894329696894,7.791044235229492,7.791044235229492
10,9,1605.2332763671875,441.2621154785156,1605.2332763671875,441.2621154785156,1605.2332763671875,441.2621154785156,,,,,0.0,0.0,0.0,0.050189804285764694,-0.03369854763150215,7.81168794631958,7.81168794631958
10,10,1503.570556640625,339.6237487792969,1503.570556640625,339.6237487792969,1503.570556640625,339.6237487792969,,,,,0.0,0.0,0.0,0.06832988560199738,0.7780627012252808,8.116483688354492,8.116483688354492
11,0,510.1136169433594,715.1905517578125,510.1136169433594,715.1905517578125,510.1136169433594,715.1905517578125,,,,,0.0,0.0,0.0,0.8888084292411804,-0.55577152967453,1.507199764251709,1.507199764251709
11,1,282.0121154785156,819.3694458007812,282.0121154785156,819.3694458007812,282.0121154785156,819.3694458007812,,,,,0.0,0.0,0.0,2.4312195777893066,-1.0813734531402588,1.5094507932662964,1.5094507932662964
11,2,704.8081665039062,620.8311767578125,704.8081665039062,620.8311767578125,704.8081665039062,620.8311767578125,,,,,0.0,0.0,0.0,0.005406846757978201,0.004970861598849297,1.6724516153335571,1.6724516153335571
11,3,1002.6605224609375,404.68621826171875,1002.6605224609375,404.68621826171875,1002.6605224609375,404.68621826171875,,,,,0.0,0.0,0.0,-2.6549880504608154,1.025583267211914,1.5047155618667603,1.5047155618667603
11,4,230.5050506591797,410.1214904785156,230.5050506591797,410.1214904785156,230.5050506591797,410.1214904785156,,,,,0.0,0.0,0.0,-5.851553916931152,-0.2559731602668762,1.5044840574264526,1.5044840574264526
11,5,1608.1263427734375,430.094970703125,1608.1263427734375,430.094970703125,1608.1263427734375,430.094970703125,,,,,0.0,0.0,0.0,-0.16293172538280487,-0.4074055254459381,1.5545552968978882,1.5545552968978882
11,6,1748.5406494140625,457.4920959472656,1748.5406494140625,457.4920959472656,1748.5406494140625,457.4920959472656,,,,,0.0,0.0,0.0,-0.003711626399308443,-0.005467839539051056,1.6717216968536377,1.6717216968536377
11,7,1041.461181640625,419.72216796875,1041.461181640625,419.72216796875,1041.461181640625,419.72216796875,,,,,0.0,0.0,0.0,-3.609090566635132,1.5395557880401611,1.670149564743042,1.670149564743042
11,8,1466.4747314453125,438.96710205078125,1466.4747314453125,438.96710205078125,1466.4747314453125,438.96710205078125,,,,,0.0,0.0,0.0,-0.02577701397240162,0.015066924504935741,1.669818639755249,1.669818639755249
11,9,1604.4610595703125,441.3919677734375,1604.4610595703125,441.3919677734375,1604.4610595703125,441.3919677734375,,,,,0.0,0.0,0.0,-0.05087510123848915,-0.013601480983197689,1.67069673538208,1.67069673538208
11,10,1501.9014892578125,336.0086669921875,1501.9014892578125,336.0086669921875,1501.9014892578125,336.0086669921875,,,,,0.0,0.0,0.0,-0.27484992146492004,-0.08970902860164642,1.7251590490341187,1.7251590490341187
12,0,510.4228515625,714.8252563476562,510.4228515625,714.8252563476562,510.4228515625,714.8252563476562,,,,,0.0,0.0,0.0,0.8197956681251526,-0.5330848693847656,1.8215465545654297,1.8215465545654297
12,1,283.0606384277344,818.44921875,283.0606384277344,818.44921875,283.0606384277344,818.44921875,,,,,0.0,0.0,0.0,2.265075206756592,-1.0620129108428955,1.8302841186523438,1.8302841186523438
12,2,704.8135986328125,620.8361206054688,704.8135986328125,620.8361206054688,704.8135986328125,620.8361206054688,,,,,0.0,0.0,0.0,0.005244641564786434,0.00482173589989543,2.1405608654022217,2.1405608654022217
12,3,1001.9182739257812,406.12652587890625,1001.9182739257812,406.12652587890625,1001.9182739257812,406.12652587890625,,,,,0.0,0.0,0.0,-2.4295153617858887,1.0744702816009521,1.811960220336914,1.811960220336914
12,4,226.0635528564453,410.1157531738281,226.0635528564453,410.1157531738281,226.0635528564453,410.1157531738281,,,,,0.0,0.0,0.0,-5.6854963302612305,-0.22650112211704254,1.8110707998275757,1.8110707998275757
12,5,1606.83447265625,427.2930908203125,1606.83447265625,427.2930908203125,1606.83447265625,427.2930908203125,,,,,0.0,0.0,0.0,-0.29448214173316956,-0.6864176988601685,1.8628547191619873,1.8628547191619873
12,6,1748.5369873046875,457.48663330078125,1748.5369873046875,457.48663330078125,1748.5369873046875,457.48663330078125,,,,,0.0,0.0,0.0,-0.00360027770511806,-0.00530380429700017,2.137017250061035,2.137017250061035
12,7,1037.85205078125,421.26171875,1037.85205078125,421.26171875,1037.85205078125,421.26171875,,,,,0.0,0.0,0.0,-3.5008180141448975,1.4933691024780273,2.1294164657592773,2.1294164657592773
12,8,1466.448974609375,438.982177734375,1466.448974609375,438.982177734375,1466.448974609375,438.982177734375,,,,,0.0,0.0,0.0,-0.02500370517373085,0.01461491733789444,2.127819299697876,2.127819299697876
12,9,1604.41015625,441.37835693359375,1604.41015625,441.37835693359375,1604.41015625,441.37835693359375,,,,,0.0,0.0,0.0,-0.049348849803209305,-0.013193436898291111,2.1320555210113525,2.1320555210113525
12,10,1501.6788330078125,336.29827880859375,1501.6788330078125,336.29827880859375,1501.6788330078125,336.29827880859375,,,,,0.0,0.0,0.0,-0.2655511498451233,-0.02218082919716835,2.326892614364624,2.326892614364624
13,0,510.60772705078125,714.5313110351562,510.60772705078125,714.5313110351562,510.60772705078125,714.5313110351562,,,,,0.0,0.0,0.0,0.7487740516662598,-0.506338357925415,2.1432013511657715,2.1432013511657715
13,1,283.6568298339844,817.7210083007812,283.6568298339844,817.7210083007812,283.6568298339844,817.7210083007812,,,,,0.0,0.0,0.0,2.076004981994629,-1.0241940021514893,2.161022186279297,2.161022186279297
13,2,704.81884765625,620.8409423828125,704.81884765625,620.8409423828125,704.81884765625,620.8409423828125,,,,,0.0,0.0,0.0,0.005087302532047033,0.004677083808928728,2.6974072456359863,2.6974072456359863
13,3,1001.651611328125,407.63470458984375,1001.651611328125,407.63470458984375,1001.651611328125,407.63470458984375,,,,,0.0,0.0,0.0,-2.1910433769226074,1.1222920417785645,2.123657464981079,2.123657464981079
13,4,222.1041717529297,410.1591491699219,222.1041717529297,410.1591491699219,222.1041717529297,410.1591491699219,,,,,0.0,0.0,0.0,-5.4954376220703125,-0.19678492844104767,2.121844530105591,2.121844530105591
13,5,1605.2884521484375,423.9837646484375,1605.2884521484375,423.9837646484375,1605.2884521484375,423.9837646484375,,,,,0.0,0.0,0.0,-0.4310321807861328,-0.9725771546363831,2.173652410507202,2.173652410507202
13,6,1748.533447265625,457.4813232421875,1748.533447265625,457.4813232421875,1748.533447265625,457.4813232421875,,,,,0.0,0.0,0.0,-0.0034922694321721792,-0.005144690163433552,2.689183235168457,2.689183235168457
13,7,1034.3511962890625,422.7550964355469,1034.3511962890625,422.7550964355469,1034.3511962890625,422.7550964355469,,,,,0.0,0.0,0.0,-3.3957936763763428,1.4485681056976318,2.6715574264526367,2.6715574264526367
13,8,1466.4239501953125,438.9967956542969,1466.4239501953125,438.9967956542969,1466.4239501953125,438.9967956542969,,,,,0.0,0.0,0.0,-0.024253595620393753,0.01417647022753954,2.6678550243377686,2.6678550243377686
13,9,1604.36083984375,441.36517333984375,1604.36083984375,441.36517333984375,1604.36083984375,441.36517333984375,,,,,0.0,0.0,0.0,-0.047868385910987854,-0.012797634117305279,2.6776745319366455,2.6776745319366455
13,10,1501.4669189453125,336.69000244140625,1501.4669189453125,336.69000244140625,1501.4669189453125,336.69000244140625,,,,,0.0,0.0,0.0,-0.25706368684768677,0.04339437559247017,2.9454545974731445,2.9454545974731445
14,0,510.7428894042969,714.2939453125,510.7428894042969,714.2939453125,510.7428894042969,714.2939453125,,,,,0.0,0.0,0.0,0.6843955516815186,-0.47811561822891235,2.456052303314209,2.456052303314209
14,1,283.9751892089844,817.0451049804688,283.9751892089844,817.0451049804688,283.9751892089844,817.0451049804688,,,,,0.0,0.0,0.0,1.8886584043502808,-0.9870743751525879,2.4849441051483154,2.4849441051483154
14,2,704.8239135742188,620.8456420898438,704.8239135742188,620.8456420898438,704.8239135742188,620.8456420898438,,,,,0.0,0.0,0.0,0.004934683442115784,0.004536771215498447,3.346691131591797,3.346691131591797
14,3,1001.8873291015625,409.1884460449219,1001.8873291015625,409.1884460449219,1001.8873291015625,409.1884460449219,,,,,0.0,0.0,0.0,-1.9409960508346558,1.1667481660842896,2.4243316650390625,2.4243316650390625
14,4,218.6255340576172,410.24530029296875,218.6255340576172,410.24530029296875,218.6255340576172,410.24530029296875,,,,,0.0,0.0,0.0,-5.287985801696777,-0.16768217086791992,2.4213874340057373,2.4213874340057373
14,5,1603.547119140625,420.3232421875,1603.547119140625,420.3232421875,1603.547119140625,420.3232421875,,,,,0.0,0.0,0.0,-0.5647625923156738,-1.2469122409820557,2.4716415405273438,2.4716415405273438
14,6,1748.5299072265625,457.4761657714844,1748.5299072265625,457.4761657714844,1748.5299072265625,457.4761657714844,,,,,0.0,0.0,0.0,-0.0033875014632940292,-0.0049903495237231255,3.33154034614563,3.33154034614563
14,7,1030.9554443359375,424.20367431640625,1030.9554443359375,424.20367431640625,1030.9554443359375,424.20367431640625,,,,,0.0,0.0,0.0,-3.2939200401306152,1.4051110744476318,3.2990808486938477,3.2990808486938477
14,8,1466.399658203125,439.010986328125,1466.399658203125,439.010986328125,1466.399658203125,439.010986328125,,,,,0.0,0.0,0.0,-0.023525988683104515,0.013751176185905933,3.292264223098755,3.292264223098755
14,9,1604.31298828125,441.3523864746094,1604.31298828125,441.3523864746094,1604.31298828125,441.3523864746094,,,,,0.0,0.0,0.0,-0.046432334929704666,-0.012413705699145794,3.3103442192077637,3.3103442192077637
14,10,1501.3096923828125,337.14862060546875,1501.3096923828125,337.14862060546875,1501.3096923828125,337.14862060546875,,,,,0.0,0.0,0.0,-0.24294275045394897,0.10208481550216675,3.5158679485321045,3.5158679485321045
15,0,510.73828125,714.1591186523438,510.73828125,714.1591186523438,510.73828125,714.1591186523438,,,,,0.0,0.0,0.0,0.6164983510971069,-0.444288432598114,2.7463607788085938,2.7463607788085938
15,1,284.1389465332031,816.4447631835938,284.1389465332031,816.4447631835938,284.1389465332031,816.4447631835938,,,,,0.0,0.0,0.0,1.715501308441162,-0.9482555389404297,2.7874903678894043,2.7874903678894043
15,2,704.828857421875,620.8501586914062,704.828857421875,620.8501586914062,704.828857421875,620.8501586914062,,,,,0.0,0.0,0.0,0.004786643199622631,0.004400668200105429,4.092113494873047,4.092113494873047
15,3,1002.4697265625,410.809326171875,1002.4697265625,410.809326171875,1002.4697265625,410.809326171875,,,,,0.0,0.0,0.0,-1.6975876092910767,1.210553526878357,2.7011046409606934,2.7011046409606934
15,4,215.56130981445312,410.3335266113281,215.56130981445312,410.3335266113281,215.56130981445312,410.3335266113281,,,,,0.0,0.0,0.0,-5.073915958404541,-0.14304552972316742,2.6968986988067627,2.6968986988067627
15,5,1601.648193359375,416.4530334472656,1601.648193359375,416.4530334472656,1601.648193359375,416.4530334472656,,,,,0.0,0.0,0.0,-0.6923465132713318,-1.4977943897247314,2.744317054748535,2.744317054748535
15,6,1748.5264892578125,457.4711608886719,1748.5264892578125,457.4711608886719,1748.5264892578125,457.4711608886719,,,,,0.0,0.0,0.0,-0.003285876475274563,-0.0048406389541924,4.067409515380859,4.067409515380859
15,7,1027.6614990234375,425.6087951660156,1027.6614990234375,425.6087951660156,1027.6614990234375,425.6087951660156,,,,,0.0,0.0,0.0,-3.1951024532318115,1.3629578351974487,4.014495372772217,4.014495372772217
15,8,1466.3760986328125,439.0247497558594,1466.3760986328125,439.0247497558594,1466.3760986328125,439.0247497558594,,,,,0.0,0.0,0.0,-0.022820210084319115,0.01333864126354456,4.003385066986084,4.003385066986084
15,9,1604.2666015625,441.3399658203125,1604.2666015625,441.3399658203125,1604.2666015625,441.3399658203125,,,,,0.0,0.0,0.0,-0.04503936693072319,-0.012041294947266579,4.0328545570373535,4.0328545570373535
15,10,1501.1805419921875,337.5426940917969,1501.1805419921875,337.5426940917969,1501.1805419921875,337.5426940917969,,,,,0.0,0.0,0.0,-0.22849547863006592,0.13917870819568634,3.9925742149353027,3.9925742149353027
16,0,515.9908447265625,713.3873291015625,515.9908447265625,713.3873291015625,515.9908447265625,713.3873291015625,,,,,0.0,0.0,0.0,1.0468754768371582,-0.47468987107276917,1.2507085800170898,1.2507085800170898
16,1,290.6180114746094,814.0429077148438,290.6180114746094,814.0429077148438,290.6180114746094,814.0429077148438,,,,,0.0,0.0,0.0,2.167081832885742,-1.0860546827316284,1.2599190473556519,1.2599190473556519
16,2,704.7578735351562,620.784423828125,704.7578735351562,620.784423828125,704.7578735351562,620.784423828125,,,,,0.0,0.0,0.0,-0.0019935304298996925,-0.0018741025123745203,1.4234135150909424,1.4234135150909424
16,3,987.7465209960938,411.6619873046875,987.7465209960938,411.6619873046875,987.7465209960938,411.6619873046875,,,,,0.0,0.0,0.0,-2.8774948120117188,1.1781367063522339,1.2403157949447632,1.2403157949447632
16,4,201.25198364257812,408.9742736816406,201.25198364257812,408.9742736816406,201.25198364257812,408.9742736816406,,,,,0.0,0.0,0.0,-5.908517360687256,-0.2529556155204773,1.2393358945846558,1.2393358945846558
16,5,1606.2412109375,426.4117126464844,1606.2412109375,426.4117126464844,1606.2412109375,426.4117126464844,,,,,0.0,0.0,0.0,-0.21725817024707794,-0.46801841259002686,1.247039556503296,1.247039556503296
16,6,1748.4771728515625,457.71832275390625,1748.4771728515625,457.71832275390625,1748.4771728515625,457.71832275390625,,,,,0.0,0.0,0.0,-0.007376376539468765,0.01755504123866558,1.4202992916107178,1.4202992916107178
16,7,1021.22607421875,427.4815673828125,1021.22607421875,427.4815673828125,1021.22607421875,427.4815673828125,,,,,0.0,0.0,0.0,-3.4785428047180176,1.407554030418396,1.4135164022445679,1.4135164022445679
16,8,1466.4788818359375,438.5837097167969,1466.4788818359375,438.5837097167969,1466.4788818359375,438.5837097167969,,,,,0.0,0.0,0.0,-0.011866047978401184,-0.02627064846456051,1.4120721817016602,1.4120721817016602
16,9,1602.9998779296875,443.909423828125,1602.9998779296875,443.909423828125,1602.9998779296875,443.909423828125,,,,,0.0,0.0,0.0,-0.15249978005886078,0.21502840518951416,1.415887475013733,1.415887475013733
16,10,1501.0709228515625,333.01934814453125,1501.0709228515625,333.01934814453125,1501.0709228515625,333.01934814453125,,,,,0.0,0.0,0.0,-0.21479828655719757,-0.39772725105285645,1.4361398220062256,1.4361398220062256
16,11,1366.275146484375,289.7228088378906,1366.275146484375,289.7228088378906,1366.275146484375,289.7228088378906,,,,,0.0,0.0,0.0,0.0,0.0,1.0,1.0
17,0,516.475830078125,713.1363525390625,516.475830078125,713.1363525390625,516.475830078125,713.1363525390625,,,,,0.0,0.0,0.0,0.9953635931015015,-0.4541819393634796,1.4443252086639404,1.4443252086639404
17,1,291.7066955566406,813.34375,291.7066955566406,813.34375,291.7066955566406,813.34375,,,,,0.0,0.0,0.0,2.065279245376587,-1.0495281219482422,1.4642738103866577,1.4642738103866577
17,2,704.755859375,620.7825317382812,704.755859375,620.7825317382812,704.755859375,620.7825317382812,,,,,0.0,0.0,0.0,-0.001933724619448185,-0.0018178794998675585,1.7150834798812866,1.7150834798812866
17,3,986.6947021484375,413.0379943847656,986.6947021484375,413.0379943847656,986.6947021484375,413.0379943847656,,,,,0.0,0.0,0.0,-2.7158632278442383,1.1956549882888794,1.4219708442687988,1.4219708442687988
17,4,195.2272491455078,408.7142333984375,195.2272491455078,408.7142333984375,195.2272491455078,408.7142333984375,,,,,0.0,0.0,0.0,-5.9187703132629395,-0.25358083844184875,1.419871211051941,1.419871211051941
17,5,1605.1578369140625,424.2385559082031,1605.1578369140625,424.2385559082031,1605.1578369140625,424.2385559082031,,,,,0.0,0.0,0.0,-0.2934476137161255,-0.6180280447006226,1.4275236129760742,1.4275236129760742
17,6,1748.4698486328125,457.7358703613281,1748.4698486328125,457.7358703613281,1748.4698486328125,457.7358703613281,,,,,0.0,0.0,0.0,-0.007155085448175669,0.017028391361236572,1.7072216272354126,1.7072216272354126
17,7,1017.74755859375,428.8891296386719,1017.74755859375,428.8891296386719,1017.74755859375,428.8891296386719,,,,,0.0,0.0,0.0,-3.3741865158081055,1.3653274774551392,1.690178632736206,1.690178632736206
17,8,1466.467041015625,438.55743408203125,1466.467041015625,438.55743408203125,1466.467041015625,438.55743408203125,,,,,0.0,0.0,0.0,-0.01151006668806076,-0.025482529774308205,1.6865636110305786,1.6865636110305786
17,9,1602.847412109375,444.12445068359375,1602.847412109375,444.12445068359375,1602.847412109375,444.12445068359375,,,,,0.0,0.0,0.0,-0.14792479574680328,0.20857755839824677,1.6961238384246826,1.6961238384246826
17,10,1500.8988037109375,332.9603576660156,1500.8988037109375,332.9603576660156,1500.8988037109375,332.9603576660156,,,,,0.0,0.0,0.0,-0.21012763679027557,-0.3607169985771179,1.7038568258285522,1.7038568258285522
17,11,1366.7552490234375,289.6639099121094,1366.7552490234375,289.6639099121094,1366.7552490234375,289.6639099121094,,,,,0.0,0.0,0.0,0.23913666605949402,-0.02933860570192337,1.881621241569519,1.881621241569519
18,0,516.9091796875,712.9396362304688,516.9091796875,712.9396362304688,516.9091796875,712.9396362304688,,,,,0.0,0.0,0.0,0.9449486136436462,-0.43108871579170227,1.6488063335418701,1.6488063335418701
18,1,292.576904296875,812.75830078125,292.576904296875,812.75830078125,292.576904296875,812.75830078125,,,,,0.0,0.0,0.0,1.9542421102523804,-1.0064119100570679,1.6828759908676147,1.6828759908676147
18,2,704.75390625,620.7807006835938,704.75390625,620.7807006835938,704.75390625,620.7807006835938,,,,,0.0,0.0,0.0,-0.0018757128855213523,-0.0017633431125432253,2.057701349258423,2.057701349258423
18,3,985.9550170898438,414.4191589355469,985.9550170898438,414.4191589355469,985.9550170898438,414.4191589355469,,,,,0.0,0.0,0.0,-2.545973062515259,1.2116031646728516,1.6107020378112793,1.6107020378112793
18,4,188.96710205078125,408.4949035644531,188.96710205078125,408.4949035644531,188.96710205078125,408.4949035644531,,,,,0.0,0.0,0.0,-5.947994709014893,-0.2506495714187622,1.6071267127990723,1.6071267127990723
18,5,1603.91943359375,421.82550048828125,1603.91943359375,421.82550048828125,1603.91943359375,421.82550048828125,,,,,0.0,0.0,0.0,-0.374260812997818,-0.7715401649475098,1.6150504350662231,1.6150504350662231
18,6,1748.462646484375,457.7528991699219,1748.462646484375,457.7528991699219,1748.462646484375,457.7528991699219,,,,,0.0,0.0,0.0,-0.006940433289855719,0.01651754043996334,2.042660713195801,2.042660713195801
18,7,1014.3733520507812,430.25445556640625,1014.3733520507812,430.25445556640625,1014.3733520507812,430.25445556640625,,,,,0.0,0.0,0.0,-3.272960901260376,1.324367642402649,2.0101256370544434,2.0101256370544434
18,8,1466.45556640625,438.5319519042969,1466.45556640625,438.5319519042969,1466.45556640625,438.5319519042969,,,,,0.0,0.0,0.0,-0.011164764873683453,-0.02471805550158024,2.0032365322113037,2.0032365322113037
18,9,1602.699462890625,444.3330383300781,1602.699462890625,444.3330383300781,1602.699462890625,444.3330383300781,,,,,0.0,0.0,0.0,-0.14348705112934113,0.20232023298740387,2.0214641094207764,2.0214641094207764
18,10,1500.711669921875,332.9732666015625,1500.711669921875,332.9732666015625,1500.711669921875,332.9732666015625,,,,,0.0,0.0,0.0,-0.20775961875915527,-0.3222056031227112,1.9762787818908691,1.9762787818908691
18,11,1367.787109375,289.5597229003906,1367.787109375,289.5597229003906,1367.787109375,289.5597229003906,,,,,0.0,0.0,0.0,0.5585398077964783,-0.059500694274902344,4.0884928703308105,4.0884928703308105
19,0,517.15576171875,712.8119506835938,517.15576171875,712.8119506835938,517.15576171875,712.8119506835938,,,,,0.0,0.0,0.0,0.8839817643165588,-0.4046005308628082,1.858397126197815,1.858397126197815
19,1,293.18634033203125,812.3189086914062,293.18634033203125,812.3189086914062,293.18634033203125,812.3189086914062,,,,,0.0,0.0,0.0,1.8321436643600464,-0.95493084192276,1.9093236923217773,1.9093236923217773
19,2,704.7520141601562,620.7789306640625,704.7520141601562,620.7789306640625,704.7520141601562,620.7789306640625,,,,,0.0,0.0,0.0,-0.0018194415606558323,-0.0017104428261518478,2.454967737197876,2.454967737197876
19,3,985.5674438476562,415.81146240234375,985.5674438476562,415.81146240234375,985.5674438476562,415.81146240234375,,,,,0.0,0.0,0.0,-2.366441249847412,1.2266321182250977,1.8014036417007446,1.8014036417007446
19,4,182.68276977539062,408.28900146484375,182.68276977539062,408.28900146484375,182.68276977539062,408.28900146484375,,,,,0.0,0.0,0.0,-5.975836277008057,-0.24694716930389404,1.7960537672042847,1.7960537672042847
19,5,1602.548828125,419.1805114746094,1602.548828125,419.1805114746094,1602.548828125,419.1805114746094,,,,,0.0,0.0,0.0,-0.45677533745765686,-0.9267036318778992,1.8045541048049927,1.8045541048049927
19,6,1748.4556884765625,457.7694091796875,1748.4556884765625,457.7694091796875,1748.4556884765625,457.7694091796875,,,,,0.0,0.0,0.0,-0.00673222029581666,0.01602201536297798,2.4299373626708984,2.4299373626708984
19,7,1011.1004028320312,431.5788269042969,1011.1004028320312,431.5788269042969,1011.1004028320312,431.5788269042969,,,,,0.0,0.0,0.0,-3.174772262573242,1.2846366167068481,2.375865936279297,2.375865936279297
19,8,1466.4444580078125,438.5072326660156,1466.4444580078125,438.5072326660156,1466.4444580078125,438.5072326660156,,,,,0.0,0.0,0.0,-0.010829822160303593,-0.023976514115929604,2.364429235458374,2.364429235458374
19,9,1602.5560302734375,444.5353698730469,1602.5560302734375,444.5353698730469,1602.5560302734375,444.5353698730469,,,,,0.0,0.0,0.0,-0.139182448387146,0.19625063240528107,2.3946986198425293,2.3946986198425293
19,10,1500.5224609375,333.0851745605469,1500.5224609375,333.0851745605469,1500.5224609375,333.0851745605469,,,,,0.0,0.0,0.0,-0.20595361292362213,-0.2800537347793579,2.2417585849761963,2.2417585849761963
19,11,1369.1719970703125,289.5372314453125,1369.1719970703125,289.5372314453125,1369.1719970703125,289.5372314453125,,,,,0.0,0.0,0.0,0.8100793361663818,-0.048232223838567734,6.474789619445801,6.474789619445801
20,0,517.280029296875,712.7142333984375,517.280029296875,712.7142333984375,517.280029296875,712.7142333984375,,,,,0.0,0.0,0.0,0.8196293115615845,-0.3786042332649231,2.0671803951263428,2.0671803951263428
20,1,293.60968017578125,811.968505859375,293.60968017578125,811.968505859375,293.60968017578125,811.968505859375,,,,,0.0,0.0,0.0,1.7076764106750488,-0.9015184640884399,2.1367948055267334,2.1367948055267334
20,2,704.7501831054688,620.7772216796875,704.7501831054688,620.7772216796875,704.7501831054688,620.7772216796875,,,,,0.0,0.0,0.0,-0.0017648583743721247,-0.001659129629842937,2.910583257675171,2.910583257675171
20,3,985.5032348632812,417.1788024902344,985.5032348632812,417.1788024902344,985.5032348632812,417.1788024902344,,,,,0.0,0.0,0.0,-2.181457281112671,1.2379395961761475,1.989069938659668,1.989069938659668
20,4,176.26454162597656,408.10845947265625,176.26454162597656,408.10845947265625,176.26454162597656,408.10845947265625,,,,,0.0,0.0,0.0,-6.011194229125977,-0.24163907766342163,1.9817267656326294,1.9817267656326294
20,5,1601.0645751953125,416.3979187011719,1601.0645751953125,416.3979187011719,1601.0645751953125,416.3979187011719,,,,,0.0,0.0,0.0,-0.5390335321426392,-1.0752936601638794,1.9910695552825928,1.9910695552825928
20,6,1748.448974609375,457.7854309082031,1748.448974609375,457.7854309082031,1748.448974609375,457.7854309082031,,,,,0.0,0.0,0.0,-0.006530253682285547,0.01554135512560606,2.8723723888397217,2.8723723888397217
20,7,1007.9256591796875,432.86346435546875,1007.9256591796875,432.86346435546875,1007.9256591796875,432.86346435546875,,,,,0.0,0.0,0.0,-3.079529285430908,1.2460975646972656,2.7899081707000732,2.7899081707000732
20,8,1466.43359375,438.4832458496094,1466.43359375,438.4832458496094,1466.43359375,438.4832458496094,,,,,0.0,0.0,0.0,-0.01050492748618126,-0.023257220163941383,2.772480010986328,2.772480010986328
20,9,1602.4168701171875,444.73162841796875,1602.4168701171875,444.73162841796875,1602.4168701171875,444.73162841796875,,,,,0.0,0.0,0.0,-0.13500697910785675,0.19036312401294708,2.818617820739746,2.818617820739746
20,10,1500.3665771484375,333.2020568847656,1500.3665771484375,333.2020568847656,1500.3665771484375,333.2020568847656,,,,,0.0,0.0,0.0,-0.2013738602399826,-0.24370725452899933,2.4902470111846924,2.4902470111846924
20,11,1370.1981201171875,289.6675109863281,1370.1981201171875,289.6675109863281,1370.1981201171875,289.6675109863281,,,,,0.0,0.0,0.0,0.8620052337646484,-0.00534416688606143,8.116421699523926,8.116421699523926
21,0,521.2101440429688,711.6634521484375,521.2101440429688,711.6634521484375,521.2101440429688,711.6634521484375,,,,,0.0,0.0,0.0,1.0749729871749878,-0.4337828457355499,1.102195382118225,1.102195382118225
21,1,299.8066101074219,809.55908203125,299.8066101074219,809.55908203125,299.8066101074219,809.55908203125,,,,,0.0,0.0,0.0,2.092822551727295,-1.0308877229690552,1.1227933168411255,1.1227933168411255
21,2,704.7548217773438,620.7521362304688,704.7548217773438,620.7521362304688,704.7548217773438,620.7521362304688,,,,,0.0,0.0,0.0,-0.0012634416343644261,-0.0034956440795212984,1.263114094734192,1.263114094734192
21,3,972.1685791015625,416.8293762207031,972.1685791015625,416.8293762207031,972.1685791015625,416.8293762207031,,,,,0.0,0.0,0.0,-3.0468573570251465,1.1147723197937012,1.077962875366211,1.077962875366211
21,4,166.79034423828125,406.9570007324219,166.79034423828125,406.9570007324219,166.79034423828125,406.9570007324219,,,,,0.0,0.0,0.0,-6.278357982635498,-0.31182992458343506,1.0756208896636963,1.0756208896636963
21,5,1604.8819580078125,422.9269714355469,1604.8819580078125,422.9269714355469,1604.8819580078125,422.9269714355469,,,,,0.0,0.0,0.0,-0.20201605558395386,-0.48701998591423035,1.078193187713623,1.078193187713623
21,6,1748.4066162109375,457.6929931640625,1748.4066162109375,457.6929931640625,1748.4066162109375,457.6929931640625,,,,,0.0,0.0,0.0,-0.009300030767917633,0.007220211438834667,1.255576729774475,1.255576729774475
21,7,1000.5427856445312,435.4459533691406,1000.5427856445312,435.4459533691406,1000.5427856445312,435.4459533691406,,,,,0.0,0.0,0.0,-3.3985183238983154,1.3451589345932007,1.2387853860855103,1.2387853860855103
21,8,1466.4720458984375,438.4373474121094,1466.4720458984375,438.4373474121094,1466.4720458984375,438.4373474121094,,,,,0.0,0.0,0.0,-0.00690433057025075,-0.024920418858528137,1.2351417541503906,1.2351417541503906
21,9,1601.884765625,445.223876953125,1601.884765625,445.223876953125,1601.884765625,445.223876953125,,,,,0.0,0.0,0.0,-0.16485750675201416,0.21305511891841888,1.2447147369384766,1.2447147369384766
21,10,1499.29248046875,330.1317443847656,1499.29248046875,330.1317443847656,1499.29248046875,330.1317443847656,,,,,0.0,0.0,0.0,-0.2768966257572174,-0.4883323311805725,1.1974470615386963,1.1974470615386963
21,11,1358.4273681640625,293.2873229980469,1358.4273681640625,293.2873229980469,1358.4273681640625,293.2873229980469,,,,,0.0,0.0,0.0,-1.6333246231079102,0.7107255458831787,1.7251567840576172,1.7251567840576172
22,0,521.6759643554688,711.4698486328125,521.6759643554688,711.4698486328125,521.6759643554688,711.4698486328125,,,,,0.0,0.0,0.0,1.0241824388504028,-0.4137573540210724,1.258562445640564,1.258562445640564
22,1,300.8662414550781,809.0123291015625,300.8662414550781,809.0123291015625,300.8662414550781,809.0123291015625,,,,,0.0,0.0,0.0,2.0020785331726074,-0.9883665442466736,1.2942909002304077,1.2942909002304077
22,2,704.7535400390625,620.7486572265625,704.7535400390625,620.7486572265625,704.7535400390625,620.7486572265625,,,,,0.0,0.0,0.0,-0.0012255384353920817,-0.003390774829313159,1.493912696838379,1.493912696838379
22,3,970.9029541015625,418.0676574707031,970.9029541015625,418.0676574707031,970.9029541015625,418.0676574707031,,,,,0.0,0.0,0.0,-2.9080426692962646,1.1243972778320312,1.2169023752212524,1.2169023752212524
22,4,160.43197631835938,406.70623779296875,160.43197631835938,406.70623779296875,160.43197631835938,406.70623779296875,,,,,0.0,0.0,0.0,-6.284550666809082,-0.3071029484272003,1.212895393371582,1.212895393371582
22,5,1603.862548828125,421.11602783203125,1603.862548828125,421.11602783203125,1603.862548828125,421.11602783203125,,,,,0.0,0.0,0.0,-0.26556938886642456,-0.5899617671966553,1.2166290283203125,1.2166290283203125
22,6,1748.3973388671875,457.7002258300781,1748.3973388671875,457.7002258300781,1748.3973388671875,457.7002258300781,,,,,0.0,0.0,0.0,-0.009021029807627201,0.007003605365753174,1.4793180227279663,1.4793180227279663
22,7,997.144287109375,436.7911071777344,997.144287109375,436.7911071777344,997.144287109375,436.7911071777344,,,,,0.0,0.0,0.0,-3.296562910079956,1.3048042058944702,1.4470090866088867,1.4470090866088867
22,8,1466.465087890625,438.41241455078125,1466.465087890625,438.41241455078125,1466.465087890625,438.41241455078125,,,,,0.0,0.0,0.0,-0.006697200704365969,-0.02417280711233616,1.4400335550308228,1.4400335550308228
22,9,1601.7198486328125,445.4369201660156,1601.7198486328125,445.4369201660156,1601.7198486328125,445.4369201660156,,,,,0.0,0.0,0.0,-0.15991178154945374,0.20666347444057465,1.458386778831482,1.458386778831482
22,10,1499.0960693359375,329.9776611328125,1499.0960693359375,329.9776611328125,1499.0960693359375,329.9776611328125,,,,,0.0,0.0,0.0,-0.27005988359451294,-0.45990896224975586,1.365181803703308,1.365181803703308
22,11,1357.74658203125,293.7705078125,1357.74658203125,293.7705078125,1357.74658203125,293.7705078125,,,,,0.0,0.0,0.0,-1.4637690782546997,0.6702184081077576,2.3268444538116455,2.3268444538116455
23,0,521.9629516601562,711.346923828125,521.9629516601562,711.346923828125,521.9629516601562,711.346923828125,,,,,0.0,0.0,0.0,0.9626017808914185,-0.38946473598480225,1.428837537765503,1.428837537765503
23,1,301.65557861328125,808.6236572265625,301.65557861328125,808.6236572265625,301.65557861328125,808.6236572265625,,,,,0.0,0.0,0.0,1.8949121236801147,-0.9353764057159424,1.4834295511245728,1.4834295511245728
23,2,704.7523193359375,620.7452392578125,704.7523193359375,620.7452392578125,704.7523193359375,620.7452392578125,,,,,0.0,0.0,0.0,-0.001188772264868021,-0.0032890515867620707,1.7675731182098389,1.7675731182098389
23,3,969.97021484375,419.2922668457031,969.97021484375,419.2922668457031,969.97021484375,419.2922668457031,,,,,0.0,0.0,0.0,-2.7548959255218506,1.1321682929992676,1.3654404878616333,1.3654404878616333
23,4,154.07659912109375,406.4787902832031,154.07659912109375,406.4787902832031,154.07659912109375,406.4787902832031,,,,,0.0,0.0,0.0,-6.289999008178711,-0.30097436904907227,1.3593556880950928,1.3593556880950928
23,5,1602.7100830078125,419.12451171875,1602.7100830078125,419.12451171875,1602.7100830078125,419.12451171875,,,,,0.0,0.0,0.0,-0.3342044949531555,-0.6984344124794006,1.3646979331970215,1.3646979331970215
23,6,1748.3883056640625,457.70721435546875,1748.3883056640625,457.70721435546875,1748.3883056640625,457.70721435546875,,,,,0.0,0.0,0.0,-0.008750399574637413,0.00679349759593606,1.7430270910263062,1.7430270910263062
23,7,993.8477172851562,438.0959167480469,993.8477172851562,438.0959167480469,993.8477172851562,438.0959167480469,,,,,0.0,0.0,0.0,-3.1976661682128906,1.2656601667404175,1.6889066696166992,1.6889066696166992
23,8,1466.4583740234375,438.38824462890625,1466.4583740234375,438.38824462890625,1466.4583740234375,438.38824462890625,,,,,0.0,0.0,0.0,-0.00649628508836031,-0.02344762347638607,1.6772602796554565,1.6772602796554565
23,9,1601.5599365234375,445.6435852050781,1601.5599365234375,445.6435852050781,1601.5599365234375,445.6435852050781,,,,,0.0,0.0,0.0,-0.15511442720890045,0.20046357810497284,1.707931637763977,1.707931637763977
23,10,1498.9130859375,329.8952331542969,1498.9130859375,329.8952331542969,1498.9130859375,329.8952331542969,,,,,0.0,0.0,0.0,-0.26283422112464905,-0.4285828471183777,1.5402165651321411,1.5402165651321411
23,11,1357.4107666015625,294.1678466796875,1357.4107666015625,294.1678466796875,1357.4107666015625,294.1678466796875,,,,,0.0,0.0,0.0,-1.2850761413574219,0.6269866824150085,2.9453415870666504,2.9453415870666504
24,0,522.0955200195312,711.2857666015625,522.0955200195312,711.2857666015625,522.0955200195312,711.2857666015625,,,,,0.0,0.0,0.0,0.8937972784042358,-0.3622482120990753,1.6093969345092773,1.6093969345092773
24,1,302.1927795410156,808.351806640625,302.1927795410156,808.351806640625,302.1927795410156,808.351806640625,,,,,0.0,0.0,0.0,1.7756319046020508,-0.8770864009857178,1.6857959032058716,1.6857959032058716
24,2,704.7511596679688,620.741943359375,704.7511596679688,620.741943359375,704.7511596679688,620.741943359375,,,,,0.0,0.0,0.0,-0.0011531091295182705,-0.0031903800554573536,2.087796211242676,2.087796211242676
24,3,969.32373046875,420.5087585449219,969.32373046875,420.5087585449219,969.32373046875,420.5087585449219,,,,,0.0,0.0,0.0,-2.5933587551116943,1.1386295557022095,1.520735740661621,1.520735740661621
24,4,147.69924926757812,406.2819519042969,147.69924926757812,406.2819519042969,147.69924926757812,406.2819519042969,,,,,0.0,0.0,0.0,-6.296636581420898,-0.2930622696876526,1.5122281312942505,1.5122281312942505
24,5,1601.4222412109375,416.96368408203125,1601.4222412109375,416.96368408203125,1601.4222412109375,416.96368408203125,,,,,0.0,0.0,0.0,-0.4071628451347351,-0.8103222250938416,1.5195621252059937,1.5195621252059937
24,6,1748.3795166015625,457.7140197753906,1748.3795166015625,457.7140197753906,1748.3795166015625,457.7140197753906,,,,,0.0,0.0,0.0,-0.008487887680530548,0.006589693017303944,2.0500245094299316,2.0500245094299316
24,7,990.6500244140625,439.361572265625,990.6500244140625,439.361572265625,990.6500244140625,439.361572265625,,,,,0.0,0.0,0.0,-3.101736307144165,1.22769033908844,1.9669866561889648,1.9669866561889648
24,8,1466.451904296875,438.36480712890625,1466.451904296875,438.36480712890625,1466.451904296875,438.36480712890625,,,,,0.0,0.0,0.0,-0.006301396526396275,-0.022744195535779,1.9491602182388306,1.9491602182388306
24,9,1601.40478515625,445.84405517578125,1601.40478515625,445.84405517578125,1601.40478515625,445.84405517578125,,,,,0.0,0.0,0.0,-0.15046100318431854,0.19444967806339264,1.996139645576477,1.996139645576477
24,10,1498.7415771484375,329.8883972167969,1498.7415771484375,329.8883972167969,1498.7415771484375,329.8883972167969,,,,,0.0,0.0,0.0,-0.2554655075073242,-0.39456021785736084,1.7182449102401733,1.7182449102401733
24,11,1357.3287353515625,294.47283935546875,1357.3287353515625,294.47283935546875,1357.3287353515625,294.47283935546875,,,,,0.0,0.0,0.0,-1.1150435209274292,0.5814753770828247,3.515678882598877,3.515678882598877
25,0,522.109130859375,711.286376953125,522.109130859375,711.286376953125,522.109130859375,711.286376953125,,,,,0.0,0.0,0.0,0.8218715786933899,-0.332594633102417,1.7960084676742554,1.7960084676742554
25,1,302.5068359375,808.220458984375,302.5068359375,808.220458984375,302.5068359375,808.220458984375,,,,,0.0,0.0,0.0,1.6489874124526978,-0.8124677538871765,1.8960833549499512,1.8960833549499512
25,2,704.75,620.73876953125,704.75,620.73876953125,704.75,620.73876953125,,,,,0.0,0.0,0.0,-0.0011185158509761095,-0.003094668732956052,2.458282947540283,2.458282947540283
25,3,968.949462890625,421.71820068359375,968.949462890625,421.71820068359375,968.949462890625,421.71820068359375,,,,,0.0,0.0,0.0,-2.426117420196533,1.1439650058746338,1.6796261072158813,1.6796261072158813
25,4,141.34190368652344,406.0890197753906,141.34190368652344,406.0890197753906,141.34190368652344,406.0890197753906,,,,,0.0,0.0,0.0,-6.301172733306885,-0.2855815887451172,1.668443202972412,1.668443202972412
25,5,1600.0123291015625,414.657470703125,1600.0123291015625,414.657470703125,1600.0123291015625,414.657470703125,,,,,0.0,0.0,0.0,-0.4826512932777405,-0.9229321479797363,1.6780627965927124,1.6780627965927124
25,6,1748.3709716796875,457.7206115722656,1748.3709716796875,457.7206115722656,1748.3709716796875,457.7206115722656,,,,,0.0,0.0,0.0,-0.008233251050114632,0.006392002571374178,2.4036314487457275,2.4036314487457275
25,7,987.5482788085938,440.5892639160156,987.5482788085938,440.5892639160156,987.5482788085938,440.5892639160156,,,,,0.0,0.0,0.0,-3.0086843967437744,1.1908596754074097,2.2837576866149902,2.2837576866149902
25,8,1466.445556640625,438.3420715332031,1466.445556640625,438.3420715332031,1466.445556640625,438.3420715332031,,,,,0.0,0.0,0.0,-0.0061123548075556755,-0.022061869502067566,2.2580716609954834,2.2580716609954834
25,9,1601.2542724609375,446.03851318359375,1601.2542724609375,446.03851318359375,1601.2542724609375,446.03851318359375,,,,,0.0,0.0,0.0,-0.1459471732378006,0.18861618638038635,2.325801134109497,2.325801134109497
25,10,1498.5858154296875,329.9341125488281,1498.5858154296875,329.9341125488281,1498.5858154296875,329.9341125488281,,,,,0.0,0.0,0.0,-0.24765744805335999,-0.36010873317718506,1.8949406147003174,1.8949406147003174
25,11,1357.443603515625,294.7154235839844,1357.443603515625,294.7154235839844,1357.443603515625,294.7154235839844,,,,,0.0,0.0,0.0,-0.9588079452514648,0.5384223461151123,3.992307662963867,3.992307662963867
26,0,525.3423461914062,710.5762329101562,525.3423461914062,710.5762329101562,525.3423461914062,710.5762329101562,,,,,0.0,0.0,0.0,1.0152873992919922,-0.36287954449653625,1.0302225351333618,1.0302225351333618
26,1,309.2957763671875,805.197998046875,309.2957763671875,805.197998046875,309.2957763671875,805.197998046875,,,,,0.0,0.0,0.0,2.0859763622283936,-1.0003604888916016,1.062774896621704,1.062774896621704
26,2,704.7993774414062,620.7597045898438,704.7993774414062,620.7597045898438,704.7993774414062,620.7597045898438,,,,,0.0,0.0,0.0,0.002731738844886422,-0.0012602973729372025,1.1807866096496582,1.1807866096496582
26,3,955.4537353515625,422.1922302246094,955.4537353515625,422.1922302246094,955.4537353515625,422.1922302246094,,,,,0.0,0.0,0.0,-3.2442731857299805,1.094451665878296,0.989616870880127,0.989616870880127
26,4,133.15696716308594,405.354248046875,133.15696716308594,405.354248046875,133.15696716308594,405.354248046875,,,,,0.0,0.0,0.0,-6.439172267913818,-0.3184872269630432,0.9855472445487976,0.9855472445487976
26,5,1604.427734375,423.51177978515625,1604.427734375,423.51177978515625,1604.427734375,423.51177978515625,,,,,0.0,0.0,0.0,-0.12097419053316116,-0.20096872746944427,0.9890637397766113,0.9890637397766113
26,6,1748.426513671875,457.97100830078125,1748.426513671875,457.97100830078125,1748.426513671875,457.97100830078125,,,,,0.0,0.0,0.0,-0.0034856123384088278,0.02457004226744175,1.1679095029830933,1.1679095029830933
26,7,978.9420166015625,443.3795471191406,978.9420166015625,443.3795471191406,978.9420166015625,443.3795471191406,,,,,0.0,0.0,0.0,-3.4015674591064453,1.3031196594238281,1.1382520198822021,1.1382520198822021
26,8,1466.495361328125,438.3831787109375,1466.495361328125,438.3831787109375,1466.495361328125,438.3831787109375,,,,,0.0,0.0,0.0,-0.0022407846990972757,-0.01769081875681877,1.1316301822662354,1.1316301822662354
26,9,1602.1768798828125,444.7538146972656,1602.1768798828125,444.7538146972656,1602.1768798828125,444.7538146972656,,,,,0.0,0.0,0.0,-0.0692724734544754,0.0828997939825058,1.1488828659057617,1.1488828659057617
26,10,1497.616943359375,328.2235107421875,1497.616943359375,328.2235107421875,1497.616943359375,328.2235107421875,,,,,0.0,0.0,0.0,-0.302351713180542,-0.4625350832939148,1.0519297122955322,1.0519297122955322
26,11,1349.26416015625,297.4353942871094,1349.26416015625,297.4353942871094,1349.26416015625,297.4353942871094,,,,,0.0,0.0,0.0,-1.7902154922485352,0.7896148562431335,1.4361023902893066,1.4361023902893066
27,0,525.6475219726562,710.4676513671875,525.6475219726562,710.4676513671875,525.6475219726562,710.4676513671875,,,,,0.0,0.0,0.0,0.9567707180976868,-0.34192630648612976,1.1772112846374512,1.1772112846374512
27,1,310.19097900390625,804.79541015625,310.19097900390625,804.79541015625,310.19097900390625,804.79541015625,,,,,0.0,0.0,0.0,1.981454849243164,-0.9478916525840759,1.2278355360031128,1.2278355360031128
27,2,704.8021240234375,620.7584228515625,704.8021240234375,620.7584228515625,704.8021240234375,620.7584228515625,,,,,0.0,0.0,0.0,0.002649786649271846,-0.0012224884703755379,1.393202543258667,1.393202543258667
27,3,954.0521240234375,423.3494873046875,954.0521240234375,423.3494873046875,954.0521240234375,423.3494873046875,,,,,0.0,0.0,0.0,-3.105452060699463,1.0991829633712769,1.114863634109497,1.114863634109497
27,4,126.76727294921875,405.10052490234375,126.76727294921875,405.10052490234375,126.76727294921875,405.10052490234375,,,,,0.0,0.0,0.0,-6.435481548309326,-0.3136572539806366,1.1086570024490356,1.1086570024490356
27,5,1603.4761962890625,422.0458068847656,1603.4761962890625,422.0458068847656,1603.4761962890625,422.0458068847656,,,,,0.0,0.0,0.0,-0.18349477648735046,-0.29619356989860535,1.114080548286438,1.114080548286438
27,6,1748.4229736328125,457.9955749511719,1748.4229736328125,457.9955749511719,1748.4229736328125,457.9955749511719,,,,,0.0,0.0,0.0,-0.003381044138222933,0.02383294142782688,1.3713529109954834,1.3713529109954834
27,7,975.5404663085938,444.68267822265625,975.5404663085938,444.68267822265625,975.5404663085938,444.68267822265625,,,,,0.0,0.0,0.0,-3.299520492553711,1.264026165008545,1.321472406387329,1.321472406387329
27,8,1466.4931640625,438.365478515625,1466.4931640625,438.365478515625,1466.4931640625,438.365478515625,,,,,0.0,0.0,0.0,-0.0021735611371695995,-0.017160095274448395,1.3104130029678345,1.3104130029678345
27,9,1602.107666015625,444.8367004394531,1602.107666015625,444.8367004394531,1602.107666015625,444.8367004394531,,,,,0.0,0.0,0.0,-0.06719429790973663,0.08041280508041382,1.3392850160598755,1.3392850160598755
27,10,1497.4283447265625,328.1188659667969,1497.4283447265625,328.1188659667969,1497.4283447265625,328.1188659667969,,,,,0.0,0.0,0.0,-0.29365918040275574,-0.4351969361305237,1.1847929954528809,1.1847929954528809
27,11,1348.352783203125,297.9388122558594,1348.352783203125,297.9388122558594,1348.352783203125,297.9388122558594,,,,,0.0,0.0,0.0,-1.6942192316055298,0.7583494782447815,1.7037397623062134,1.7037397623062134
28,0,525.8480224609375,710.4320068359375,525.8480224609375,710.4320068359375,525.8480224609375,710.4320068359375,,,,,0.0,0.0,0.0,0.8938159942626953,-0.31642958521842957,1.3397895097732544,1.3397895097732544
28,1,310.83807373046875,804.5450439453125,310.83807373046875,804.5450439453125,310.83807373046875,804.5450439453125,,,,,0.0,0.0,0.0,1.8629599809646606,-0.8859490752220154,1.4121804237365723,1.4121804237365723
28,2,704.8047485351562,620.7572021484375,704.8047485351562,620.7572021484375,704.8047485351562,620.7572021484375,,,,,0.0,0.0,0.0,0.0025702931452542543,-0.0011858138022944331,1.647157073020935,1.647157073020935
28,3,952.9646606445312,424.4796142578125,952.9646606445312,424.4796142578125,952.9646606445312,424.4796142578125,,,,,0.0,0.0,0.0,-2.952422618865967,1.1015300750732422,1.251311182975769,1.251311182975769
28,4,120.33065795898438,404.88177490234375,120.33065795898438,404.88177490234375,120.33065795898438,404.88177490234375,,,,,0.0,0.0,0.0,-6.435566425323486,-0.30653324723243713,1.2425384521484375,1.2425384521484375
28,5,1602.3935546875,420.3928527832031,1602.3935546875,420.3928527832031,1602.3935546875,420.3928527832031,,,,,0.0,0.0,0.0,-0.2516334652900696,-0.39900222420692444,1.2502861022949219,1.2502861022949219
28,6,1748.4195556640625,458.0194091796875,1748.4195556640625,458.0194091796875,1748.4195556640625,458.0194091796875,,,,,0.0,0.0,0.0,-0.0032796128652989864,0.023117953911423683,1.613172173500061,1.613172173500061
28,7,972.240966796875,445.94671630859375,972.240966796875,445.94671630859375,972.240966796875,445.94671630859375,,,,,0.0,0.0,0.0,-3.2005350589752197,1.2261054515838623,1.536096453666687,1.536096453666687
28,8,1466.490966796875,438.34832763671875,1466.490966796875,438.34832763671875,1466.490966796875,438.34832763671875,,,,,0.0,0.0,0.0,-0.002108354354277253,-0.016645293682813644,1.5190980434417725,1.5190980434417725
28,9,1602.04052734375,444.9171142578125,1602.04052734375,444.9171142578125,1602.04052734375,444.9171142578125,,,,,0.0,0.0,0.0,-0.06517846882343292,0.07800042629241943,1.5635424852371216,1.5635424852371216
28,10,1497.2608642578125,328.0808410644531,1497.2608642578125,328.0808410644531,1497.2608642578125,328.0808410644531,,,,,0.0,0.0,0.0,-0.28404343128204346,-0.4049351215362549,1.3272322416305542,1.3272322416305542
28,11,1346.400146484375,298.9544677734375,1346.400146484375,298.9544677734375,1346.400146484375,298.9544677734375,,,,,0.0,0.0,0.0,-1.7208460569381714,0.7848638296127319,1.9760518074035645,1.9760518074035645
29,0,525.9334106445312,710.4346313476562,525.9334106445312,710.4346313476562,525.9334106445312,710.4346313476562,,,,,0.0,0.0,0.0,0.8266552090644836,-0.28992608189582825,1.5147639513015747,1.5147639513015747
29,1,311.2082824707031,804.4588623046875,311.2082824707031,804.4588623046875,311.2082824707031,804.4588623046875,,,,,0.0,0.0,0.0,1.7307149171829224,-0.815097451210022,1.6117020845413208,1.6117020845413208
29,2,704.8073120117188,620.7560424804688,704.8073120117188,620.7560424804688,704.8073120117188,620.7560424804688,,,,,0.0,0.0,0.0,0.0024931845255196095,-0.0011502393754199147,1.9463509321212769,1.9463509321212769
29,3,952.1892700195312,425.61090087890625,952.1892700195312,425.61090087890625,952.1892700195312,425.61090087890625,,,,,0.0,0.0,0.0,-2.7877731323242188,1.103780746459961,1.3966944217681885,1.3966944217681885
29,4,113.86253356933594,404.67572021484375,113.86253356933594,404.67572021484375,113.86253356933594,404.67572021484375,,,,,0.0,0.0,0.0,-6.438003063201904,-0.2990151345729828,1.3850075006484985,1.3850075006484985
29,5,1601.149169921875,418.539306640625,1601.149169921875,418.539306640625,1601.149169921875,418.539306640625,,,,,0.0,0.0,0.0,-0.3266700208187103,-0.5089312195777893,1.3954153060913086,1.3954153060913086
29,6,1748.416259765625,458.04254150390625,1748.416259765625,458.04254150390625,1748.416259765625,458.04254150390625,,,,,0.0,0.0,0.0,-0.003181224688887596,0.02242441661655903,1.8966881036758423,1.8966881036758423
29,7,969.0404052734375,447.1728210449219,969.0404052734375,447.1728210449219,969.0404052734375,447.1728210449219,,,,,0.0,0.0,0.0,-3.1045191287994385,1.1893223524093628,1.784632921218872,1.784632921218872
29,8,1466.4888916015625,438.3316955566406,1466.4888916015625,438.3316955566406,1466.4888916015625,438.3316955566406,,,,,0.0,0.0,0.0,-0.0020451038144528866,-0.016145935282111168,1.7600234746932983,1.7600234746932983
29,9,1601.975341796875,444.9951171875,1601.975341796875,444.9951171875,1601.975341796875,444.9951171875,,,,,0.0,0.0,0.0,-0.06322311609983444,0.07566041499376297,1.8244454860687256,1.8244454860687256
29,10,1497.10302734375,328.08984375,1497.10302734375,328.08984375,1497.10302734375,328.08984375,,,,,0.0,0.0,0.0,-0.2745213210582733,-0.3736998736858368,1.4766682386398315,1.4766682386398315
29,11,1344.3876953125,300.06561279296875,1344.3876953125,300.06561279296875,1344.3876953125,300.06561279296875,,,,,0.0,0.0,0.0,-1.749152421951294,0.8165383338928223,2.2413971424102783,2.2413971424102783
30,0,525.8585815429688,710.4695434570312,525.8585815429688,710.4695434570312,525.8585815429688,710.4695434570312,,,,,0.0,0.0,0.0,0.7525255680084229,-0.2632162868976593,1.698198676109314,1.698198676109314
30,1,311.30670166015625,804.5181274414062,311.30670166015625,804.5181274414062,311.30670166015625,804.5181274414062,,,,,0.0,0.0,0.0,1.5878068208694458,-0.7385456562042236,1.8212603330612183,1.8212603330612183
30,2,704.809814453125,620.7548828125,704.809814453125,620.7548828125,704.809814453125,620.7548828125,,,,,0.0,0.0,0.0,0.0024183890782296658,-0.0011157322442159057,2.294484853744507,2.294484853744507
30,3,949.2615966796875,427.6771545410156,949.2615966796875,427.6771545410156,949.2615966796875,427.6771545410156,,,,,0.0,0.0,0.0,-2.7982544898986816,1.1759008169174194,1.548304557800293,1.548304557800293
30,4,107.44303894042969,404.4768371582031,107.44303894042969,404.4768371582031,107.44303894042969,404.4768371582031,,,,,0.0,0.0,0.0,-6.436630725860596,-0.29159119725227356,1.5334625244140625,1.5334625244140625
30,5,1599.776123046875,416.53363037109375,1599.776123046875,416.53363037109375,1599.776123046875,416.53363037109375,,,,,0.0,0.0,0.0,-0.40501901507377625,-0.6210052967071533,1.5467615127563477,1.5467615127563477
30,6,1748.4130859375,458.0649719238281,1748.4130859375,458.0649719238281,1748.4130859375,458.0649719238281,,,,,0.0,0.0,0.0,-0.003085788106545806,0.021751685068011284,2.2252213954925537,2.2252213954925537
30,7,965.9359130859375,448.3621520996094,965.9359130859375,448.3621520996094,965.9359130859375,448.3621520996094,,,,,0.0,0.0,0.0,-3.011383533477783,1.1536427736282349,2.0695903301239014,2.0695903301239014
30,8,1466.48681640625,438.3155517578125,1466.48681640625,438.3155517578125,1466.48681640625,438.3155517578125,,,,,0.0,0.0,0.0,-0.001983750844374299,-0.015661558136343956,2.0355277061462402,2.0355277061462402
30,9,1601.912109375,445.0707702636719,1601.912109375,445.0707702636719,1601.912109375,445.0707702636719,,,,,0.0,0.0,0.0,-0.06132642552256584,0.07339060306549072,2.124784231185913,2.124784231185913
30,10,1496.98486328125,328.14276123046875,1496.98486328125,328.14276123046875,1496.98486328125,328.14276123046875,,,,,0.0,0.0,0.0,-0.2628902792930603,-0.3419749438762665,1.6301897764205933,1.6301897764205933
30,11,1342.3167724609375,301.17694091796875,1342.3167724609375,301.17694091796875,1342.3167724609375,301.17694091796875,,,,,0.0,0.0,0.0,-1.7786096334457397,0.8435243368148804,2.489734649658203,2.489734649658203
31,0,528.52734375,709.5363159179688,528.52734375,709.5363159179688,528.52734375,709.5363159179688,,,,,0.0,0.0,0.0,0.9076154232025146,-0.31744149327278137,1.0030299425125122,1.0030299425125122
31,1,318.6817932128906,801.48876953125,318.6817932128906,801.48876953125,318.6817932128906,801.48876953125,,,,,0.0,0.0,0.0,2.085465669631958,-0.9355362057685852,1.043789029121399,1.043789029121399
31,2,704.8116455078125,620.702880859375,704.8116455078125,620.702880859375,704.8116455078125,620.702880859375,,,,,0.0,0.0,0.0,0.0023697565775364637,-0.00503875594586134,1.1480770111083984,1.1480770111083984
31,3,936.3286743164062,428.5278015136719,936.3286743164062,428.5278015136719,936.3286743164062,428.5278015136719,,,,,0.0,0.0,0.0,-3.547147274017334,1.1518664360046387,0.9489315748214722,0.9489315748214722
31,4,99.95693969726562,403.1856384277344,99.95693969726562,403.1856384277344,99.95693969726562,403.1856384277344,,,,,0.0,0.0,0.0,-6.513380527496338,-0.3646933436393738,0.9432821273803711,0.9432821273803711
31,5,1604.093017578125,424.3284606933594,1604.093017578125,424.3284606933594,1604.093017578125,424.3284606933594,,,,,0.0,0.0,0.0,-0.056349776685237885,0.0004229508922435343,0.9483686685562134,0.9483686685562134
31,6,1748.425537109375,458.0999755859375,1748.425537109375,458.0999755859375,1748.425537109375,458.0999755859375,,,,,0.0,0.0,0.0,-0.001919614034704864,0.022746820002794266,1.13083016872406,1.13083016872406
31,7,956.1776123046875,451.3207092285156,956.1776123046875,451.3207092285156,956.1776123046875,451.3207092285156,,,,,0.0,0.0,0.0,-3.4844112396240234,1.280186653137207,1.089559555053711,1.089559555053711
31,8,1466.5107421875,438.352294921875,1466.5107421875,438.352294921875,1466.5107421875,438.352294921875,,,,,0.0,0.0,0.0,-0.00019812624668702483,-0.012050552293658257,1.0800260305404663,1.0800260305404663
31,9,1602.553955078125,444.27349853515625,1602.553955078125,444.27349853515625,1602.553955078125,444.27349853515625,,,,,0.0,0.0,0.0,-0.01073316391557455,0.010742086917161942,1.1046143770217896,1.1046143770217896
31,10,1496.2943115234375,326.8935546875,1496.2943115234375,326.8935546875,1496.2943115234375,326.8935546875,,,,,0.0,0.0,0.0,-0.294132798910141,-0.40825021266937256,0.9737326502799988,0.9737326502799988
31,11,1337.672119140625,301.9459228515625,1337.672119140625,301.9459228515625,1337.672119140625,301.9459228515625,,,,,0.0,0.0,0.0,-2.026571035385132,0.837073802947998,1.1973167657852173,1.1973167657852173
32,0,528.77783203125,709.50830078125,528.77783203125,709.50830078125,528.77783203125,709.50830078125,,,,,0.0,0.0,0.0,0.8529127240180969,-0.29334744811058044,1.1493769884109497,1.1493769884109497
32,1,319.46917724609375,801.2426147460938,319.46917724609375,801.2426147460938,319.46917724609375,801.2426147460938,,,,,0.0,0.0,0.0,1.9702686071395874,-0.874358057975769,1.2093039751052856,1.2093039751052856
32,2,704.8140258789062,620.6978149414062,704.8140258789062,620.6978149414062,704.8140258789062,620.6978149414062,,,,,0.0,0.0,0.0,0.0022986638359725475,-0.0048875934444367886,1.3573740720748901,1.3573740720748901
32,3,933.0302124023438,430.311767578125,933.0302124023438,430.311767578125,933.0302124023438,430.311767578125,,,,,0.0,0.0,0.0,-3.5283362865448,1.1996796131134033,1.0713173151016235,1.0713173151016235
32,4,93.47000122070312,402.912353515625,93.47000122070312,402.912353515625,93.47000122070312,402.912353515625,,,,,0.0,0.0,0.0,-6.511402130126953,-0.3578545153141022,1.0632457733154297,1.0632457733154297
32,5,1603.1798095703125,423.04779052734375,1603.1798095703125,423.04779052734375,1603.1798095703125,423.04779052734375,,,,,0.0,0.0,0.0,-0.12110254913568497,-0.09639979153871536,1.0705385208129883,1.0705385208129883
32,6,1748.423583984375,458.1227111816406,1748.423583984375,458.1227111816406,1748.423583984375,458.1227111816406,,,,,0.0,0.0,0.0,-0.001862025703303516,0.022064415737986565,1.3300992250442505,1.3300992250442505
32,7,952.6931762695312,452.60089111328125,952.6931762695312,452.60089111328125,952.6931762695312,452.60089111328125,,,,,0.0,0.0,0.0,-3.3798789978027344,1.2417811155319214,1.2656382322311401,1.2656382322311401
32,8,1466.510498046875,438.3402404785156,1466.510498046875,438.3402404785156,1466.510498046875,438.3402404785156,,,,,0.0,0.0,0.0,-0.00019218245870433748,-0.011689036153256893,1.2508931159973145,1.2508931159973145
32,9,1602.543212890625,444.28424072265625,1602.543212890625,444.28424072265625,1602.543212890625,444.28424072265625,,,,,0.0,0.0,0.0,-0.01041116937994957,0.010419824160635471,1.2890294790267944,1.2890294790267944
32,10,1496.12744140625,326.80670166015625,1496.12744140625,326.80670166015625,1496.12744140625,326.80670166015625,,,,,0.0,0.0,0.0,-0.28464776277542114,-0.3843015134334564,1.0956366062164307,1.0956366062164307
32,11,1335.6453857421875,302.9265441894531,1335.6453857421875,302.9265441894531,1335.6453857421875,302.9265441894531,,,,,0.0,0.0,0.0,-2.0265815258026123,0.8492749929428101,1.3649202585220337,1.3649202585220337
33,0,528.9000854492188,709.6412963867188,528.9000854492188,709.6412963867188,528.9000854492188,709.6412963867188,,,,,0.0,0.0,0.0,0.7914512157440186,-0.25748586654663086,1.31192946434021,1.31192946434021
33,1,320.0757141113281,801.2103881835938,320.0757141113281,801.2103881835938,320.0757141113281,801.2103881835938,,,,,0.0,0.0,0.0,1.847939133644104,-0.7988192439079285,1.3945542573928833,1.3945542573928833
33,2,704.8163452148438,620.6929321289062,704.8163452148438,620.6929321289062,704.8163452148438,620.6929321289062,,,,,0.0,0.0,0.0,0.0022297040559351444,-0.00474096555262804,1.6083126068115234,1.6083126068115234
33,3,929.6854248046875,432.3147888183594,929.6854248046875,432.3147888183594,929.6854248046875,432.3147888183594,,,,,0.0,0.0,0.0,-3.5143227577209473,1.261017084121704,1.205682396888733,1.205682396888733
33,4,87.08040618896484,402.6072998046875,87.08040618896484,402.6072998046875,87.08040618896484,402.6072998046875,,,,,0.0,0.0,0.0,-6.502204895019531,-0.35386720299720764,1.19477117061615,1.19477117061615
33,5,1602.0655517578125,421.67413330078125,1602.0655517578125,421.67413330078125,1602.0655517578125,421.67413330078125,,,,,0.0,0.0,0.0,-0.19685903191566467,-0.19383195042610168,1.204642415046692,1.204642415046692
33,6,1748.4217529296875,458.144775390625,1748.4217529296875,458.144775390625,1748.4217529296875,458.144775390625,,,,,0.0,0.0,0.0,-0.0018061649752780795,0.02140248380601406,1.5677552223205566,1.5677552223205566
33,7,949.3132934570312,453.8426818847656,949.3132934570312,453.8426818847656,949.3132934570312,453.8426818847656,,,,,0.0,0.0,0.0,-3.278482675552368,1.204527735710144,1.4728449583053589,1.4728449583053589
33,8,1466.51025390625,438.32855224609375,1466.51025390625,438.32855224609375,1466.51025390625,438.32855224609375,,,,,0.0,0.0,0.0,-0.00018641698989085853,-0.011338365264236927,1.451306700706482,1.451306700706482
33,9,1602.5328369140625,444.2946472167969,1602.5328369140625,444.2946472167969,1602.5328369140625,444.2946472167969,,,,,0.0,0.0,0.0,-0.0100988345220685,0.010107229463756084,1.507140040397644,1.507140040397644
33,10,1496.079833984375,326.7789001464844,1496.079833984375,326.7789001464844,1496.079833984375,326.7789001464844,,,,,0.0,0.0,0.0,-0.2668602466583252,-0.3575447201728821,1.2285245656967163,1.2285245656967163
33,11,1333.646484375,303.9934997558594,1333.646484375,303.9934997558594,1333.646484375,303.9934997558594,,,,,0.0,0.0,0.0,-2.024282932281494,0.8673295974731445,1.5397840738296509,1.5397840738296509
34,0,528.8829956054688,709.8518676757812,528.8829956054688,709.8518676757812,528.8829956054688,709.8518676757812,,,,,0.0,0.0,0.0,0.7235888838768005,-0.21819883584976196,1.4875117540359497,1.4875117540359497
34,1,320.2156982421875,801.4668579101562,320.2156982421875,801.4668579101562,320.2156982421875,801.4668579101562,,,,,0.0,0.0,0.0,1.6952568292617798,-0.70448237657547,1.595399022102356,1.595399022102356
34,2,704.818603515625,620.6881713867188,704.818603515625,620.6881713867188,704.818603515625,620.6881713867188,,,,,0.0,0.0,0.0,0.002162812976166606,-0.004598736763000488,1.9045933485031128,1.9045933485031128
34,3,926.3534545898438,434.45013427734375,926.3534545898438,434.45013427734375,926.3534545898438,434.45013427734375,,,,,0.0,0.0,0.0,-3.500410556793213,1.327713966369629,1.3498648405075073,1.3498648405075073
34,4,80.75570678710938,402.3020935058594,80.75570678710938,402.3020935058594,80.75570678710938,402.3020935058594,,,,,0.0,0.0,0.0,-6.4888129234313965,-0.3501948118209839,1.3357865810394287,1.3357865810394287
34,5,1600.801025390625,420.1050720214844,1600.801025390625,420.1050720214844,1600.801025390625,420.1050720214844,,,,,0.0,0.0,0.0,-0.2782202959060669,-0.2986353635787964,1.3485227823257446,1.3485227823257446
34,6,1748.419921875,458.1661682128906,1748.419921875,458.1661682128906,1748.419921875,458.1661682128906,,,,,0.0,0.0,0.0,-0.0017519800458103418,0.02076040953397751,1.8471189737319946,1.8471189737319946
34,7,946.0347900390625,455.0472106933594,946.0347900390625,455.0472106933594,946.0347900390625,455.0472106933594,,,,,0.0,0.0,0.0,-3.180128335952759,1.1683919429779053,1.7136883735656738,1.7136883735656738
34,8,1466.510009765625,438.31719970703125,1466.510009765625,438.31719970703125,1466.510009765625,438.31719970703125,,,,,0.0,0.0,0.0,-0.00018082448514178395,-0.010998214595019817,1.6836050748825073,1.6836050748825073
34,9,1602.522705078125,444.30474853515625,1602.522705078125,444.30474853515625,1602.522705078125,444.30474853515625,,,,,0.0,0.0,0.0,-0.009795869700610638,0.009804013185203075,1.7617363929748535,1.7617363929748535
34,10,1496.070068359375,326.80511474609375,1496.070068359375,326.80511474609375,1496.070068359375,326.80511474609375,,,,,0.0,0.0,0.0,-0.2476005107164383,-0.328800767660141,1.3702577352523804,1.3702577352523804
34,11,1331.4798583984375,305.05291748046875,1331.4798583984375,305.05291748046875,1331.4798583984375,305.05291748046875,,,,,0.0,0.0,0.0,-2.0357611179351807,0.8828139901161194,1.717608094215393,1.717608094215393
35,0,528.708740234375,710.1338500976562,528.708740234375,710.1338500976562,528.708740234375,710.1338500976562,,,,,0.0,0.0,0.0,0.6490390300750732,-0.1766684651374817,1.672163724899292,1.672163724899292
35,1,320.0600891113281,801.8931274414062,320.0600891113281,801.8931274414062,320.0600891113281,801.8931274414062,,,,,0.0,0.0,0.0,1.5319170951843262,-0.6046935319900513,1.8066315650939941,1.8066315650939941
35,2,704.8207397460938,620.68359375,704.8207397460938,620.68359375,704.8207397460938,620.68359375,,,,,0.0,0.0,0.0,0.00209792866371572,-0.004460774827748537,2.2499170303344727,2.2499170303344727
35,3,923.0013427734375,436.7263488769531,923.0013427734375,436.7263488769531,923.0013427734375,436.7263488769531,,,,,0.0,0.0,0.0,-3.4891910552978516,1.399470329284668,1.5012128353118896,1.5012128353118896
35,4,74.57025146484375,401.9818420410156,74.57025146484375,401.9818420410156,74.57025146484375,401.9818420410156,,,,,0.0,0.0,0.0,-6.466109275817871,-0.34795325994491577,1.483757495880127,1.483757495880127
35,5,1599.4337158203125,418.4007873535156,1599.4337158203125,418.4007873535156,1599.4337158203125,418.4007873535156,,,,,0.0,0.0,0.0,-0.36052849888801575,-0.40486449003219604,1.4995356798171997,1.4995356798171997
35,6,1748.418212890625,458.1869201660156,1748.418212890625,458.1869201660156,1748.418212890625,458.1869201660156,,,,,0.0,0.0,0.0,-0.0016994207398965955,0.020137598738074303,2.171511173248291,2.171511173248291
35,7,942.8546752929688,456.2156066894531,942.8546752929688,456.2156066894531,942.8546752929688,456.2156066894531,,,,,0.0,0.0,0.0,-3.0847246646881104,1.1333402395248413,1.9906771183013916,1.9906771183013916
35,8,1466.5098876953125,438.30621337890625,1466.5098876953125,438.30621337890625,1466.5098876953125,438.30621337890625,,,,,0.0,0.0,0.0,-0.00017539974942337722,-0.01066826842725277,1.9501265287399292,1.9501265287399292
35,9,1602.512939453125,444.3145446777344,1602.512939453125,444.3145446777344,1602.512939453125,444.3145446777344,,,,,0.0,0.0,0.0,-0.009501993656158447,0.009509893134236336,2.0556085109710693,2.0556085109710693
35,10,1496.11328125,326.88262939453125,1496.11328125,326.88262939453125,1496.11328125,326.88262939453125,,,,,0.0,0.0,0.0,-0.22601184248924255,-0.2986312806606293,1.5182675123214722,1.5182675123214722
35,11,1329.2852783203125,306.1109619140625,1329.2852783203125,306.1109619140625,1329.2852783203125,306.1109619140625,,,,,0.0,0.0,0.0,-2.0481832027435303,0.8965181112289429,1.8940749168395996,1.8940749168395996
36,0,532.3637084960938,708.2633056640625,532.3637084960938,708.2633056640625,532.3637084960938,708.2633056640625,,,,,0.0,0.0,0.0,0.8945191502571106,-0.3149978816509247,0.9961201548576355,0.9961201548576355
36,1,327.9647521972656,797.9262084960938,327.9647521972656,797.9262084960938,327.9647521972656,797.9262084960938,,,,,0.0,0.0,0.0,2.0837271213531494,-0.8958243727684021,1.0404384136199951,1.0404384136199951
36,2,704.810546875,620.2333984375,704.810546875,620.2333984375,704.810546875,620.2333984375,,,,,0.0,0.0,0.0,0.0011406461708247662,-0.03922395780682564,1.1394119262695312,1.1394119262695312
36,3,919.5121459960938,438.1258239746094,919.5121459960938,438.1258239746094,919.5121459960938,438.1258239746094,,,,,0.0,0.0,0.0,-3.3845155239105225,1.3574862480163574,1.7535697221755981,1.7535697221755981
36,4,67.55716705322266,401.29376220703125,67.55716705322266,401.29376220703125,67.55716705322266,401.29376220703125,,,,,0.0,0.0,0.0,-6.506508827209473,-0.37307506799697876,0.9276607632637024,0.9276607632637024
36,5,1603.8544921875,426.21356201171875,1603.8544921875,426.21356201171875,1603.8544921875,426.21356201171875,,,,,0.0,0.0,0.0,-0.004038703162223101,0.20783893764019012,0.9337005615234375,0.9337005615234375
36,6,1747.9921875,458.9992980957031,1747.9921875,458.9992980957031,1747.9921875,458.9992980957031,,,,,0.0,0.0,0.0,-0.0339411124587059,0.080340176820755,1.1197673082351685,1.1197673082351685
36,7,932.6720581054688,454.2880859375,932.6720581054688,454.2880859375,932.6720581054688,454.2880859375,,,,,0.0,0.0,0.0,-3.5882725715637207,0.9161949753761292,1.071132779121399,1.071132779121399
36,8,1466.40576171875,438.2906188964844,1466.40576171875,438.2906188964844,1466.40576171875,438.2906188964844,,,,,0.0,0.0,0.0,-0.007424620911478996,-0.011010893620550632,1.059533715248108,1.059533715248108
36,9,1602.70166015625,443.6592712402344,1602.70166015625,443.6592712402344,1602.70166015625,443.6592712402344,,,,,0.0,0.0,0.0,0.004936071112751961,-0.0389087051153183,1.089159369468689,1.089159369468689
36,10,1494.6429443359375,324.6988525390625,1494.6429443359375,324.6988525390625,1494.6429443359375,324.6988525390625,,,,,0.0,0.0,0.0,-0.3171798586845398,-0.4367355704307556,0.9384575486183167,0.9384575486183167
36,11,1325.426513671875,307.0996398925781,1325.426513671875,307.0996398925781,1325.426513671875,307.0996398925781,,,,,0.0,0.0,0.0,-2.1854090690612793,0.9035027027130127,1.0516420602798462,1.0516420602798462
37,0,532.5504150390625,708.3446655273438,532.5504150390625,708.3446655273438,532.5504150390625,708.3446655273438,,,,,0.0,0.0,0.0,0.8351467251777649,-0.28175264596939087,1.1433321237564087,1.1433321237564087
37,1,328.5005187988281,797.9207763671875,328.5005187988281,797.9207763671875,328.5005187988281,797.9207763671875,,,,,0.0,0.0,0.0,1.9456263780593872,-0.816392183303833,1.2068532705307007,1.2068532705307007
37,2,704.8117065429688,620.1941528320312,704.8117065429688,620.1941528320312,704.8117065429688,620.1941528320312,,,,,0.0,0.0,0.0,0.0011064268182963133,-0.03804723918437958,1.3494433164596558,1.3494433164596558
37,3,916.0993041992188,440.48529052734375,916.0993041992188,440.48529052734375,916.0993041992188,440.48529052734375,,,,,0.0,0.0,0.0,-3.3865878582000732,1.4307955503463745,1.9116379022598267,1.9116379022598267
37,4,61.259944915771484,400.9853210449219,61.259944915771484,400.9853210449219,61.259944915771484,400.9853210449219,,,,,0.0,0.0,0.0,-6.490699291229248,-0.36819323897361755,1.0478463172912598,1.0478463172912598
37,5,1602.95166015625,425.16107177734375,1602.95166015625,425.16107177734375,1602.95166015625,425.16107177734375,,,,,0.0,0.0,0.0,-0.07260047644376755,0.11170630902051926,1.0561317205429077,1.0561317205429077
37,6,1747.958251953125,459.07965087890625,1747.958251953125,459.07965087890625,1747.958251953125,459.07965087890625,,,,,0.0,0.0,0.0,-0.03292287886142731,0.07792997360229492,1.319459319114685,1.319459319114685
37,7,929.0838012695312,455.20428466796875,929.0838012695312,455.20428466796875,929.0838012695312,455.20428466796875,,,,,0.0,0.0,0.0,-3.4806244373321533,0.8887091279029846,1.246465802192688,1.246465802192688
37,8,1466.3983154296875,438.27960205078125,1466.3983154296875,438.27960205078125,1466.3983154296875,438.27960205078125,,,,,0.0,0.0,0.0,-0.007201882544904947,-0.010680567473173141,1.2292871475219727,1.2292871475219727
37,9,1602.70654296875,443.620361328125,1602.70654296875,443.620361328125,1602.70654296875,443.620361328125,,,,,0.0,0.0,0.0,0.0047879889607429504,-0.03774144500494003,1.2733310461044312,1.2733310461044312
37,10,1494.570556640625,324.6094665527344,1494.570556640625,324.6094665527344,1494.570556640625,324.6094665527344,,,,,0.0,0.0,0.0,-0.2988312840461731,-0.4106972813606262,1.0583134889602661,1.0583134889602661
37,11,1323.223388671875,308.1041564941406,1323.223388671875,308.1041564941406,1323.223388671875,308.1041564941406,,,,,0.0,0.0,0.0,-2.186763286590576,0.9112114906311035,1.1843156814575195,1.1843156814575195
38,0,532.56884765625,708.517333984375,532.56884765625,708.517333984375,532.56884765625,708.517333984375,,,,,0.0,0.0,0.0,0.7660163640975952,-0.24329088628292084,1.3068290948867798,1.3068290948867798
38,1,328.72283935546875,798.1209716796875,328.72283935546875,798.1209716796875,328.72283935546875,798.1209716796875,,,,,0.0,0.0,0.0,1.7904213666915894,-0.7248347401618958,1.3929839134216309,1.3929839134216309
38,2,704.8128051757812,620.1561279296875,704.8128051757812,620.1561279296875,704.8128051757812,620.1561279296875,,,,,0.0,0.0,0.0,0.0010732340160757303,-0.03690582141280174,1.6012685298919678,1.6012685298919678
38,3,912.6495971679688,442.91876220703125,912.6495971679688,442.91876220703125,912.6495971679688,442.91876220703125,,,,,0.0,0.0,0.0,-3.3911051750183105,1.5025999546051025,2.0655288696289062,2.0655288696289062
38,4,55.02698516845703,400.6089172363281,55.02698516845703,400.6089172363281,55.02698516845703,400.6089172363281,,,,,0.0,0.0,0.0,-6.4710612297058105,-0.3688187599182129,1.1798516511917114,1.1798516511917114
38,5,1601.8544921875,423.79925537109375,1601.8544921875,423.79925537109375,1601.8544921875,423.79925537109375,,,,,0.0,0.0,0.0,-0.15141919255256653,-0.0016577759524807334,1.1907247304916382,1.1907247304916382
38,6,1747.92529296875,459.1575927734375,1747.92529296875,459.1575927734375,1747.92529296875,459.1575927734375,,,,,0.0,0.0,0.0,-0.0319351926445961,0.07559207826852798,1.5576908588409424,1.5576908588409424
38,7,925.6031494140625,456.0929870605469,925.6031494140625,456.0929870605469,925.6031494140625,456.0929870605469,,,,,0.0,0.0,0.0,-3.3762059211730957,0.8620478510856628,1.4530367851257324,1.4530367851257324
38,8,1466.39111328125,438.2689208984375,1466.39111328125,438.2689208984375,1466.39111328125,438.2689208984375,,,,,0.0,0.0,0.0,-0.006985826417803764,-0.01036015059798956,1.4286766052246094,1.4286766052246094
38,9,1602.7113037109375,443.5826110839844,1602.7113037109375,443.5826110839844,1602.7113037109375,443.5826110839844,,,,,0.0,0.0,0.0,0.004644349217414856,-0.03660920262336731,1.4913318157196045,1.4913318157196045
38,10,1494.543701171875,324.56646728515625,1494.543701171875,324.56646728515625,1494.543701171875,324.56646728515625,,,,,0.0,0.0,0.0,-0.27825111150741577,-0.38287919759750366,1.1898119449615479,1.1898119449615479
38,11,1321.0423583984375,309.11907958984375,1321.0423583984375,309.11907958984375,1321.0423583984375,309.11907958984375,,,,,0.0,0.0,0.0,-2.186331033706665,0.9191052913665771,1.326520323753357,1.326520323753357
39,0,532.4237670898438,708.7665405273438,532.4237670898438,708.7665405273438,532.4237670898438,708.7665405273438,,,,,0.0,0.0,0.0,0.6891497373580933,-0.2017432004213333,1.483401894569397,1.483401894569397
39,1,328.5766296386719,798.5323486328125,328.5766296386719,798.5323486328125,328.5766296386719,798.5323486328125,,,,,0.0,0.0,0.0,1.6167718172073364,-0.6229578256607056,1.5946558713912964,1.5946558713912964
39,2,704.8139038085938,620.1192016601562,704.8139038085938,620.1192016601562,704.8139038085938,620.1192016601562,,,,,0.0,0.0,0.0,0.001041037030518055,-0.03579864650964737,1.8985884189605713,1.8985884189605713
39,3,909.1431274414062,445.41607666015625,909.1431274414062,445.41607666015625,909.1431274414062,445.41607666015625,,,,,0.0,0.0,0.0,-3.3991870880126953,1.5722731351852417,2.212491035461426,2.212491035461426
39,4,48.79279708862305,400.2037048339844,48.79279708862305,400.2037048339844,48.79279708862305,400.2037048339844,,,,,0.0,0.0,0.0,-6.453040599822998,-0.37158823013305664,1.3215956687927246,1.3215956687927246
39,5,1600.703369140625,422.2454528808594,1600.703369140625,422.2454528808594,1600.703369140625,422.2454528808594,,,,,0.0,0.0,0.0,-0.22820089757442474,-0.12086523324251175,1.3353137969970703,1.3353137969970703
39,6,1747.893310546875,459.2331848144531,1747.893310546875,459.2331848144531,1747.893310546875,459.2331848144531,,,,,0.0,0.0,0.0,-0.03097713738679886,0.07332431524991989,1.8377829790115356,1.8377829790115356
39,7,922.2269287109375,456.9550476074219,922.2269287109375,456.9550476074219,922.2269287109375,456.9550476074219,,,,,0.0,0.0,0.0,-3.2749197483062744,0.8361864686012268,1.6933544874191284,1.6933544874191284
39,8,1466.3841552734375,438.2585754394531,1466.3841552734375,438.2585754394531,1466.3841552734375,438.2585754394531,,,,,0.0,0.0,0.0,-0.006776251830160618,-0.010049346834421158,1.6600403785705566,1.6600403785705566
39,9,1602.7159423828125,443.5459899902344,1602.7159423828125,443.5459899902344,1602.7159423828125,443.5459899902344,,,,,0.0,0.0,0.0,0.004505018703639507,-0.03551092743873596,1.7459520101547241,1.7459520101547241
39,10,1494.56787109375,324.6031188964844,1494.56787109375,324.6031188964844,1494.56787109375,324.6031188964844,,,,,0.0,0.0,0.0,-0.2553918659687042,-0.35116732120513916,1.3308846950531006,1.3308846950531006
39,11,1318.8602294921875,310.1712951660156,1318.8602294921875,310.1712951660156,1318.8602294921875,310.1712951660156,,,,,0.0,0.0,0.0,-2.1860196590423584,0.9291414022445679,1.475684404373169,1.475684404373169
40,0,532.09716796875,709.0877075195312,532.09716796875,709.0877075195312,532.09716796875,709.0877075195312,,,,,0.0,0.0,0.0,0.6044543385505676,-0.15814292430877686,1.6690510511398315,1.6690510511398315
40,1,328.0930480957031,799.1596069335938,328.0930480957031,799.1596069335938,328.0930480957031,799.1596069335938,,,,,0.0,0.0,0.0,1.4310050010681152,-0.5123805999755859,1.8066290616989136,1.8066290616989136
40,2,704.81494140625,620.0833740234375,704.81494140625,620.0833740234375,704.81494140625,620.0833740234375,,,,,0.0,0.0,0.0,0.0010098059428855777,-0.03472468629479408,2.245103597640991,2.245103597640991
40,3,905.481201171875,448.0339050292969,905.481201171875,448.0339050292969,905.481201171875,448.0339050292969,,,,,0.0,0.0,0.0,-3.4171862602233887,1.6438946723937988,2.350264310836792,2.350264310836792
40,4,42.70765686035156,399.833984375,42.70765686035156,399.833984375,42.70765686035156,399.833984375,,,,,0.0,0.0,0.0,-6.425297737121582,-0.3714478015899658,1.4705207347869873,1.4705207347869873
40,5,1599.319091796875,420.445068359375,1599.319091796875,420.445068359375,1599.319091796875,420.445068359375,,,,,0.0,0.0,0.0,-0.31618547439575195,-0.2486814260482788,1.4872342348098755,1.4872342348098755
40,6,1747.8623046875,459.3065185546875,1747.8623046875,459.3065185546875,1747.8623046875,459.3065185546875,,,,,0.0,0.0,0.0,-0.0300478246062994,0.0711245909333229,2.1630563735961914,2.1630563735961914
40,7,918.9520263671875,457.7912292480469,918.9520263671875,457.7912292480469,918.9520263671875,457.7912292480469,,,,,0.0,0.0,0.0,-3.1766722202301025,0.8111009001731873,1.9699275493621826,1.9699275493621826
40,8,1466.3773193359375,438.24853515625,1466.3773193359375,438.24853515625,1466.3773193359375,438.24853515625,,,,,0.0,0.0,0.0,-0.0065729646012187,-0.009747866541147232,1.9257168769836426,1.9257168769836426
40,9,1602.720458984375,443.5104675292969,1602.720458984375,443.5104675292969,1602.720458984375,443.5104675292969,,,,,0.0,0.0,0.0,0.00436986843124032,-0.03444560244679451,2.0399818420410156,2.0399818420410156
40,10,1494.635986328125,324.6969299316406,1494.635986328125,324.6969299316406,1494.635986328125,324.6969299316406,,,,,0.0,0.0,0.0,-0.23114129900932312,-0.31780603528022766,1.4789960384368896,1.4789960384368896
40,11,1316.6251220703125,311.2279357910156,1316.6251220703125,311.2279357910156,1316.6251220703125,311.2279357910156,,,,,0.0,0.0,0.0,-2.189669609069824,0.9386132955551147,1.6289068460464478,1.6289068460464478
41,0,535.44921875,706.9489135742188,535.44921875,706.9489135742188,535.44921875,706.9489135742188,,,,,0.0,0.0,0.0,0.8295987248420715,-0.3204415738582611,0.9955040812492371,0.9955040812492371
41,1,336.7730712890625,794.5670776367188,336.7730712890625,794.5670776367188,336.7730712890625,794.5670776367188,,,,,0.0,0.0,0.0,2.0597012042999268,-0.8662440180778503,1.0406032800674438,1.0406032800674438
41,2,704.8267822265625,619.9873046875,704.8267822265625,619.9873046875,704.8267822265625,619.9873046875,,,,,0.0,0.0,0.0,0.0018539997981861234,-0.03953114524483681,1.1387691497802734,1.1387691497802734
41,3,894.0588989257812,446.1377868652344,894.0588989257812,446.1377868652344,894.0588989257812,446.1377868652344,,,,,0.0,0.0,0.0,-3.953665256500244,1.4066543579101562,1.1489567756652832,1.1489567756652832
41,4,34.8436393737793,399.35162353515625,34.8436393737793,399.35162353515625,34.8436393737793,399.35162353515625,,,,,0.0,0.0,0.0,-6.532287120819092,-0.37969499826431274,0.9237591028213501,0.9237591028213501
41,5,1603.682373046875,427.64678955078125,1603.682373046875,427.64678955078125,1603.682373046875,427.64678955078125,,,,,0.0,0.0,0.0,0.03488508239388466,0.3102809190750122,0.93011474609375,0.93011474609375
41,6,1747.6719970703125,459.96685791015625,1747.6719970703125,459.96685791015625,1747.6719970703125,459.96685791015625,,,,,0.0,0.0,0.0,-0.042297348380088806,0.11615906655788422,1.1183274984359741,1.1183274984359741
41,7,907.1178588867188,465.2162780761719,907.1178588867188,465.2162780761719,907.1178588867188,465.2162780761719,,,,,0.0,0.0,0.0,-3.796041250228882,1.2842756509780884,1.0665686130523682,1.0665686130523682
41,8,1466.359375,438.2763977050781,1466.359375,438.2763977050781,1466.359375,438.2763977050781,,,,,0.0,0.0,0.0,-0.007369328290224075,-0.007104255724698305,1.053936243057251,1.053936243057251
41,9,1603.0302734375,443.2756652832031,1603.0302734375,443.2756652832031,1603.0302734375,443.2756652832031,,,,,0.0,0.0,0.0,0.026781802996993065,-0.0491461381316185,1.0859673023223877,1.0859673023223877
41,10,1493.4039306640625,321.68768310546875,1493.4039306640625,321.68768310546875,1493.4039306640625,321.68768310546875,,,,,0.0,0.0,0.0,-0.30518558621406555,-0.5169296860694885,0.92619788646698,0.92619788646698
41,11,1313.6964111328125,312.1943054199219,1313.6964111328125,312.1943054199219,1313.6964111328125,312.1943054199219,,,,,0.0,0.0,0.0,-2.243598699569702,0.9406410455703735,0.9732568860054016,0.9732568860054016
42,0,535.4867553710938,707.07080078125,535.4867553710938,707.07080078125,535.4867553710938,707.07080078125,,,,,0.0,0.0,0.0,0.7630058526992798,-0.283253014087677,1.1431719064712524,1.1431719064712524
42,1,337.3089904785156,794.5298461914062,337.3089904785156,794.5298461914062,337.3089904785156,794.5298461914062,,,,,0.0,0.0,0.0,1.9236433506011963,-0.7922192215919495,1.207279086112976,1.207279086112976
42,2,704.82861328125,619.94775390625,704.82861328125,619.94775390625,704.82861328125,619.94775390625,,,,,0.0,0.0,0.0,0.001798379817046225,-0.03834521025419235,1.3495509624481201,1.3495509624481201
42,3,890.3028564453125,448.1742248535156,890.3028564453125,448.1742248535156,890.3028564453125,448.1742248535156,,,,,0.0,0.0,0.0,-3.940065860748291,1.4499906301498413,1.2689876556396484,1.2689876556396484
42,4,28.86737632751465,399.0256652832031,28.86737632751465,399.0256652832031,28.86737632751465,399.0256652832031,,,,,0.0,0.0,0.0,-6.490048408508301,-0.37561309337615967,1.0445576906204224,1.0445576906204224
42,5,1602.65185546875,426.56219482421875,1602.65185546875,426.56219482421875,1602.65185546875,426.56219482421875,,,,,0.0,0.0,0.0,-0.04678972810506821,0.20334842801094055,1.0531080961227417,1.0531080961227417
42,6,1747.6297607421875,460.0830078125,1747.6297607421875,460.0830078125,1747.6297607421875,460.0830078125,,,,,0.0,0.0,0.0,-0.041028428822755814,0.1126742959022522,1.318802833557129,1.318802833557129
42,7,903.3218383789062,466.50054931640625,903.3218383789062,466.50054931640625,903.3218383789062,466.50054931640625,,,,,0.0,0.0,0.0,-3.6821601390838623,1.245747447013855,1.242565393447876,1.242565393447876
42,8,1466.35205078125,438.269287109375,1466.35205078125,438.269287109375,1466.35205078125,438.269287109375,,,,,0.0,0.0,0.0,-0.0071482486091554165,-0.0068911281414330006,1.2242693901062012,1.2242693901062012
42,9,1603.0570068359375,443.2265319824219,1603.0570068359375,443.2265319824219,1603.0570068359375,443.2265319824219,,,,,0.0,0.0,0.0,0.025978349149227142,-0.04767175391316414,1.270887017250061,1.270887017250061
42,10,1493.367431640625,321.57659912109375,1493.367431640625,321.57659912109375,1493.367431640625,321.57659912109375,,,,,0.0,0.0,0.0,-0.2848595678806305,-0.48622676730155945,1.0464950799942017,1.0464950799942017
42,11,1311.4573974609375,313.1949768066406,1311.4573974609375,313.1949768066406,1311.4573974609375,313.1949768066406,,,,,0.0,0.0,0.0,-2.2432501316070557,0.9451081156730652,1.094923496246338,1.094923496246338
43,0,535.3693237304688,707.2708129882812,535.3693237304688,707.2708129882812,535.3693237304688,707.2708129882812,,,,,0.0,0.0,0.0,0.6883648633956909,-0.24228434264659882,1.3070608377456665,1.3070608377456665
43,1,337.48529052734375,794.6857299804688,337.48529052734375,794.6857299804688,337.48529052734375,794.6857299804688,,,,,0.0,0.0,0.0,1.7662163972854614,-0.7067952752113342,1.3935887813568115,1.3935887813568115
43,2,704.8303833007812,619.909423828125,704.8303833007812,619.909423828125,704.8303833007812,619.909423828125,,,,,0.0,0.0,0.0,0.0017444284167140722,-0.03719485551118851,1.6021389961242676,1.6021389961242676
43,3,886.4790649414062,450.3694152832031,886.4790649414062,450.3694152832031,886.4790649414062,450.3694152832031,,,,,0.0,0.0,0.0,-3.9319469928741455,1.5020313262939453,1.3982712030410767,1.3982712030410767
43,4,23.147506713867188,398.6253662109375,23.147506713867188,398.6253662109375,23.147506713867188,398.6253662109375,,,,,0.0,0.0,0.0,-6.431095600128174,-0.3775027096271515,1.1771892309188843,1.1771892309188843
43,5,1601.5164794921875,425.2594299316406,1601.5164794921875,425.2594299316406,1601.5164794921875,425.2594299316406,,,,,0.0,0.0,0.0,-0.13088713586330414,0.087006576359272,1.1882648468017578,1.1882648468017578
43,6,1747.5887451171875,460.1956787109375,1747.5887451171875,460.1956787109375,1747.5887451171875,460.1956787109375,,,,,0.0,0.0,0.0,-0.0397975780069828,0.10929407179355621,1.5578489303588867,1.5578489303588867
43,7,899.6396484375,467.7463073730469,899.6396484375,467.7463073730469,899.6396484375,467.7463073730469,,,,,0.0,0.0,0.0,-3.571695327758789,1.208375096321106,1.4498682022094727,1.4498682022094727
43,8,1466.3448486328125,438.26239013671875,1466.3448486328125,438.26239013671875,1466.3448486328125,438.26239013671875,,,,,0.0,0.0,0.0,-0.006933801341801882,-0.006684394553303719,1.424311876296997,1.424311876296997
43,9,1603.0830078125,443.1788635253906,1603.0830078125,443.1788635253906,1603.0830078125,443.1788635253906,,,,,0.0,0.0,0.0,0.025198999792337418,-0.046241603791713715,1.4896925687789917,1.4896925687789917
43,10,1493.39306640625,321.5438537597656,1493.39306640625,321.5438537597656,1493.39306640625,321.5438537597656,,,,,0.0,0.0,0.0,-0.26116490364074707,-0.4516313076019287,1.178622841835022,1.178622841835022
43,11,1309.21533203125,314.2005920410156,1309.21533203125,314.2005920410156,1309.21533203125,314.2005920410156,,,,,0.0,0.0,0.0,-2.243161678314209,0.9496453404426575,1.2275279760360718,1.2275279760360718
44,0,535.0985107421875,707.5715942382812,535.0985107421875,707.5715942382812,535.0985107421875,707.5715942382812,,,,,0.0,0.0,0.0,0.6073606014251709,-0.19641700387001038,1.483952283859253,1.483952283859253
44,1,337.30804443359375,795.062255859375,337.30804443359375,795.062255859375,337.30804443359375,795.062255859375,,,,,0.0,0.0,0.0,1.5919498205184937,-0.6096547245979309,1.59535813331604,1.59535813331604
44,2,704.8321533203125,619.8722534179688,704.8321533203125,619.8722534179688,704.8321533203125,619.8722534179688,,,,,0.0,0.0,0.0,0.001692095655016601,-0.03607901185750961,1.9002337455749512,1.9002337455749512
44,3,882.6558227539062,452.66363525390625,882.6558227539062,452.66363525390625,882.6558227539062,452.66363525390625,,,,,0.0,0.0,0.0,-3.9243125915527344,1.5576671361923218,1.5346733331680298,1.5346733331680298
44,4,17.816022872924805,398.2182922363281,17.816022872924805,398.2182922363281,17.816022872924805,398.2182922363281,,,,,0.0,0.0,0.0,-6.347128868103027,-0.37975987792015076,1.3195559978485107,1.3195559978485107
44,5,1600.1351318359375,423.6566162109375,1600.1351318359375,423.6566162109375,1600.1351318359375,423.6566162109375,,,,,0.0,0.0,0.0,-0.2272421419620514,-0.04319534823298454,1.3334050178527832,1.3334050178527832
44,6,1747.5489501953125,460.3049621582031,1747.5489501953125,460.3049621582031,1747.5489501953125,460.3049621582031,,,,,0.0,0.0,0.0,-0.03860365226864815,0.10601525008678436,1.8387866020202637,1.8387866020202637
44,7,896.0679321289062,468.9546813964844,896.0679321289062,468.9546813964844,896.0679321289062,468.9546813964844,,,,,0.0,0.0,0.0,-3.4645445346832275,1.172123908996582,1.690985918045044,1.690985918045044
44,8,1466.337890625,438.2557067871094,1466.337890625,438.2557067871094,1466.337890625,438.2557067871094,,,,,0.0,0.0,0.0,-0.006725787650793791,-0.006483863107860088,1.6564018726348877,1.6564018726348877
44,9,1603.108154296875,443.13262939453125,1603.108154296875,443.13262939453125,1603.108154296875,443.13262939453125,,,,,0.0,0.0,0.0,0.02444303035736084,-0.044854357838630676,1.7451742887496948,1.7451742887496948
44,10,1493.4664306640625,321.58673095703125,1493.4664306640625,321.58673095703125,1493.4664306640625,321.58673095703125,,,,,0.0,0.0,0.0,-0.23569034039974213,-0.413971871137619,1.3204971551895142,1.3204971551895142
44,11,1306.961669921875,315.1825256347656,1306.961669921875,315.1825256347656,1306.961669921875,315.1825256347656,,,,,0.0,0.0,0.0,-2.2439491748809814,0.9520618319511414,1.368940830230713,1.368940830230713
45,0,534.6783447265625,707.9430541992188,534.6783447265625,707.9430541992188,534.6783447265625,707.9430541992188,,,,,0.0,0.0,0.0,0.5216339826583862,-0.14903993904590607,1.6698404550552368,1.6698404550552368
45,1,336.7931823730469,795.6019897460938,336.7931823730469,795.6019897460938,336.7931823730469,795.6019897460938,,,,,0.0,0.0,0.0,1.4056396484375,-0.5080105662345886,1.8073514699935913,1.8073514699935913
45,2,704.8338623046875,619.836181640625,704.8338623046875,619.836181640625,704.8338623046875,619.836181640625,,,,,0.0,0.0,0.0,0.001641332870349288,-0.0349966436624527,2.2475361824035645,2.2475361824035645
45,3,878.7661743164062,455.07830810546875,878.7661743164062,455.07830810546875,878.7661743164062,455.07830810546875,,,,,0.0,0.0,0.0,-3.921879529953003,1.6177880764007568,1.6757302284240723,1.6757302284240723
45,4,12.811300277709961,397.8302917480469,12.811300277709961,397.8302917480469,12.811300277709961,397.8302917480469,,,,,0.0,0.0,0.0,-6.245596408843994,-0.3803841471672058,1.4690818786621094,1.4690818786621094
45,5,1598.6746826171875,421.8787841796875,1598.6746826171875,421.8787841796875,1598.6746826171875,421.8787841796875,,,,,0.0,0.0,0.0,-0.3213307559490204,-0.17554794251918793,1.4858492612838745,1.4858492612838745
45,6,1747.5103759765625,460.4109802246094,1747.5103759765625,460.4109802246094,1747.5103759765625,460.4109802246094,,,,,0.0,0.0,0.0,-0.0374455451965332,0.1028347983956337,2.1649365425109863,2.1649365425109863
45,7,892.6033935546875,470.1268005371094,892.6033935546875,470.1268005371094,892.6033935546875,470.1268005371094,,,,,0.0,0.0,0.0,-3.3606083393096924,1.1369602680206299,1.9684269428253174,1.9684269428253174
45,8,1466.3311767578125,438.2492370605469,1466.3311767578125,438.2492370605469,1466.3311767578125,438.2492370605469,,,,,0.0,0.0,0.0,-0.006524014286696911,-0.006289347540587187,1.9228776693344116,1.9228776693344116
45,9,1603.132568359375,443.0877685546875,1603.132568359375,443.0877685546875,1603.132568359375,443.0877685546875,,,,,0.0,0.0,0.0,0.023709740489721298,-0.043508727103471756,2.0401222705841064,2.0401222705841064
45,10,1493.6070556640625,321.6885986328125,1493.6070556640625,321.6885986328125,1493.6070556640625,321.6885986328125,,,,,0.0,0.0,0.0,-0.20729142427444458,-0.37504103779792786,1.469556450843811,1.469556450843811
45,11,1304.62158203125,316.1942443847656,1304.62158203125,316.1942443847656,1304.62158203125,316.1942443847656,,,,,0.0,0.0,0.0,-2.2510838508605957,0.9564866423606873,1.5166047811508179,1.5166047811508179
46,0,538.2237548828125,705.7149047851562,538.2237548828125,705.7149047851562,538.2237548828125,705.7149047851562,,,,,0.0,0.0,0.0,0.769487202167511,-0.3194572329521179,0.9957753419876099,0.9957753419876099
46,1,346.13861083984375,791.30078125,346.13861083984375,791.30078125,346.13861083984375,791.30078125,,,,,0.0,0.0,0.0,2.094052314758301,-0.8368990421295166,1.040781855583191,1.040781855583191
46,2,704.8323364257812,619.9124145507812,704.8323364257812,619.9124145507812,704.8323364257812,619.9124145507812,,,,,0.0,0.0,0.0,0.0013904855586588383,-0.026274247094988823,1.1393680572509766,1.1393680572509766
46,3,871.0816040039062,452.97625732421875,871.0816040039062,452.97625732421875,871.0816040039062,452.97625732421875,,,,,0.0,0.0,0.0,-4.184198379516602,1.3584582805633545,0.9837835431098938,0.9837835431098938
46,4,10.799886703491211,397.7196960449219,10.799886703491211,397.7196960449219,10.799886703491211,397.7196960449219,,,,,0.0,0.0,0.0,-5.92996883392334,-0.36027443408966064,0.923474907875061,0.923474907875061
46,5,1597.1119384765625,434.3711853027344,1597.1119384765625,434.3711853027344,1597.1119384765625,434.3711853027344,,,,,0.0,0.0,0.0,-0.41465872526168823,0.7767835855484009,0.9298253059387207,0.9298253059387207
46,6,1747.5228271484375,460.3136291503906,1747.5228271484375,460.3136291503906,1747.5228271484375,460.3136291503906,,,,,0.0,0.0,0.0,-0.03362518548965454,0.08751285076141357,1.1188689470291138,1.1188689470291138
46,7,880.6937255859375,476.7286376953125,880.6937255859375,476.7286376953125,880.6937255859375,476.7286376953125,,,,,0.0,0.0,0.0,-3.9741907119750977,1.5291836261749268,1.0664458274841309,1.0664458274841309
46,8,1466.33056640625,438.32476806640625,1466.33056640625,438.32476806640625,1466.33056640625,438.32476806640625,,,,,0.0,0.0,0.0,-0.006110871210694313,-0.0005132918013259768,1.0534957647323608,1.0534957647323608
46,9,1604.6934814453125,442.283935546875,1604.6934814453125,442.283935546875,1604.6934814453125,442.283935546875,,,,,0.0,0.0,0.0,0.13678491115570068,-0.09943431615829468,1.0862003564834595,1.0862003564834595
46,10,1493.3348388671875,318.0819396972656,1493.3348388671875,318.0819396972656,1493.3348388671875,318.0819396972656,,,,,0.0,0.0,0.0,-0.21212762594223022,-0.6155234575271606,0.9234902262687683,0.9234902262687683
46,11,1301.3328857421875,317.0657958984375,1301.3328857421875,317.0657958984375,1301.3328857421875,317.0657958984375,,,,,0.0,0.0,0.0,-2.3270151615142822,0.9502717852592468,0.9378188848495483,0.9378188848495483
47,0,538.171630859375,705.8446044921875,538.171630859375,705.8446044921875,538.171630859375,705.8446044921875,,,,,0.0,0.0,0.0,0.7004140019416809,-0.28169578313827515,1.1434895992279053,1.1434895992279053
47,1,346.50927734375,791.3528442382812,346.50927734375,791.3528442382812,346.50927734375,791.3528442382812,,,,,0.0,0.0,0.0,1.9402323961257935,-0.757551908493042,1.207403302192688,1.207403302192688
47,2,704.833740234375,619.8861694335938,704.833740234375,619.8861694335938,704.833740234375,619.8861694335938,,,,,0.0,0.0,0.0,0.0013487710384652019,-0.025486020371317863,1.350348949432373,1.350348949432373
47,3,867.0420532226562,455.00244140625,867.0420532226562,455.00244140625,867.0420532226562,455.00244140625,,,,,0.0,0.0,0.0,-4.173747539520264,1.4066994190216064,1.1008977890014648,1.1008977890014648
47,4,6.006332874298096,397.3082580566406,6.006332874298096,397.3082580566406,6.006332874298096,397.3082580566406,,,,,0.0,0.0,0.0,-5.8434977531433105,-0.36416804790496826,1.0445533990859985,1.0445533990859985
47,5,1595.915283203125,433.5583801269531,1595.915283203125,433.5583801269531,1595.915283203125,433.5583801269531,,,,,0.0,0.0,0.0,-0.47469237446784973,0.6547567248344421,1.0530503988265991,1.0530503988265991
47,6,1747.4892578125,460.4011535644531,1747.4892578125,460.4011535644531,1747.4892578125,460.4011535644531,,,,,0.0,0.0,0.0,-0.03261642903089523,0.08488746732473373,1.3196271657943726,1.3196271657943726
47,7,876.7195434570312,478.2578125,876.7195434570312,478.2578125,876.7195434570312,478.2578125,,,,,0.0,0.0,0.0,-3.8549652099609375,1.48330819606781,1.242911696434021,1.242911696434021
47,8,1466.324462890625,438.3242492675781,1466.324462890625,438.3242492675781,1466.324462890625,438.3242492675781,,,,,0.0,0.0,0.0,-0.005927545018494129,-0.0004978930810466409,1.2243283987045288,1.2243283987045288
47,9,1604.830322265625,442.18450927734375,1604.830322265625,442.18450927734375,1604.830322265625,442.18450927734375,,,,,0.0,0.0,0.0,0.13268136978149414,-0.0964512899518013,1.2715280055999756,1.2715280055999756
47,10,1493.392578125,317.95758056640625,1493.392578125,317.95758056640625,1493.392578125,317.95758056640625,,,,,0.0,0.0,0.0,-0.19161802530288696,-0.5781956315040588,1.044351577758789,1.044351577758789
47,11,1299.0357666015625,318.0708312988281,1299.0357666015625,318.0708312988281,1299.0357666015625,318.0708312988281,,,,,0.0,0.0,0.0,-2.324774742126465,0.9543710350990295,1.057410717010498,1.057410717010498
48,0,537.9797973632812,706.0587158203125,537.9797973632812,706.0587158203125,537.9797973632812,706.0587158203125,,,,,0.0,0.0,0.0,0.6247860193252563,-0.23967212438583374,1.3073742389678955,1.3073742389678955
48,1,346.4720153808594,791.63525390625,346.4720153808594,791.63525390625,346.4720153808594,791.63525390625,,,,,0.0,0.0,0.0,1.762148141860962,-0.6638983488082886,1.3936198949813843,1.3936198949813843
48,2,704.8350830078125,619.8606567382812,704.8350830078125,619.8606567382812,704.8350830078125,619.8606567382812,,,,,0.0,0.0,0.0,0.001308307982981205,-0.02472143992781639,1.6030892133712769,1.6030892133712769
48,3,862.8317260742188,457.3067626953125,862.8317260742188,457.3067626953125,862.8317260742188,457.3067626953125,,,,,0.0,0.0,0.0,-4.176438331604004,1.4728120565414429,1.2302141189575195,1.2302141189575195
48,4,0.6657086610794067,396.9317932128906,0.6657086610794067,396.9317932128906,0.6657086610794067,396.9317932128906,,,,,0.0,0.0,0.0,-5.804963111877441,-0.3651098906993866,1.1774193048477173,1.1774193048477173
48,5,1594.52392578125,432.39459228515625,1594.52392578125,432.39459228515625,1594.52392578125,432.39459228515625,,,,,0.0,0.0,0.0,-0.5455620884895325,0.5141599178314209,1.188392162322998,1.188392162322998
48,6,1747.4566650390625,460.4860534667969,1747.4566650390625,460.4860534667969,1747.4566650390625,460.4860534667969,,,,,0.0,0.0,0.0,-0.03163793683052063,0.08234084397554398,1.5589184761047363,1.5589184761047363
48,7,872.8645629882812,479.7411193847656,872.8645629882812,479.7411193847656,872.8645629882812,479.7411193847656,,,,,0.0,0.0,0.0,-3.739316463470459,1.4388090372085571,1.4506759643554688,1.4506759643554688
48,8,1466.3184814453125,438.3237609863281,1466.3184814453125,438.3237609863281,1466.3184814453125,438.3237609863281,,,,,0.0,0.0,0.0,-0.005749718751758337,-0.0004829562967643142,1.424870491027832,1.424870491027832
48,9,1604.9630126953125,442.0880432128906,1604.9630126953125,442.0880432128906,1604.9630126953125,442.0880432128906,,,,,0.0,0.0,0.0,0.12870092689990997,-0.09355775266885757,1.4907217025756836,1.4907217025756836
48,10,1493.4991455078125,317.9132995605469,1493.4991455078125,317.9132995605469,1493.4991455078125,317.9132995605469,,,,,0.0,0.0,0.0,-0.16878055036067963,-0.5373154282569885,1.1770344972610474,1.1770344972610474
48,11,1296.7645263671875,319.0654602050781,1296.7645263671875,319.0654602050781,1296.7645263671875,319.0654602050781,,,,,0.0,0.0,0.0,-2.320725917816162,0.9574130773544312,1.1886005401611328,1.1886005401611328
49,0,537.6192626953125,706.3613891601562,537.6192626953125,706.3613891601562,537.6192626953125,706.3613891601562,,,,,0.0,0.0,0.0,0.5416065454483032,-0.19388271868228912,1.4842164516448975,1.4842164516448975
49,1,346.03009033203125,792.1329345703125,346.03009033203125,792.1329345703125,346.03009033203125,792.1329345703125,,,,,0.0,0.0,0.0,1.5646026134490967,-0.5597891807556152,1.5952672958374023,1.5952672958374023
49,2,704.8363647460938,619.8359375,704.8363647460938,619.8359375,704.8363647460938,619.8359375,,,,,0.0,0.0,0.0,0.0012690587900578976,-0.023979797959327698,1.901289463043213,1.901289463043213
49,3,858.6170043945312,459.7090759277344,858.6170043945312,459.7090759277344,858.6170043945312,459.7090759277344,,,,,0.0,0.0,0.0,-4.179276943206787,1.5417594909667969,1.3696575164794922,1.3696575164794922
49,4,-5.139254570007324,396.5666809082031,-5.139254570007324,396.5666809082031,-5.139254570007324,396.5666809082031,,,,,0.0,0.0,0.0,-5.630814552307129,-0.35415661334991455,1.3807216882705688,1.3807216882705688
49,5,1593.1795654296875,431.0211181640625,1593.1795654296875,431.0211181640625,1593.1795654296875,431.0211181640625,,,,,0.0,0.0,0.0,-0.6071383953094482,0.3686451017856598,1.3336694240570068,1.3336694240570068
49,6,1747.425048828125,460.5683898925781,1747.425048828125,460.5683898925781,1747.425048828125,460.5683898925781,,,,,0.0,0.0,0.0,-0.030688799917697906,0.07987061887979507,1.8400635719299316,1.8400635719299316
49,7,869.125244140625,481.179931640625,869.125244140625,481.179931640625,869.125244140625,481.179931640625,,,,,0.0,0.0,0.0,-3.6271371841430664,1.3956447839736938,1.6922472715377808,1.6922472715377808
49,8,1466.312744140625,438.3232727050781,1466.312744140625,438.3232727050781,1466.312744140625,438.3232727050781,,,,,0.0,0.0,0.0,-0.00557722756639123,-0.0004684676241595298,1.6574604511260986,1.6574604511260986
49,9,1605.0916748046875,441.9944763183594,1605.0916748046875,441.9944763183594,1605.0916748046875,441.9944763183594,,,,,0.0,0.0,0.0,0.1248399019241333,-0.09075102210044861,1.7465718984603882,1.7465718984603882
49,10,1493.654296875,317.9607849121094,1493.654296875,317.9607849121094,1493.654296875,317.9607849121094,,,,,0.0,0.0,0.0,-0.14403584599494934,-0.49264857172966003,1.3194403648376465,1.3194403648376465
49,11,1294.5233154296875,320.0567932128906,1294.5233154296875,320.0567932128906,1294.5233154296875,320.0567932128906,,,,,0.0,0.0,0.0,-2.314724922180176,0.9599720239639282,1.3293297290802002,1.3293297290802002
50,0,537.10888671875,706.743408203125,537.10888671875,706.743408203125,537.10888671875,706.743408203125,,,,,0.0,0.0,0.0,0.45387089252471924,-0.1458512842655182,1.6700186729431152,1.6700186729431152
50,1,345.20050048828125,792.8494262695312,345.20050048828125,792.8494262695312,345.20050048828125,792.8494262695312,,,,,0.0,0.0,0.0,1.3529682159423828,-0.44697117805480957,1.807121753692627,1.807121753692627
50,2,704.837646484375,619.8119506835938,704.837646484375,619.8119506835938,704.837646484375,619.8119506835938,,,,,0.0,0.0,0.0,0.0012309870216995478,-0.02326040528714657,2.248650550842285,2.248650550842285
50,3,854.3570556640625,462.2829895019531,854.3570556640625,462.2829895019531,854.3570556640625,462.2829895019531,,,,,0.0,0.0,0.0,-4.185251712799072,1.6181777715682983,1.516664743423462,1.516664743423462
50,4,-10.770069122314453,396.2125244140625,-10.770069122314453,396.2125244140625,-10.770069122314453,396.2125244140625,,,,,0.0,0.0,0.0,-5.46189022064209,-0.34353193640708923,1.6157233715057373,1.6157233715057373
50,5,1591.53564453125,429.1798095703125,1591.53564453125,429.1798095703125,1591.53564453125,429.1798095703125,,,,,0.0,0.0,0.0,-0.6862589716911316,0.19998803734779358,1.4862030744552612,1.4862030744552612
50,6,1747.3944091796875,460.64825439453125,1747.3944091796875,460.64825439453125,1747.3944091796875,460.64825439453125,,,,,0.0,0.0,0.0,-0.029768137261271477,0.07747450470924377,2.1663832664489746,2.1663832664489746
50,7,865.4981079101562,482.5755615234375,865.4981079101562,482.5755615234375,865.4981079101562,482.5755615234375,,,,,0.0,0.0,0.0,-3.5183231830596924,1.3537755012512207,1.9701342582702637,1.9701342582702637
50,8,1466.30712890625,438.32281494140625,1466.30712890625,438.32281494140625,1466.30712890625,438.32281494140625,,,,,0.0,0.0,0.0,-0.005409910809248686,-0.00045441361726261675,1.9244365692138672,1.9244365692138672
50,9,1605.216552734375,441.9037170410156,1605.216552734375,441.9037170410156,1605.216552734375,441.9037170410156,,,,,0.0,0.0,0.0,0.121094711124897,-0.08802849054336548,2.0418686866760254,2.0418686866760254
50,10,1493.85546875,318.09423828125,1493.85546875,318.09423828125,1493.85546875,318.09423828125,,,,,0.0,0.0,0.0,-0.11791954189538956,-0.44528767466545105,1.468992829322815,1.468992829322815
50,11,1292.312255859375,321.080810546875,1292.312255859375,321.080810546875,1292.312255859375,321.080810546875,,,,,0.0,0.0,0.0,-2.3069605827331543,0.9647684097290039,1.477075457572937,1.477075457572937
51,0,540.7337646484375,704.6193237304688,540.7337646484375,704.6193237304688,540.7337646484375,704.6193237304688,,,,,0.0,0.0,0.0,0.713677704334259,-0.30793115496635437,0.9957942366600037,0.9957942366600037
51,1,354.981689453125,787.572509765625,354.981689453125,787.572509765625,354.981689453125,787.572509765625,,,,,0.0,0.0,0.0,2.0834462642669678,-0.8655826449394226,1.0406830310821533,1.0406830310821533
51,2,704.8480224609375,619.8877563476562,704.8480224609375,619.8877563476562,704.8480224609375,619.8877563476562,,,,,0.0,0.0,0.0,0.0019506152020767331,-0.015497143380343914,1.1395765542984009,1.1395765542984009
51,3,850.1718139648438,463.9011535644531,850.1718139648438,463.9011535644531,850.1718139648438,463.9011535644531,,,,,0.0,0.0,0.0,-4.059694290161133,1.5696325302124023,1.76655912399292,1.76655912399292
51,4,-16.23196029663086,395.8689880371094,-16.23196029663086,395.8689880371094,-16.23196029663086,395.8689880371094,,,,,0.0,0.0,0.0,-5.298033714294434,-0.3332259953022003,1.884696125984192,1.884696125984192
51,5,1599.4814453125,429.95562744140625,1599.4814453125,429.95562744140625,1599.4814453125,429.95562744140625,,,,,0.0,0.0,0.0,-0.03730672597885132,0.2432796061038971,0.9299528002738953,0.9299528002738953
51,6,1747.43212890625,460.81866455078125,1747.43212890625,460.81866455078125,1747.43212890625,460.81866455078125,,,,,0.0,0.0,0.0,-0.024599704891443253,0.08458305895328522,1.1191753149032593,1.1191753149032593
51,7,852.8436279296875,488.8269958496094,852.8436279296875,488.8269958496094,852.8436279296875,488.8269958496094,,,,,0.0,0.0,0.0,-4.1742963790893555,1.7054226398468018,1.0669130086898804,1.0669130086898804
51,8,1466.31591796875,438.34423828125,1466.31591796875,438.34423828125,1466.31591796875,438.34423828125,,,,,0.0,0.0,0.0,-0.004410000052303076,0.001092039281502366,1.0539568662643433,1.0539568662643433
51,9,1605.7667236328125,441.7341003417969,1605.7667236328125,441.7341003417969,1605.7667236328125,441.7341003417969,,,,,0.0,0.0,0.0,0.15265429019927979,-0.09402915090322495,1.086633324623108,1.086633324623108
51,10,1493.4986572265625,315.20306396484375,1493.4986572265625,315.20306396484375,1493.4986572265625,315.20306396484375,,,,,0.0,0.0,0.0,-0.13573051989078522,-0.6276211142539978,0.9234505891799927,0.9234505891799927
51,11,1289.1268310546875,322.3497619628906,1289.1268310546875,322.3497619628906,1289.1268310546875,322.3497619628906,,,,,0.0,0.0,0.0,-2.3718740940093994,0.9872466325759888,0.9254578351974487,0.9254578351974487
51,12,22.4201602935791,950.6887817382812,22.4201602935791,950.6887817382812,22.4201602935791,950.6887817382812,,,,,0.0,0.0,0.0,0.0,0.0,1.0,1.0
52,0,540.62060546875,704.7882080078125,540.62060546875,704.7882080078125,540.62060546875,704.7882080078125,,,,,0.0,0.0,0.0,0.6441931128501892,-0.2678626477718353,1.143431544303894,1.143431544303894
52,1,355.1060791015625,787.7520141601562,355.1060791015625,787.7520141601562,355.1060791015625,787.7520141601562,,,,,0.0,0.0,0.0,1.908653736114502,-0.772334635257721,1.2072199583053589,1.2072199583053589
52,2,704.8499755859375,619.8722534179688,704.8499755859375,619.8722534179688,704.8499755859375,619.8722534179688,,,,,0.0,0.0,0.0,0.0018920968286693096,-0.015032229945063591,1.350488543510437,1.350488543510437
52,3,845.955322265625,466.75079345703125,845.955322265625,466.75079345703125,845.955322265625,466.75079345703125,,,,,0.0,0.0,0.0,-4.071025848388672,1.6621202230453491,1.9210394620895386,1.9210394620895386
52,4,-21.52999496459961,395.5357666015625,-21.52999496459961,395.5357666015625,-21.52999496459961,395.5357666015625,,,,,0.0,0.0,0.0,-5.139092922210693,-0.32322922348976135,2.1899118423461914,2.1899118423461914
52,5,1598.4517822265625,428.66778564453125,1598.4517822265625,428.66778564453125,1598.4517822265625,428.66778564453125,,,,,0.0,0.0,0.0,-0.11347329616546631,0.12576133012771606,1.0531771183013916,1.0531771183013916
52,6,1747.407470703125,460.90325927734375,1747.407470703125,460.90325927734375,1747.407470703125,460.90325927734375,,,,,0.0,0.0,0.0,-0.023861713707447052,0.08204557001590729,1.3199031352996826,1.3199031352996826
52,7,848.6693115234375,490.53240966796875,848.6693115234375,490.53240966796875,848.6693115234375,490.53240966796875,,,,,0.0,0.0,0.0,-4.049067497253418,1.6542600393295288,1.2434874773025513,1.2434874773025513
52,8,1466.3115234375,438.3453369140625,1466.3115234375,438.3453369140625,1466.3115234375,438.3453369140625,,,,,0.0,0.0,0.0,-0.004277700092643499,0.0010592781472951174,1.2249382734298706,1.2249382734298706
52,9,1605.91943359375,441.64007568359375,1605.91943359375,441.64007568359375,1605.91943359375,441.64007568359375,,,,,0.0,0.0,0.0,0.148074671626091,-0.09120827913284302,1.272011637687683,1.272011637687683
52,10,1493.536865234375,315.1091003417969,1493.536865234375,315.1091003417969,1493.536865234375,315.1091003417969,,,,,0.0,0.0,0.0,-0.12249629199504852,-0.5870158672332764,1.0445259809494019,1.0445259809494019
52,11,1286.5789794921875,323.5002136230469,1286.5789794921875,323.5002136230469,1286.5789794921875,323.5002136230469,,,,,0.0,0.0,0.0,-2.385172128677368,0.999578058719635,1.0454821586608887,1.0454821586608887
52,12,22.555219650268555,950.6624755859375,22.555219650268555,950.6624755859375,22.555219650268555,950.6624755859375,,,,,0.0,0.0,0.0,0.06695196032524109,-0.01302779745310545,1.8901547193527222,1.8901547193527222
53,0,540.3455200195312,705.0331420898438,540.3455200195312,705.0331420898438,540.3455200195312,705.0331420898438,,,,,0.0,0.0,0.0,0.5663108825683594,-0.22441837191581726,1.3072216510772705,1.3072216510772705
53,1,354.7756042480469,788.1843872070312,354.7756042480469,788.1843872070312,354.7756042480469,788.1843872070312,,,,,0.0,0.0,0.0,1.7070693969726562,-0.6638765335083008,1.3933448791503906,1.3933448791503906
53,2,704.8518676757812,619.8572387695312,704.8518676757812,619.8572387695312,704.8518676757812,619.8572387695312,,,,,0.0,0.0,0.0,0.0018353339983150363,-0.014581263065338135,1.6031185388565063,1.6031185388565063
53,3,841.6386108398438,469.8365783691406,841.6386108398438,469.8365783691406,841.6386108398438,469.8365783691406,,,,,0.0,0.0,0.0,-4.088455677032471,1.7631276845932007,2.0719406604766846,2.0719406604766846
53,4,-26.66908836364746,395.2125244140625,-26.66908836364746,395.2125244140625,-26.66908836364746,395.2125244140625,,,,,0.0,0.0,0.0,-4.984920501708984,-0.31353235244750977,2.533642530441284,2.533642530441284
53,5,1597.320556640625,427.17144775390625,1597.320556640625,427.17144775390625,1597.320556640625,427.17144775390625,,,,,0.0,0.0,0.0,-0.19213230907917023,0.0003881793818436563,1.1884870529174805,1.1884870529174805
53,6,1747.3836669921875,460.98529052734375,1747.3836669921875,460.98529052734375,1747.3836669921875,460.98529052734375,,,,,0.0,0.0,0.0,-0.02314586378633976,0.07958420366048813,1.5591223239898682,1.5591223239898682
53,7,844.6202392578125,492.1866760253906,844.6202392578125,492.1866760253906,844.6202392578125,492.1866760253906,,,,,0.0,0.0,0.0,-3.927595615386963,1.6046322584152222,1.45132577419281,1.45132577419281
53,8,1466.3072509765625,438.3464050292969,1466.3072509765625,438.3464050292969,1466.3072509765625,438.3464050292969,,,,,0.0,0.0,0.0,-0.004149369429796934,0.0010274997912347317,1.4255977869033813,1.4255977869033813
53,9,1606.0675048828125,441.5488586425781,1606.0675048828125,441.5488586425781,1606.0675048828125,441.5488586425781,,,,,0.0,0.0,0.0,0.1436324417591095,-0.08847203105688095,1.4912173748016357,1.4912173748016357
53,10,1493.6103515625,315.1236877441406,1493.6103515625,315.1236877441406,1493.6103515625,315.1236877441406,,,,,0.0,0.0,0.0,-0.10748610645532608,-0.5409196615219116,1.1773768663406372,1.1773768663406372
53,11,1284.0462646484375,324.7031555175781,1284.0462646484375,324.7031555175781,1284.0462646484375,324.7031555175781,,,,,0.0,0.0,0.0,-2.3964200019836426,1.0150736570358276,1.1772944927215576,1.1772944927215576
53,12,23.104705810546875,950.6062622070312,23.104705810546875,950.6062622070312,23.104705810546875,950.6062622070312,,,,,0.0,0.0,0.0,0.26070162653923035,-0.03037889488041401,4.102769374847412,4.102769374847412
54,0,539.887939453125,705.379150390625,539.887939453125,705.379150390625,539.887939453125,705.379150390625,,,,,0.0,0.0,0.0,0.47990384697914124,-0.17627863585948944,1.4839586019515991,1.4839586019515991
54,1,354.0812683105469,788.8346557617188,354.0812683105469,788.8346557617188,354.0812683105469,788.8346557617188,,,,,0.0,0.0,0.0,1.4918886423110962,-0.54612135887146,1.5949002504348755,1.5949002504348755
54,2,704.8536987304688,619.8426513671875,704.8536987304688,619.8426513671875,704.8536987304688,619.8426513671875,,,,,0.0,0.0,0.0,0.0017802739748731256,-0.014143825508654118,1.9011672735214233,1.9011672735214233
54,3,837.2262573242188,473.08203125,837.2262573242188,473.08203125,837.2262573242188,473.08203125,,,,,0.0,0.0,0.0,-4.110992908477783,1.866256833076477,2.2165236473083496,2.2165236473083496
54,4,-31.654008865356445,394.89898681640625,-31.654008865356445,394.89898681640625,-31.654008865356445,394.89898681640625,,,,,0.0,0.0,0.0,-4.8353729248046875,-0.3041263818740845,2.9181599617004395,2.9181599617004395
54,5,1595.9521484375,425.38726806640625,1595.9521484375,425.38726806640625,1595.9521484375,425.38726806640625,,,,,0.0,0.0,0.0,-0.2827724516391754,-0.13713127374649048,1.3337059020996094,1.3337059020996094
54,6,1747.3604736328125,461.06488037109375,1747.3604736328125,461.06488037109375,1747.3604736328125,461.06488037109375,,,,,0.0,0.0,0.0,-0.02245148830115795,0.07719668000936508,1.8401538133621216,1.8401538133621216
54,7,840.692626953125,493.79132080078125,840.692626953125,493.79132080078125,840.692626953125,493.79132080078125,,,,,0.0,0.0,0.0,-3.809767961502075,1.5564932823181152,1.6929363012313843,1.6929363012313843
54,8,1466.3031005859375,438.3474426269531,1466.3031005859375,438.3474426269531,1466.3031005859375,438.3474426269531,,,,,0.0,0.0,0.0,-0.004024888388812542,0.0009966748766601086,1.6582739353179932,1.6582739353179932
54,9,1606.211181640625,441.46038818359375,1606.211181640625,441.46038818359375,1606.211181640625,441.46038818359375,,,,,0.0,0.0,0.0,0.13932347297668457,-0.08581787347793579,1.747040867805481,1.747040867805481
54,10,1493.719482421875,315.2386169433594,1493.719482421875,315.2386169433594,1493.719482421875,315.2386169433594,,,,,0.0,0.0,0.0,-0.09093404561281204,-0.4908093214035034,1.3199034929275513,1.3199034929275513
54,11,1281.5037841796875,325.9486389160156,1281.5037841796875,325.9486389160156,1281.5037841796875,325.9486389160156,,,,,0.0,0.0,0.0,-2.4075353145599365,1.0326000452041626,1.318820834159851,1.318820834159851
54,12,24.339820861816406,950.3875122070312,24.339820861816406,950.3875122070312,24.339820861816406,950.3875122070312,,,,,0.0,0.0,0.0,0.5567125678062439,-0.08759437501430511,6.491425037384033,6.491425037384033
55,0,540.3678588867188,705.202880859375,540.3678588867188,705.202880859375,540.3678588867188,705.202880859375,,,,,0.0,0.0,0.0,0.46550673246383667,-0.17099028825759888,1.768053650856018,1.768053650856018
55,1,357.272216796875,787.7264404296875,357.272216796875,787.7264404296875,357.272216796875,787.7264404296875,,,,,0.0,0.0,0.0,1.64204740524292,-0.5957977175712585,1.8066692352294922,1.8066692352294922
55,2,704.85546875,619.8284912109375,704.85546875,619.8284912109375,704.85546875,619.8284912109375,,,,,0.0,0.0,0.0,0.0017268657684326172,-0.013719511218369007,2.248335599899292,2.248335599899292
55,3,832.7360229492188,476.23187255859375,832.7360229492188,476.23187255859375,832.7360229492188,476.23187255859375,,,,,0.0,0.0,0.0,-4.136846542358398,1.9537745714187622,2.3525097370147705,2.3525097370147705
55,4,-36.4893798828125,394.5948486328125,-36.4893798828125,394.5948486328125,-36.4893798828125,394.5948486328125,,,,,0.0,0.0,0.0,-4.690311908721924,-0.29500260949134827,3.345736265182495,3.345736265182495
55,5,1594.4329833984375,423.3755187988281,1594.4329833984375,423.3755187988281,1594.4329833984375,423.3755187988281,,,,,0.0,0.0,0.0,-0.3770972192287445,-0.2801402509212494,1.4861602783203125,1.4861602783203125
55,6,1747.3380126953125,461.14208984375,1747.3380126953125,461.14208984375,1747.3380126953125,461.14208984375,,,,,0.0,0.0,0.0,-0.021777944639325142,0.07488077878952026,2.16631817817688,2.16631817817688
55,7,836.8828735351562,495.3478088378906,836.8828735351562,495.3478088378906,836.8828735351562,495.3478088378906,,,,,0.0,0.0,0.0,-3.6954751014709473,1.509798526763916,1.9708279371261597,1.9708279371261597
55,8,1466.299072265625,438.34844970703125,1466.299072265625,438.34844970703125,1466.299072265625,438.34844970703125,,,,,0.0,0.0,0.0,-0.003904141951352358,0.0009667746489867568,1.9253050088882446,1.9253050088882446
55,9,1606.3504638671875,441.37457275390625,1606.3504638671875,441.37457275390625,1606.3504638671875,441.37457275390625,,,,,0.0,0.0,0.0,0.13514377176761627,-0.08324334025382996,2.0422723293304443,2.0422723293304443
55,10,1493.8726806640625,315.4840087890625,1493.8726806640625,315.4840087890625,1493.8726806640625,315.4840087890625,,,,,0.0,0.0,0.0,-0.07246322184801102,-0.4351137578487396,1.4695298671722412,1.4695298671722412
55,11,1278.9930419921875,327.2137451171875,1278.9930419921875,327.2137451171875,1278.9930419921875,327.2137451171875,,,,,0.0,0.0,0.0,-2.415313482284546,1.0501277446746826,1.4675121307373047,1.4675121307373047
55,12,26.285388946533203,949.8953247070312,26.285388946533203,949.8953247070312,26.285388946533203,949.8953247070312,,,,,0.0,0.0,0.0,0.890057384967804,-0.18469847738742828,8.133567810058594,8.133567810058594
56,0,543.7010498046875,703.3914184570312,543.7010498046875,703.3914184570312,543.7010498046875,703.3914184570312,,,,,0.0,0.0,0.0,0.6996118426322937,-0.30490896105766296,1.0239629745483398,1.0239629745483398
56,1,366.3144836425781,782.4439697265625,366.3144836425781,782.4439697265625,366.3144836425781,782.4439697265625,,,,,0.0,0.0,0.0,2.28332781791687,-1.0019283294677734,1.0405439138412476,1.0405439138412476
56,2,704.8857421875,619.8682861328125,704.8857421875,619.8682861328125,704.8857421875,619.8682861328125,,,,,0.0,0.0,0.0,0.003966416697949171,-0.009526482783257961,1.1394747495651245,1.1394747495651245
56,3,828.5991821289062,478.1856384277344,828.5991821289062,478.1856384277344,828.5991821289062,478.1856384277344,,,,,0.0,0.0,0.0,-4.0127410888671875,1.8951613903045654,2.701308012008667,2.701308012008667
56,4,-41.179691314697266,394.2998352050781,-41.179691314697266,394.2998352050781,-41.179691314697266,394.2998352050781,,,,,0.0,0.0,0.0,-4.549602508544922,-0.28615254163742065,3.81864333152771,3.81864333152771
56,5,1601.3599853515625,426.4854736328125,1601.3599853515625,426.4854736328125,1601.3599853515625,426.4854736328125,,,,,0.0,0.0,0.0,0.17180150747299194,-0.025372106581926346,0.9299091696739197,0.9299091696739197
56,6,1747.4451904296875,460.8205871582031,1747.4451904296875,460.8205871582031,1747.4451904296875,460.8205871582031,,,,,0.0,0.0,0.0,-0.011916371062397957,0.04456871375441551,1.119124412536621,1.119124412536621
56,7,823.3846435546875,501.1394958496094,823.3846435546875,501.1394958496094,823.3846435546875,501.1394958496094,,,,,0.0,0.0,0.0,-4.399000644683838,1.8171021938323975,1.0670572519302368,1.0670572519302368
56,8,1466.3271484375,438.41497802734375,1466.3271484375,438.41497802734375,1466.3271484375,438.41497802734375,,,,,0.0,0.0,0.0,-0.0016411275137215853,0.005597320385277271,1.0541564226150513,1.0541564226150513
56,9,1606.4471435546875,441.4440002441406,1606.4471435546875,441.4440002441406,1606.4471435546875,441.4440002441406,,,,,0.0,0.0,0.0,0.13232025504112244,-0.07201755046844482,1.0866957902908325,1.0866957902908325
56,10,1493.7987060546875,312.9085693359375,1493.7987060546875,312.9085693359375,1493.7987060546875,312.9085693359375,,,,,0.0,0.0,0.0,-0.07257668673992157,-0.5946619510650635,0.9236339330673218,0.9236339330673218
56,11,1276.109130859375,327.6219177246094,1276.109130859375,327.6219177246094,1276.109130859375,327.6219177246094,,,,,0.0,0.0,0.0,-2.4501514434814453,1.002408504486084,0.9227068424224854,0.9227068424224854
56,12,30.792922973632812,944.4194946289062,30.792922973632812,944.4194946289062,30.792922973632812,944.4194946289062,,,,,0.0,0.0,0.0,1.6045987606048584,-1.229824185371399,1.7258362770080566,1.7258362770080566
57,0,544.400634765625,703.0864868164062,544.400634765625,703.0864868164062,544.400634765625,703.0864868164062,,,,,0.0,0.0,0.0,0.6786234974861145,-0.29576170444488525,1.2210566997528076,1.2210566997528076
57,1,369.19451904296875,781.3385009765625,369.19451904296875,781.3385009765625,369.19451904296875,781.3385009765625,,,,,0.0,0.0,0.0,2.336562156677246,-1.0111641883850098,1.207040548324585,1.207040548324585
57,2,704.8897094726562,619.8587646484375,704.8897094726562,619.8587646484375,704.8897094726562,619.8587646484375,,,,,0.0,0.0,0.0,0.0038474244065582752,-0.009240688756108284,1.350287914276123,1.350287914276123
57,3,824.0797119140625,481.3453063964844,824.0797119140625,481.3453063964844,824.0797119140625,481.3453063964844,,,,,0.0,0.0,0.0,-4.045813083648682,1.9776933193206787,2.8026680946350098,2.8026680946350098
57,4,-45.72929382324219,394.013671875,-45.72929382324219,394.013671875,-45.72929382324219,394.013671875,,,,,0.0,0.0,0.0,-4.413114547729492,-0.277567982673645,4.339153289794922,4.339153289794922
57,5,1600.3846435546875,425.06536865234375,1600.3846435546875,425.06536865234375,1600.3846435546875,425.06536865234375,,,,,0.0,0.0,0.0,0.08379186689853668,-0.1323804408311844,1.0530691146850586,1.0530691146850586
57,6,1747.4332275390625,460.8651428222656,1747.4332275390625,460.8651428222656,1747.4332275390625,460.8651428222656,,,,,0.0,0.0,0.0,-0.011558880098164082,0.04323165491223335,1.3197542428970337,1.3197542428970337
57,7,818.9856567382812,502.95660400390625,818.9856567382812,502.95660400390625,818.9856567382812,502.95660400390625,,,,,0.0,0.0,0.0,-4.267030715942383,1.7625892162322998,1.243571400642395,1.243571400642395
57,8,1466.3255615234375,438.4205627441406,1466.3255615234375,438.4205627441406,1466.3255615234375,438.4205627441406,,,,,0.0,0.0,0.0,-0.0015918937278911471,0.005429401062428951,1.225095510482788,1.225095510482788
57,9,1606.5794677734375,441.3719787597656,1606.5794677734375,441.3719787597656,1606.5794677734375,441.3719787597656,,,,,0.0,0.0,0.0,0.1283506453037262,-0.06985702365636826,1.2719930410385132,1.2719930410385132
57,10,1493.887939453125,312.89947509765625,1493.887939453125,312.89947509765625,1493.887939453125,312.89947509765625,,,,,0.0,0.0,0.0,-0.060260288417339325,-0.5501152276992798,1.0447027683258057,1.0447027683258057
57,11,1273.71044921875,328.775634765625,1273.71044921875,328.775634765625,1273.71044921875,328.775634765625,,,,,0.0,0.0,0.0,-2.4462432861328125,1.0138940811157227,1.0432960987091064,1.0432960987091064
57,12,33.29136657714844,942.846923828125,33.29136657714844,942.846923828125,33.29136657714844,942.846923828125,,,,,0.0,0.0,0.0,1.7645610570907593,-1.2911683320999146,2.3402223587036133,2.3402223587036133
58,0,545.0792846679688,702.7907104492188,545.0792846679688,702.7907104492188,545.0792846679688,702.7907104492188,,,,,0.0,0.0,0.0,0.6582648158073425,-0.28688886761665344,1.4567654132843018,1.4567654132843018
58,1,372.08404541015625,780.2496948242188,372.08404541015625,780.2496948242188,372.08404541015625,780.2496948242188,,,,,0.0,0.0,0.0,2.3863420486450195,-1.0181537866592407,1.3931273221969604,1.3931273221969604
58,2,704.8935546875,619.8495483398438,704.8935546875,619.8495483398438,704.8935546875,619.8495483398438,,,,,0.0,0.0,0.0,0.0037320018745958805,-0.008963468484580517,1.602798342704773,1.602798342704773
58,3,819.34130859375,484.4680480957031,819.34130859375,484.4680480957031,819.34130859375,484.4680480957031,,,,,0.0,0.0,0.0,-4.09003210067749,2.0508015155792236,2.8896522521972656,2.8896522521972656
58,4,-50.14241027832031,393.7361145019531,-50.14241027832031,393.7361145019531,-50.14241027832031,393.7361145019531,,,,,0.0,0.0,0.0,-4.280721187591553,-0.26924094557762146,4.909537315368652,4.909537315368652
58,5,1599.1748046875,423.3998107910156,1599.1748046875,423.3998107910156,1599.1748046875,423.3998107910156,,,,,0.0,0.0,0.0,-0.016147663816809654,-0.25083601474761963,1.1883034706115723,1.1883034706115723
58,6,1747.421630859375,460.90838623046875,1747.421630859375,460.90838623046875,1747.421630859375,460.90838623046875,,,,,0.0,0.0,0.0,-0.011212114244699478,0.04193470627069473,1.5588515996932983,1.5588515996932983
58,7,814.7186279296875,504.7192077636719,814.7186279296875,504.7192077636719,814.7186279296875,504.7192077636719,,,,,0.0,0.0,0.0,-4.139019966125488,1.7097115516662598,1.4513200521469116,1.4513200521469116
58,8,1466.323974609375,438.4259948730469,1466.323974609375,438.4259948730469,1466.323974609375,438.4259948730469,,,,,0.0,0.0,0.0,-0.0015441370196640491,0.005266519263386726,1.4256833791732788,1.4256833791732788
58,9,1606.707763671875,441.3021240234375,1606.707763671875,441.3021240234375,1606.707763671875,441.3021240234375,,,,,0.0,0.0,0.0,0.12450013309717178,-0.06776131689548492,1.4910898208618164,1.4910898208618164
58,10,1494.0074462890625,312.9970397949219,1494.0074462890625,312.9970397949219,1494.0074462890625,312.9970397949219,,,,,0.0,0.0,0.0,-0.04648635908961296,-0.5005064606666565,1.1775182485580444,1.1775182485580444
58,11,1271.34619140625,330.0130310058594,1271.34619140625,330.0130310058594,1271.34619140625,330.0130310058594,,,,,0.0,0.0,0.0,-2.439971446990967,1.0309879779815674,1.1756651401519775,1.1756651401519775
58,12,35.99730682373047,941.1873168945312,35.99730682373047,941.1873168945312,35.99730682373047,941.1873168945312,,,,,0.0,0.0,0.0,1.9150813817977905,-1.3500752449035645,2.976766586303711,2.976766586303711
59,0,545.737548828125,702.5038452148438,545.737548828125,702.5038452148438,545.737548828125,702.5038452148438,,,,,0.0,0.0,0.0,0.638516902923584,-0.27828219532966614,1.734527587890625,1.734527587890625
59,1,375.0391540527344,779.1749267578125,375.0391540527344,779.1749267578125,375.0391540527344,779.1749267578125,,,,,0.0,0.0,0.0,2.437302589416504,-1.0232305526733398,1.594649314880371,1.594649314880371
59,2,704.8972778320312,619.840576171875,704.8972778320312,619.840576171875,704.8972778320312,619.840576171875,,,,,0.0,0.0,0.0,0.003620041999965906,-0.008694564923644066,1.9007067680358887,1.9007067680358887
59,3,814.6475219726562,487.3919677734375,814.6475219726562,487.3919677734375,814.6475219726562,487.3919677734375,,,,,0.0,0.0,0.0,-4.127800941467285,2.1054179668426514,2.9629945755004883,2.9629945755004883
59,4,-54.42313003540039,393.4668884277344,-54.42313003540039,393.4668884277344,-54.42313003540039,393.4668884277344,,,,,0.0,0.0,0.0,-4.152299880981445,-0.26116371154785156,5.53206729888916,5.53206729888916
59,5,1597.7913818359375,421.52508544921875,1597.7913818359375,421.52508544921875,1597.7913818359375,421.52508544921875,,,,,0.0,0.0,0.0,-0.12147831171751022,-0.3759310245513916,1.3334403038024902,1.3334403038024902
59,6,1747.410400390625,460.9503173828125,1747.410400390625,460.9503173828125,1747.410400390625,460.9503173828125,,,,,0.0,0.0,0.0,-0.01087575126439333,0.04067666456103325,1.8397371768951416,1.8397371768951416
59,7,810.57958984375,506.4289245605469,810.57958984375,506.4289245605469,810.57958984375,506.4289245605469,,,,,0.0,0.0,0.0,-4.014849662780762,1.658420205116272,1.6928120851516724,1.6928120851516724
59,8,1466.3223876953125,438.4312744140625,1466.3223876953125,438.4312744140625,1466.3223876953125,438.4312744140625,,,,,0.0,0.0,0.0,-0.0014978129183873534,0.005108523648232222,1.6582584381103516,1.6582584381103516
59,9,1606.832275390625,441.234375,1606.832275390625,441.234375,1606.832275390625,441.234375,,,,,0.0,0.0,0.0,0.12076513469219208,-0.06572847813367844,1.7467765808105469,1.7467765808105469
59,10,1494.16015625,313.20709228515625,1494.16015625,313.20709228515625,1494.16015625,313.20709228515625,,,,,0.0,0.0,0.0,-0.03126950189471245,-0.44623586535453796,1.319985032081604,1.319985032081604
59,11,1269.021484375,331.2449951171875,1269.021484375,331.2449951171875,1269.021484375,331.2449951171875,,,,,0.0,0.0,0.0,-2.4311845302581787,1.0463206768035889,1.3177255392074585,1.3177255392074585
59,12,38.755950927734375,939.5645751953125,38.755950927734375,939.5645751953125,38.755950927734375,939.5645751953125,,,,,0.0,0.0,0.0,2.0358457565307617,-1.3891099691390991,3.5680830478668213,3.5680830478668213
60,0,546.3760375976562,702.2255859375,546.3760375976562,702.2255859375,546.3760375976562,702.2255859375,,,,,0.0,0.0,0.0,0.619361400604248,-0.2699337303638458,2.057781934738159,2.057781934738159
60,1,377.9674987792969,778.1505737304688,377.9674987792969,778.1505737304688,377.9674987792969,778.1505737304688,,,,,0.0,0.0,0.0,2.4806978702545166,-1.0233269929885864,1.806391716003418,1.806391716003418
60,2,704.90087890625,619.8319091796875,704.90087890625,619.8319091796875,704.90087890625,619.8319091796875,,,,,0.0,0.0,0.0,0.0035114409402012825,-0.008433728478848934,2.247714042663574,2.247714042663574
60,3,809.9171142578125,490.2541198730469,809.9171142578125,490.2541198730469,809.9171142578125,490.2541198730469,,,,,0.0,0.0,0.0,-4.164793968200684,2.1518728733062744,3.0237438678741455,3.0237438678741455
60,4,-58.57543182373047,393.2057189941406,-58.57543182373047,393.2057189941406,-58.57543182373047,393.2057189941406,,,,,0.0,0.0,0.0,-4.027730941772461,-0.253328800201416,6.209015846252441,6.209015846252441
60,5,1596.205322265625,419.42901611328125,1596.205322265625,419.42901611328125,1596.205322265625,419.42901611328125,,,,,0.0,0.0,0.0,-0.23317325115203857,-0.507115364074707,1.4858111143112183,1.4858111143112183
60,6,1747.3995361328125,460.9909973144531,1747.3995361328125,460.9909973144531,1747.3995361328125,460.9909973144531,,,,,0.0,0.0,0.0,-0.01054947916418314,0.03945636749267578,2.165731906890869,2.165731906890869
60,7,806.5647583007812,508.08734130859375,806.5647583007812,508.08734130859375,806.5647583007812,508.08734130859375,,,,,0.0,0.0,0.0,-3.894404172897339,1.6086676120758057,1.9705559015274048,1.9705559015274048
60,8,1466.3209228515625,438.4363708496094,1466.3209228515625,438.4363708496094,1466.3209228515625,438.4363708496094,,,,,0.0,0.0,0.0,-0.0014528785832226276,0.004955267999321222,1.925158977508545,1.925158977508545
60,9,1606.9530029296875,441.16864013671875,1606.9530029296875,441.16864013671875,1606.9530029296875,441.16864013671875,,,,,0.0,0.0,0.0,0.11714218556880951,-0.06375662237405777,2.0418434143066406,2.0418434143066406
60,10,1494.3453369140625,313.5198059082031,1494.3453369140625,313.5198059082031,1494.3453369140625,313.5198059082031,,,,,0.0,0.0,0.0,-0.01490330696105957,-0.38884204626083374,1.4695322513580322,1.4695322513580322
60,11,1266.7813720703125,332.4629211425781,1266.7813720703125,332.4629211425781,1266.7813720703125,332.4629211425781,,,,,0.0,0.0,0.0,-2.4167535305023193,1.0592864751815796,1.4669134616851807,1.4669134616851807
60,12,41.4425048828125,937.8895874023438,41.4425048828125,937.8895874023438,41.4425048828125,937.8895874023438,,,,,0.0,0.0,0.0,2.119865894317627,-1.4260244369506836,4.06598424911499,4.06598424911499
61,0,547.9415893554688,701.5048217773438,547.9415893554688,701.5048217773438,547.9415893554688,701.5048217773438,,,,,0.0,0.0,0.0,0.6945199370384216,-0.30574312806129456,1.097058653831482,1.097058653831482
61,1,381.6094970703125,775.2406616210938,381.6094970703125,775.2406616210938,381.6094970703125,775.2406616210938,,,,,0.0,0.0,0.0,2.5813310146331787,-1.1868120431900024,1.0404655933380127,1.0404655933380127
61,2,704.9091186523438,620.0137329101562,704.9091186523438,620.0137329101562,704.9091186523438,620.0137329101562,,,,,0.0,0.0,0.0,0.003879143623635173,0.006470484659075737,1.1393262147903442,1.1393262147903442
61,3,804.9541015625,478.8536376953125,804.9541015625,478.8536376953125,804.9541015625,478.8536376953125,,,,,0.0,0.0,0.0,-4.212960720062256,1.3340733051300049,1.26252019405365,1.26252019405365
61,4,-62.60316467285156,392.952392578125,-62.60316467285156,392.952392578125,-62.60316467285156,392.952392578125,,,,,0.0,0.0,0.0,-3.9068992137908936,-0.24572893977165222,6.942654609680176,6.942654609680176
61,5,1602.4154052734375,424.3921813964844,1602.4154052734375,424.3921813964844,1602.4154052734375,424.3921813964844,,,,,0.0,0.0,0.0,0.25090616941452026,-0.09613239765167236,0.9297715425491333,0.9297715425491333
61,6,1747.493896484375,460.8703918457031,1747.493896484375,460.8703918457031,1747.493896484375,460.8703918457031,,,,,0.0,0.0,0.0,-0.0025345939211547375,0.027218656614422798,1.1189731359481812,1.1189731359481812
61,7,792.6586303710938,512.7103881835938,792.6586303710938,512.7103881835938,792.6586303710938,512.7103881835938,,,,,0.0,0.0,0.0,-4.6126484870910645,1.8249210119247437,1.0669597387313843,1.0669597387313843
61,8,1466.327880859375,438.3809509277344,1466.327880859375,438.3809509277344,1466.327880859375,438.3809509277344,,,,,0.0,0.0,0.0,-0.0008578745764680207,0.0006937222788110375,1.0540879964828491,1.0540879964828491
61,9,1606.787353515625,441.3759765625,1606.787353515625,441.3759765625,1606.787353515625,441.3759765625,,,,,0.0,0.0,0.0,0.09635794907808304,-0.043831486254930496,1.0865663290023804,1.0865663290023804
61,10,1493.98193359375,310.62054443359375,1493.98193359375,310.62054443359375,1493.98193359375,310.62054443359375,,,,,0.0,0.0,0.0,-0.040875233709812164,-0.5759035348892212,0.9236049056053162,0.9236049056053162
61,11,1263.1846923828125,332.35931396484375,1263.1846923828125,332.35931396484375,1263.1846923828125,332.35931396484375,,,,,0.0,0.0,0.0,-2.5046169757843018,0.9726895093917847,0.9226572513580322,0.9226572513580322
61,12,41.80026626586914,937.9135131835938,41.80026626586914,937.9135131835938,41.80026626586914,937.9135131835938,,,,,0.0,0.0,0.0,1.9128440618515015,-1.2556757926940918,1.446115255355835,1.446115255355835
62,0,548.6361083984375,701.1990966796875,548.6361083984375,701.1990966796875,548.6361083984375,701.1990966796875,,,,,0.0,0.0,0.0,0.6736843585968018,-0.2965708374977112,1.3014434576034546,1.3014434576034546
62,1,384.2740478515625,774.211669921875,384.2740478515625,774.211669921875,384.2740478515625,774.211669921875,,,,,0.0,0.0,0.0,2.5887563228607178,-1.1727293729782104,1.206952452659607,1.206952452659607
62,2,704.9130249023438,620.0202026367188,704.9130249023438,620.0202026367188,704.9130249023438,620.0202026367188,,,,,0.0,0.0,0.0,0.0037627695128321648,0.006276370491832495,1.3500840663909912,1.3500840663909912
62,3,800.2568969726562,481.29827880859375,800.2568969726562,481.29827880859375,800.2568969726562,481.29827880859375,,,,,0.0,0.0,0.0,-4.24345064163208,1.4040008783340454,1.3714007139205933,1.3714007139205933
62,4,-66.51006317138672,392.7066650390625,-66.51006317138672,392.7066650390625,-66.51006317138672,392.7066650390625,,,,,0.0,0.0,0.0,-3.7896924018859863,-0.2383570820093155,7.735255718231201,7.735255718231201
62,5,1601.4495849609375,422.9632263183594,1601.4495849609375,422.9632263183594,1601.4495849609375,422.9632263183594,,,,,0.0,0.0,0.0,0.1575852781534195,-0.1983679085969925,1.0528823137283325,1.0528823137283325
62,6,1747.4913330078125,460.8976135253906,1747.4913330078125,460.8976135253906,1747.4913330078125,460.8976135253906,,,,,0.0,0.0,0.0,-0.0024585560895502567,0.026402097195386887,1.3195371627807617,1.3195371627807617
62,7,788.0459594726562,514.5353393554688,788.0459594726562,514.5353393554688,788.0459594726562,514.5353393554688,,,,,0.0,0.0,0.0,-4.474269390106201,1.77017343044281,1.2433927059173584,1.2433927059173584
62,8,1466.3270263671875,438.38165283203125,1466.3270263671875,438.38165283203125,1466.3270263671875,438.38165283203125,,,,,0.0,0.0,0.0,-0.0008321383502334356,0.0006729106535203755,1.2249466180801392,1.2249466180801392
62,9,1606.8836669921875,441.3321533203125,1606.8836669921875,441.3321533203125,1606.8836669921875,441.3321533203125,,,,,0.0,0.0,0.0,0.09346721321344376,-0.042516544461250305,1.2717852592468262,1.2717852592468262
62,10,1494.1171875,310.6614685058594,1494.1171875,310.6614685058594,1494.1171875,310.6614685058594,,,,,0.0,0.0,0.0,-0.027481621131300926,-0.5289987921714783,1.0446112155914307,1.0446112155914307
62,11,1260.9110107421875,333.47357177734375,1260.9110107421875,333.47357177734375,1260.9110107421875,333.47357177734375,,,,,0.0,0.0,0.0,-2.487062931060791,0.9834485054016113,1.043463110923767,1.043463110923767
62,12,44.007957458496094,936.6367797851562,44.007957458496094,936.6367797851562,44.007957458496094,936.6367797851562,,,,,0.0,0.0,0.0,1.9462709426879883,-1.2580628395080566,1.735538363456726,1.735538363456726
63,0,549.309814453125,700.9025268554688,549.309814453125,700.9025268554688,549.309814453125,700.9025268554688,,,,,0.0,0.0,0.0,0.6534738540649414,-0.2876737117767334,1.5448148250579834,1.5448148250579834
63,1,386.8172912597656,773.2731323242188,386.8172912597656,773.2731323242188,386.8172912597656,773.2731323242188,,,,,0.0,0.0,0.0,2.5846598148345947,-1.1516478061676025,1.3930317163467407,1.3930317163467407
63,2,704.9168090820312,620.0264892578125,704.9168090820312,620.0264892578125,704.9168090820312,620.0264892578125,,,,,0.0,0.0,0.0,0.003649886464700103,0.006088079418987036,1.6025325059890747,1.6025325059890747
63,3,795.4597778320312,483.8841552734375,795.4597778320312,483.8841552734375,795.4597778320312,483.8841552734375,,,,,0.0,0.0,0.0,-4.279336929321289,1.4806045293807983,1.4894239902496338,1.4894239902496338
63,4,-70.29975891113281,392.46832275390625,-70.29975891113281,392.46832275390625,-70.29975891113281,392.46832275390625,,,,,0.0,0.0,0.0,-3.676001787185669,-0.23120637238025665,8.589091300964355,8.589091300964355
63,5,1600.2872314453125,421.34222412109375,1600.2872314453125,421.34222412109375,1600.2872314453125,421.34222412109375,,,,,0.0,0.0,0.0,0.055620741099119186,-0.3082614243030548,1.1880666017532349,1.1880666017532349
63,6,1747.4888916015625,460.92401123046875,1747.4888916015625,460.92401123046875,1747.4888916015625,460.92401123046875,,,,,0.0,0.0,0.0,-0.0023847995325922966,0.02561003528535366,1.5585594177246094,1.5585594177246094
63,7,783.5717163085938,516.3055419921875,783.5717163085938,516.3055419921875,783.5717163085938,516.3055419921875,,,,,0.0,0.0,0.0,-4.340041637420654,1.7170683145523071,1.4510445594787598,1.4510445594787598
63,8,1466.326171875,438.38232421875,1466.326171875,438.38232421875,1466.326171875,438.38232421875,,,,,0.0,0.0,0.0,-0.0008071742486208677,0.0006527233636006713,1.4254368543624878,1.4254368543624878
63,9,1606.9771728515625,441.2896423339844,1606.9771728515625,441.2896423339844,1606.9771728515625,441.2896423339844,,,,,0.0,0.0,0.0,0.09066320210695267,-0.04124104976654053,1.4907904863357544,1.4907904863357544
63,10,1494.281005859375,310.8208923339844,1494.281005859375,310.8208923339844,1494.281005859375,310.8208923339844,,,,,0.0,0.0,0.0,-0.01283538993448019,-0.4762878715991974,1.1773544549942017,1.1773544549942017
63,11,1258.6790771484375,334.57666015625,1258.6790771484375,334.57666015625,1258.6790771484375,334.57666015625,,,,,0.0,0.0,0.0,-2.4675345420837402,0.9926039576530457,1.1760029792785645,1.1760029792785645
63,12,46.21110534667969,935.4287719726562,46.21110534667969,935.4287719726562,46.21110534667969,935.4287719726562,,,,,0.0,0.0,0.0,1.974105715751648,-1.2526427507400513,2.037942886352539,2.037942886352539
64,0,549.9633178710938,700.6148681640625,549.9633178710938,700.6148681640625,549.9633178710938,700.6148681640625,,,,,0.0,0.0,0.0,0.6338696479797363,-0.2790434956550598,1.8306113481521606,1.8306113481521606
64,1,389.2676086425781,772.4175415039062,389.2676086425781,772.4175415039062,389.2676086425781,772.4175415039062,,,,,0.0,0.0,0.0,2.5726234912872314,-1.1251158714294434,1.5945487022399902,1.5945487022399902
64,2,704.9204711914062,620.0325927734375,704.9204711914062,620.0325927734375,704.9204711914062,620.0325927734375,,,,,0.0,0.0,0.0,0.0035403899382799864,0.005905437283217907,1.9003722667694092,1.9003722667694092
64,3,790.56494140625,486.58636474609375,790.56494140625,486.58636474609375,790.56494140625,486.58636474609375,,,,,0.0,0.0,0.0,-4.3199567794799805,1.561227560043335,1.6146386861801147,1.6146386861801147
64,4,-73.97576141357422,392.23712158203125,-73.97576141357422,392.23712158203125,-73.97576141357422,392.23712158203125,,,,,0.0,0.0,0.0,-3.5657217502593994,-0.22427019476890564,9.50643253326416,9.50643253326416
64,5,1598.874755859375,419.4912109375,1598.874755859375,419.4912109375,1598.874755859375,419.4912109375,,,,,0.0,0.0,0.0,-0.057458631694316864,-0.427087664604187,1.3331547975540161,1.3331547975540161
64,6,1747.4864501953125,460.9496154785156,1747.4864501953125,460.9496154785156,1747.4864501953125,460.9496154785156,,,,,0.0,0.0,0.0,-0.002313255565240979,0.024841735139489174,1.8393608331680298,1.8393608331680298
64,7,779.231689453125,518.0225830078125,779.231689453125,518.0225830078125,779.231689453125,518.0225830078125,,,,,0.0,0.0,0.0,-4.209840297698975,1.6655563116073608,1.692423939704895,1.692423939704895
64,8,1466.3253173828125,438.3829650878906,1466.3253173828125,438.3829650878906,1466.3253173828125,438.3829650878906,,,,,0.0,0.0,0.0,-0.0007829590467736125,0.0006331416661851108,1.657896876335144,1.657896876335144
64,9,1607.06787109375,441.2484130859375,1607.06787109375,441.2484130859375,1607.06787109375,441.2484130859375,,,,,0.0,0.0,0.0,0.08794330805540085,-0.04000382125377655,1.7463723421096802,1.7463723421096802
64,10,1494.479736328125,311.086669921875,1494.479736328125,311.086669921875,1494.479736328125,311.086669921875,,,,,0.0,0.0,0.0,0.003317867871373892,-0.4196324646472931,1.319743275642395,1.319743275642395
64,11,1256.3565673828125,335.69158935546875,1256.3565673828125,335.69158935546875,1256.3565673828125,335.69158935546875,,,,,0.0,0.0,0.0,-2.4564692974090576,1.001939296722412,1.3181869983673096,1.3181869983673096
64,12,48.350860595703125,934.3192138671875,48.350860595703125,934.3192138671875,48.350860595703125,934.3192138671875,,,,,0.0,0.0,0.0,1.9911960363388062,-1.2378815412521362,2.339912176132202,2.339912176132202
65,0,550.59716796875,700.3358154296875,550.59716796875,700.3358154296875,550.59716796875,700.3358154296875,,,,,0.0,0.0,0.0,0.61485356092453,-0.2706722021102905,2.162271499633789,2.162271499633789
65,1,391.52764892578125,771.6879272460938,391.52764892578125,771.6879272460938,391.52764892578125,771.6879272460938,,,,,0.0,0.0,0.0,2.54499888420105,-1.0901598930358887,1.8062889575958252,1.8062889575958252
65,2,704.9240112304688,620.0385131835938,704.9240112304688,620.0385131835938,704.9240112304688,620.0385131835938,,,,,0.0,0.0,0.0,0.0034341784194111824,0.005728274118155241,2.2473039627075195,2.2473039627075195
65,3,785.3324584960938,489.5975036621094,785.3324584960938,489.5975036621094,785.3324584960938,489.5975036621094,,,,,0.0,0.0,0.0,-4.3807573318481445,1.657834768295288,1.7447903156280518,1.7447903156280518
65,4,-77.5414810180664,392.0128479003906,-77.5414810180664,392.0128479003906,-77.5414810180664,392.0128479003906,,,,,0.0,0.0,0.0,-3.4587502479553223,-0.21754209697246552,10.489551544189453,10.489551544189453
65,5,1597.311767578125,417.46783447265625,1597.311767578125,417.46783447265625,1597.311767578125,417.46783447265625,,,,,0.0,0.0,0.0,-0.17225593328475952,-0.5488123297691345,1.4854810237884521,1.4854810237884521
65,6,1747.484130859375,460.9744567871094,1747.484130859375,460.9744567871094,1747.484130859375,460.9744567871094,,,,,0.0,0.0,0.0,-0.002243858063593507,0.02409648336470127,2.165262222290039,2.165262222290039
65,7,775.0218505859375,519.6881103515625,775.0218505859375,519.6881103515625,775.0218505859375,519.6881103515625,,,,,0.0,0.0,0.0,-4.083545207977295,1.6155896186828613,1.9700394868850708,1.9700394868850708
65,8,1466.3245849609375,438.38360595703125,1466.3245849609375,438.38360595703125,1466.3245849609375,438.38360595703125,,,,,0.0,0.0,0.0,-0.0007594702765345573,0.00061414745869115,1.9246653318405151,1.9246653318405151
65,9,1607.15576171875,441.2084045410156,1607.15576171875,441.2084045410156,1607.15576171875,441.2084045410156,,,,,0.0,0.0,0.0,0.08530501276254654,-0.03880370780825615,2.041321039199829,2.041321039199829
65,10,1494.707763671875,311.4601135253906,1494.707763671875,311.4601135253906,1494.707763671875,311.4601135253906,,,,,0.0,0.0,0.0,0.020307064056396484,-0.35967379808425903,1.4692113399505615,1.4692113399505615
65,11,1253.5999755859375,336.95098876953125,1253.5999755859375,336.95098876953125,1253.5999755859375,336.95098876953125,,,,,0.0,0.0,0.0,-2.4791579246520996,1.021393895149231,1.4674514532089233,1.4674514532089233
65,12,50.320438385009766,933.2443237304688,50.320438385009766,933.2443237304688,50.320438385009766,933.2443237304688,,,,,0.0,0.0,0.0,1.9890735149383545,-1.2218821048736572,2.6289656162261963,2.6289656162261963
66,0,550.9385986328125,700.2236328125,550.9385986328125,700.2236328125,550.9385986328125,700.2236328125,,,,,0.0,0.0,0.0,0.5936188101768494,-0.2583633065223694,1.1195697784423828,1.1195697784423828
66,1,392.4024353027344,770.4461669921875,392.4024353027344,770.4461669921875,392.4024353027344,770.4461669921875,,,,,0.0,0.0,0.0,2.4002630710601807,-1.1032955646514893,1.0404386520385742,1.0404386520385742
66,2,704.868896484375,620.1238403320312,704.868896484375,620.1238403320312,704.868896484375,620.1238403320312,,,,,0.0,0.0,0.0,-0.0011521102860569954,0.011962249875068665,1.1392349004745483,1.1392349004745483
66,3,780.6127319335938,485.36328125,780.6127319335938,485.36328125,780.6127319335938,485.36328125,,,,,0.0,0.0,0.0,-4.403410911560059,1.2641104459762573,1.0006937980651855,1.0006937980651855
66,4,-81.00022888183594,391.7953186035156,-81.00022888183594,391.7953186035156,-81.00022888183594,391.7953186035156,,,,,0.0,0.0,0.0,-3.354987859725952,-0.21101583540439606,11.540719985961914,11.540719985961914
66,5,1603.2061767578125,423.9054870605469,1603.2061767578125,423.9054870605469,1603.2061767578125,423.9054870605469,,,,,0.0,0.0,0.0,0.2834893763065338,-0.023966947570443153,0.9296534657478333,0.9296534657478333
66,6,1747.591064453125,460.48284912109375,1747.591064453125,460.48284912109375,1747.591064453125,460.48284912109375,,,,,0.0,0.0,0.0,0.0060987272299826145,-0.015328495763242245,1.1188619136810303,1.1188619136810303
66,7,759.8292846679688,524.2846069335938,759.8292846679688,524.2846069335938,759.8292846679688,524.2846069335938,,,,,0.0,0.0,0.0,-4.880371570587158,1.8294024467468262,1.0668158531188965,1.0668158531188965
66,8,1466.3411865234375,438.321044921875,1466.3411865234375,438.321044921875,1466.3411865234375,438.321044921875,,,,,0.0,0.0,0.0,0.00046190377906896174,-0.00384454894810915,1.0539442300796509,1.0539442300796509
66,9,1606.876220703125,441.4048767089844,1606.876220703125,441.4048767089844,1606.876220703125,441.4048767089844,,,,,0.0,0.0,0.0,0.05848804488778114,-0.021512538194656372,1.0864298343658447,1.0864298343658447
66,10,1494.5267333984375,308.7933349609375,1494.5267333984375,308.7933349609375,1494.5267333984375,308.7933349609375,,,,,0.0,0.0,0.0,0.005308664403855801,-0.5315423607826233,0.9234763383865356,0.9234763383865356
66,11,1249.7359619140625,337.9849853515625,1249.7359619140625,337.9849853515625,1249.7359619140625,337.9849853515625,,,,,0.0,0.0,0.0,-2.582282066345215,1.0223323106765747,0.9228418469429016,0.9228418469429016
66,12,51.250770568847656,933.73828125,51.250770568847656,933.73828125,51.250770568847656,933.73828125,,,,,0.0,0.0,0.0,1.8900256156921387,-1.06136155128479,1.2313716411590576,1.2313716411590576
67,0,551.5322265625,699.9652709960938,551.5322265625,699.9652709960938,551.5322265625,699.9652709960938,,,,,0.0,0.0,0.0,0.5758102536201477,-0.25061240792274475,1.3235654830932617,1.3235654830932617
67,1,394.51055908203125,769.6790161132812,394.51055908203125,769.6790161132812,394.51055908203125,769.6790161132812,,,,,0.0,0.0,0.0,2.374199390411377,-1.073309302330017,1.2069257497787476,1.2069257497787476
67,2,704.8677368164062,620.1358032226562,704.8677368164062,620.1358032226562,704.8677368164062,620.1358032226562,,,,,0.0,0.0,0.0,-0.0011175470426678658,0.011603382416069508,1.349974274635315,1.349974274635315
67,3,775.576171875,487.844970703125,775.576171875,487.844970703125,775.576171875,487.844970703125,,,,,0.0,0.0,0.0,-4.44783878326416,1.3495476245880127,1.1136863231658936,1.1136863231658936
67,4,-84.35521697998047,391.58428955078125,-84.35521697998047,391.58428955078125,-84.35521697998047,391.58428955078125,,,,,0.0,0.0,0.0,-3.254338264465332,-0.20468536019325256,12.662209510803223,12.662209510803223
67,5,1602.1455078125,422.6102600097656,1602.1455078125,422.6102600097656,1602.1455078125,422.6102600097656,,,,,0.0,0.0,0.0,0.18039844930171967,-0.12147330492734909,1.0527418851852417,1.0527418851852417
67,6,1747.59716796875,460.467529296875,1747.59716796875,460.467529296875,1747.59716796875,460.467529296875,,,,,0.0,0.0,0.0,0.005915765650570393,-0.014868641272187233,1.319399118423462,1.319399118423462
67,7,754.9489135742188,526.114013671875,754.9489135742188,526.114013671875,754.9489135742188,526.114013671875,,,,,0.0,0.0,0.0,-4.7339606285095215,1.7745203971862793,1.2431983947753906,1.2431983947753906
67,8,1466.3416748046875,438.31719970703125,1466.3416748046875,438.31719970703125,1466.3416748046875,438.31719970703125,,,,,0.0,0.0,0.0,0.00044804668868891895,-0.003729212563484907,1.2247470617294312,1.2247470617294312
67,9,1606.9346923828125,441.38336181640625,1606.9346923828125,441.38336181640625,1606.9346923828125,441.38336181640625,,,,,0.0,0.0,0.0,0.056733403354883194,-0.020867163315415382,1.2716072797775269,1.2716072797775269
67,10,1494.6973876953125,308.90118408203125,1494.6973876953125,308.90118408203125,1494.6973876953125,308.90118408203125,,,,,0.0,0.0,0.0,0.017881331965327263,-0.4829307496547699,1.0444364547729492,1.0444364547729492
67,11,1247.08349609375,339.0605163574219,1247.08349609375,339.0605163574219,1247.08349609375,339.0605163574219,,,,,0.0,0.0,0.0,-2.5876166820526123,1.0263737440109253,1.0436426401138306,1.0436426401138306
67,12,53.05039596557617,932.672119140625,53.05039596557617,932.672119140625,53.05039596557617,932.672119140625,,,,,0.0,0.0,0.0,1.8814918994903564,-1.0618170499801636,1.4339967966079712,1.4339967966079712
68,0,552.1080322265625,699.7146606445312,552.1080322265625,699.7146606445312,552.1080322265625,699.7146606445312,,,,,0.0,0.0,0.0,0.5585359334945679,-0.2430940419435501,1.5665682554244995,1.5665682554244995
68,1,396.4269104003906,769.033935546875,396.4269104003906,769.033935546875,396.4269104003906,769.033935546875,,,,,0.0,0.0,0.0,2.3329811096191406,-1.0347607135772705,1.3930058479309082,1.3930058479309082
68,2,704.8666381835938,620.1473999023438,704.8666381835938,620.1473999023438,704.8666381835938,620.1473999023438,,,,,0.0,0.0,0.0,-0.0010840207105502486,0.011255281046032906,1.6024030447006226,1.6024030447006226
68,3,770.4118041992188,490.4768981933594,770.4118041992188,490.4768981933594,770.4118041992188,490.4768981933594,,,,,0.0,0.0,0.0,-4.499598979949951,1.4421778917312622,1.2397050857543945,1.2397050857543945
68,4,-87.60955810546875,391.3796081542969,-87.60955810546875,391.3796081542969,-87.60955810546875,391.3796081542969,,,,,0.0,0.0,0.0,-3.156708240509033,-0.19854480028152466,13.856293678283691,13.856293678283691
68,5,1600.8184814453125,421.08892822265625,1600.8184814453125,421.08892822265625,1600.8184814453125,421.08892822265625,,,,,0.0,0.0,0.0,0.06395979970693588,-0.22960498929023743,1.187905192375183,1.187905192375183
68,6,1747.60302734375,460.4526672363281,1747.60302734375,460.4526672363281,1747.60302734375,460.4526672363281,,,,,0.0,0.0,0.0,0.005738292820751667,-0.01442258246243,1.5583926439285278,1.5583926439285278
68,7,750.2149658203125,527.8885498046875,750.2149658203125,527.8885498046875,750.2149658203125,527.8885498046875,,,,,0.0,0.0,0.0,-4.591941833496094,1.7212848663330078,1.450793743133545,1.450793743133545
68,8,1466.3421630859375,438.3134765625,1466.3421630859375,438.3134765625,1466.3421630859375,438.3134765625,,,,,0.0,0.0,0.0,0.0004346052883192897,-0.0036173362750560045,1.4251741170883179,1.4251741170883179
68,9,1606.991455078125,441.36248779296875,1606.991455078125,441.36248779296875,1606.991455078125,441.36248779296875,,,,,0.0,0.0,0.0,0.05503140389919281,-0.0202411487698555,1.4905667304992676,1.4905667304992676
68,10,1494.89111328125,309.11572265625,1494.89111328125,309.11572265625,1494.89111328125,309.11572265625,,,,,0.0,0.0,0.0,0.031344424933195114,-0.42953452467918396,1.1771327257156372,1.1771327257156372
68,11,1244.4244384765625,340.16943359375,1244.4244384765625,340.16943359375,1244.4244384765625,340.16943359375,,,,,0.0,0.0,0.0,-2.5930771827697754,1.0326893329620361,1.176148533821106,1.176148533821106
68,12,54.75686264038086,931.6460571289062,54.75686264038086,931.6460571289062,54.75686264038086,931.6460571289062,,,,,0.0,0.0,0.0,1.865070104598999,-1.0584608316421509,1.6543382406234741,1.6543382406234741
69,0,552.6665649414062,699.4715576171875,552.6665649414062,699.4715576171875,552.6665649414062,699.4715576171875,,,,,0.0,0.0,0.0,0.5417798757553101,-0.23580123484134674,1.8520166873931885,1.8520166873931885
69,1,398.2419128417969,768.4993286132812,398.2419128417969,768.4993286132812,398.2419128417969,768.4993286132812,,,,,0.0,0.0,0.0,2.2865684032440186,-0.9899401068687439,1.5945243835449219,1.5945243835449219
69,2,704.8655395507812,620.1586303710938,704.8655395507812,620.1586303710938,704.8655395507812,620.1586303710938,,,,,0.0,0.0,0.0,-0.0010515000903978944,0.010917622596025467,1.9002220630645752,1.9002220630645752
69,3,765.107177734375,493.3092346191406,765.107177734375,493.3092346191406,765.107177734375,493.3092346191406,,,,,0.0,0.0,0.0,-4.5585832595825195,1.544034719467163,1.376662015914917,1.376662015914917
69,4,-90.76626586914062,391.1810607910156,-90.76626586914062,391.1810607910156,-90.76626586914062,391.1810607910156,,,,,0.0,0.0,0.0,-3.062007188796997,-0.1925884634256363,15.125243186950684,15.125243186950684
69,5,1599.2833251953125,419.3849792480469,1599.2833251953125,419.3849792480469,1599.2833251953125,419.3849792480469,,,,,0.0,0.0,0.0,-0.059208184480667114,-0.34315767884254456,1.3329750299453735,1.3329750299453735
69,6,1747.6087646484375,460.438232421875,1747.6087646484375,460.438232421875,1747.6087646484375,460.438232421875,,,,,0.0,0.0,0.0,0.005566144362092018,-0.013989905826747417,1.839163064956665,1.839163064956665
69,7,745.623046875,529.60986328125,745.623046875,529.60986328125,745.623046875,529.60986328125,,,,,0.0,0.0,0.0,-4.454183578491211,1.6696463823318481,1.692110538482666,1.692110538482666
69,8,1466.3426513671875,438.3098449707031,1466.3426513671875,438.3098449707031,1466.3426513671875,438.3098449707031,,,,,0.0,0.0,0.0,0.0004215671506244689,-0.0035088162403553724,1.6575639247894287,1.6575639247894287
69,9,1607.0465087890625,441.3422546386719,1607.0465087890625,441.3422546386719,1607.0465087890625,441.3422546386719,,,,,0.0,0.0,0.0,0.053380463272333145,-0.019633915275335312,1.7460983991622925,1.7460983991622925
69,10,1495.088134765625,309.4421691894531,1495.088134765625,309.4421691894531,1495.088134765625,309.4421691894531,,,,,0.0,0.0,0.0,0.04399312287569046,-0.3718246519565582,1.3194761276245117,1.3194761276245117
69,11,1241.692138671875,341.3804626464844,1241.692138671875,341.3804626464844,1241.692138671875,341.3804626464844,,,,,0.0,0.0,0.0,-2.6036996841430664,1.0462944507598877,1.318273663520813,1.318273663520813
69,12,56.364559173583984,930.6602783203125,56.364559173583984,930.6602783203125,56.364559173583984,930.6602783203125,,,,,0.0,0.0,0.0,1.8413023948669434,-1.051745891571045,1.8861325979232788,1.8861325979232788
70,0,553.2083740234375,699.2357788085938,553.2083740234375,699.2357788085938,553.2083740234375,699.2357788085938,,,,,0.0,0.0,0.0,0.5255265235900879,-0.22872720658779144,2.183349132537842,2.183349132537842
70,1,399.8766784667969,768.09423828125,399.8766784667969,768.09423828125,399.8766784667969,768.09423828125,,,,,0.0,0.0,0.0,2.2289655208587646,-0.9382561445236206,1.8062667846679688,1.8062667846679688
70,2,704.864501953125,620.1695556640625,704.864501953125,620.1695556640625,704.864501953125,620.1695556640625,,,,,0.0,0.0,0.0,-0.0010199551470577717,0.01059009414166212,2.247131824493408,2.247131824493408
70,3,759.6007080078125,496.402587890625,759.6007080078125,496.402587890625,759.6007080078125,496.402587890625,,,,,0.0,0.0,0.0,-4.628265857696533,1.6579334735870361,1.5219584703445435,1.5219584703445435
70,4,-93.8282699584961,390.98846435546875,-93.8282699584961,390.98846435546875,-93.8282699584961,390.98846435546875,,,,,0.0,0.0,0.0,-2.970147132873535,-0.18681082129478455,16.471330642700195,16.471330642700195
70,5,1597.492919921875,417.4519348144531,1597.492919921875,417.4519348144531,1597.492919921875,417.4519348144531,,,,,0.0,0.0,0.0,-0.19121813774108887,-0.4643917977809906,1.4852863550186157,1.4852863550186157
70,6,1747.6143798828125,460.42425537109375,1747.6143798828125,460.42425537109375,1747.6143798828125,460.42425537109375,,,,,0.0,0.0,0.0,0.005399160087108612,-0.01357020903378725,2.1650314331054688,2.1650314331054688
70,7,741.1688842773438,531.2794799804688,741.1688842773438,531.2794799804688,741.1688842773438,531.2794799804688,,,,,0.0,0.0,0.0,-4.320558071136475,1.6195570230484009,1.9696574211120605,1.9696574211120605
70,8,1466.343017578125,438.30633544921875,1466.343017578125,438.30633544921875,1466.343017578125,438.30633544921875,,,,,0.0,0.0,0.0,0.0004089201393071562,-0.0034035518765449524,1.9242547750473022,1.9242547750473022
70,9,1607.099853515625,441.3226318359375,1607.099853515625,441.3226318359375,1607.099853515625,441.3226318359375,,,,,0.0,0.0,0.0,0.05177905037999153,-0.019044898450374603,2.040992498397827,2.040992498397827
70,10,1495.486572265625,310.5310363769531,1495.486572265625,310.5310363769531,1495.486572265625,310.5310363769531,,,,,0.0,0.0,0.0,0.07078933715820312,-0.26140841841697693,1.468902826309204,1.468902826309204
70,11,1239.0137939453125,342.6462707519531,1239.0137939453125,342.6462707519531,1239.0137939453125,342.6462707519531,,,,,0.0,0.0,0.0,-2.6093294620513916,1.0628774166107178,1.467460036277771,1.467460036277771
70,12,58.0040168762207,929.5711669921875,58.0040168762207,929.5711669921875,58.0040168762207,929.5711669921875,,,,,0.0,0.0,0.0,1.823067307472229,-1.0551193952560425,2.122326135635376,2.122326135635376
71,0,552.9918212890625,699.1151123046875,552.9918212890625,699.1151123046875,552.9918212890625,699.1151123046875,,,,,0.0,0.0,0.0,0.4684070348739624,-0.2204134464263916,1.1235766410827637,1.1235766410827637
71,1,400.10223388671875,767.0136108398438,400.10223388671875,767.0136108398438,400.10223388671875,767.0136108398438,,,,,0.0,0.0,0.0,2.055354595184326,-0.9505939483642578,1.040433645248413,1.040433645248413
71,2,704.8727416992188,620.3886108398438,704.8727416992188,620.3886108398438,704.8727416992188,620.3886108398438,,,,,0.0,0.0,0.0,-0.00029552821069955826,0.026919657364487648,1.139198899269104,1.139198899269104
71,3,756.8185424804688,493.39813232421875,756.8185424804688,493.39813232421875,756.8185424804688,493.39813232421875,,,,,0.0,0.0,0.0,-4.493163585662842,1.3167349100112915,0.939379870891571,0.939379870891571
71,4,-96.79841613769531,390.8016662597656,-96.79841613769531,390.8016662597656,-96.79841613769531,390.8016662597656,,,,,0.0,0.0,0.0,-2.881042718887329,-0.18120649456977844,17.896827697753906,17.896827697753906
71,5,1603.2423095703125,423.776123046875,1603.2423095703125,423.776123046875,1603.2423095703125,423.776123046875,,,,,0.0,0.0,0.0,0.25505030155181885,0.045582693070173264,0.9295876026153564,0.9295876026153564
71,6,1747.6673583984375,460.48870849609375,1747.6673583984375,460.48870849609375,1747.6673583984375,460.48870849609375,,,,,0.0,0.0,0.0,0.009037820622324944,-0.007604528218507767,1.1188105344772339,1.1188105344772339
71,7,726.1596069335938,537.7393188476562,726.1596069335938,537.7393188476562,726.1596069335938,537.7393188476562,,,,,0.0,0.0,0.0,-5.087209224700928,1.9667264223098755,1.0667165517807007,1.0667165517807007
71,8,1466.3819580078125,438.26666259765625,1466.3819580078125,438.26666259765625,1466.3819580078125,438.26666259765625,,,,,0.0,0.0,0.0,0.003128187730908394,-0.005961660761386156,1.0538333654403687,1.0538333654403687
71,9,1606.8492431640625,441.4791564941406,1606.8492431640625,441.4791564941406,1606.8492431640625,441.4791564941406,,,,,0.0,0.0,0.0,0.029559388756752014,-0.006141901481896639,1.0863490104675293,1.0863490104675293
71,10,1494.9873046875,305.630615234375,1494.9873046875,305.630615234375,1494.9873046875,305.630615234375,,,,,0.0,0.0,0.0,0.028322312980890274,-0.6069620251655579,0.9233651161193848,0.9233651161193848
71,11,1236.79736328125,342.5978698730469,1236.79736328125,342.5978698730469,1236.79736328125,342.5978698730469,,,,,0.0,0.0,0.0,-2.580078601837158,0.9801610708236694,0.9228150844573975,0.9228150844573975
71,12,59.829769134521484,928.87353515625,59.829769134521484,928.87353515625,59.829769134521484,928.87353515625,,,,,0.0,0.0,0.0,1.8233039379119873,-1.0236340761184692,1.1221294403076172,1.1221294403076172
72,0,553.460205078125,698.8947143554688,553.460205078125,698.8947143554688,553.460205078125,698.8947143554688,,,,,0.0,0.0,0.0,0.45435482263565063,-0.2138010561466217,1.3267130851745605,1.3267130851745605
72,1,401.6865234375,766.5006103515625,401.6865234375,766.5006103515625,401.6865234375,766.5006103515625,,,,,0.0,0.0,0.0,2.0133275985717773,-0.9115524291992188,1.2069220542907715,1.2069220542907715
72,2,704.8724365234375,620.41552734375,704.8724365234375,620.41552734375,704.8724365234375,620.41552734375,,,,,0.0,0.0,0.0,-0.0002866623690351844,0.026112068444490433,1.34993577003479,1.34993577003479
72,3,751.5366821289062,495.9710693359375,751.5366821289062,495.9710693359375,751.5366821289062,495.9710693359375,,,,,0.0,0.0,0.0,-4.552873134613037,1.4118362665176392,1.0603920221328735,1.0603920221328735
72,4,-99.67945861816406,390.6204528808594,-99.67945861816406,390.6204528808594,-99.67945861816406,390.6204528808594,,,,,0.0,0.0,0.0,-2.7946114540100098,-0.17577029764652252,19.40400505065918,19.40400505065918
72,5,1603.497314453125,423.82171630859375,1603.497314453125,423.82171630859375,1603.497314453125,423.82171630859375,,,,,0.0,0.0,0.0,0.24739879369735718,0.044215213507413864,1.0909502506256104,1.0909502506256104
72,6,1747.6763916015625,460.4811096191406,1747.6763916015625,460.4811096191406,1747.6763916015625,460.4811096191406,,,,,0.0,0.0,0.0,0.008766686543822289,-0.007376392371952534,1.319342017173767,1.319342017173767
72,7,721.0723876953125,539.7060546875,721.0723876953125,539.7060546875,721.0723876953125,539.7060546875,,,,,0.0,0.0,0.0,-4.934593200683594,1.9077247381210327,1.2430784702301025,1.2430784702301025
72,8,1466.3851318359375,438.2607116699219,1466.3851318359375,438.2607116699219,1466.3851318359375,438.2607116699219,,,,,0.0,0.0,0.0,0.0030343420803546906,-0.0057828109711408615,1.224610686302185,1.224610686302185
72,9,1606.8787841796875,441.4730224609375,1606.8787841796875,441.4730224609375,1606.8787841796875,441.4730224609375,,,,,0.0,0.0,0.0,0.028672607615590096,-0.005957644432783127,1.2715122699737549,1.2715122699737549
72,10,1495.015625,305.0236511230469,1495.015625,305.0236511230469,1495.015625,305.0236511230469,,,,,0.0,0.0,0.0,0.027472645044326782,-0.5887531638145447,1.081968069076538,1.081968069076538
72,11,1234.2239990234375,343.7409973144531,1234.2239990234375,343.7409973144531,1234.2239990234375,343.7409973144531,,,,,0.0,0.0,0.0,-2.579571008682251,0.9925401210784912,1.0435535907745361,1.0435535907745361
72,12,61.44108200073242,927.8616333007812,61.44108200073242,927.8616333007812,61.44108200073242,927.8616333007812,,,,,0.0,0.0,0.0,1.804046630859375,-1.0225703716278076,1.3027883768081665,1.3027883768081665
73,0,553.91455078125,698.680908203125,553.91455078125,698.680908203125,553.91455078125,698.680908203125,,,,,0.0,0.0,0.0,0.4407241940498352,-0.2073870301246643,1.5689809322357178,1.5689809322357178
73,1,403.0533142089844,766.127197265625,403.0533142089844,766.127197265625,403.0533142089844,766.127197265625,,,,,0.0,0.0,0.0,1.955122470855713,-0.8631073832511902,1.3930033445358276,1.3930033445358276
73,2,704.8721313476562,620.441650390625,704.8721313476562,620.441650390625,704.8721313476562,620.441650390625,,,,,0.0,0.0,0.0,-0.0002780625072773546,0.025328706949949265,1.6023622751235962,1.6023622751235962
73,3,746.0161743164062,498.80865478515625,746.0161743164062,498.80865478515625,746.0161743164062,498.80865478515625,,,,,0.0,0.0,0.0,-4.6273088455200195,1.5215113162994385,1.1947342157363892,1.1947342157363892
73,4,-102.47406768798828,390.4446716308594,-102.47406768798828,390.4446716308594,-102.47406768798828,390.4446716308594,,,,,0.0,0.0,0.0,-2.710773229598999,-0.17049719393253326,20.995134353637695,20.995134353637695
73,5,1603.7447509765625,423.8659362792969,1603.7447509765625,423.8659362792969,1603.7447509765625,423.8659362792969,,,,,0.0,0.0,0.0,0.23997683823108673,0.04288875684142113,1.281176209449768,1.281176209449768
73,6,1747.6851806640625,460.4737243652344,1747.6851806640625,460.4737243652344,1747.6851806640625,460.4737243652344,,,,,0.0,0.0,0.0,0.008503686636686325,-0.00715510081499815,1.5583295822143555,1.5583295822143555
73,7,716.1378173828125,541.61376953125,716.1378173828125,541.61376953125,716.1378173828125,541.61376953125,,,,,0.0,0.0,0.0,-4.786555767059326,1.85049307346344,1.4506516456604004,1.4506516456604004
73,8,1466.38818359375,438.25494384765625,1466.38818359375,438.25494384765625,1466.38818359375,438.25494384765625,,,,,0.0,0.0,0.0,0.00294331181794405,-0.005609326995909214,1.425010323524475,1.425010323524475
73,9,1606.907470703125,441.4670715332031,1606.907470703125,441.4670715332031,1606.907470703125,441.4670715332031,,,,,0.0,0.0,0.0,0.027812430635094643,-0.005778915248811245,1.4904568195343018,1.4904568195343018
73,10,1495.0430908203125,304.4349060058594,1495.0430908203125,304.4349060058594,1495.0430908203125,304.4349060058594,,,,,0.0,0.0,0.0,0.026648467406630516,-0.571090579032898,1.2686513662338257,1.2686513662338257
73,11,1231.561279296875,344.8568420410156,1231.561279296875,344.8568420410156,1231.561279296875,344.8568420410156,,,,,0.0,0.0,0.0,-2.5859320163726807,1.0019707679748535,1.1759871244430542,1.1759871244430542
73,12,63.001007080078125,926.8662719726562,63.001007080078125,926.8662719726562,63.001007080078125,926.8662719726562,,,,,0.0,0.0,0.0,1.781644344329834,-1.0200716257095337,1.5043050050735474,1.5043050050735474
74,0,554.3552856445312,698.4735107421875,554.3552856445312,698.4735107421875,554.3552856445312,698.4735107421875,,,,,0.0,0.0,0.0,0.42750248312950134,-0.20116542279720306,1.8538187742233276,1.8538187742233276
74,1,404.2157897949219,765.8914794921875,404.2157897949219,765.8914794921875,404.2157897949219,765.8914794921875,,,,,0.0,0.0,0.0,1.884099006652832,-0.8068901896476746,1.5945230722427368,1.5945230722427368
74,2,704.871826171875,620.4669799804688,704.871826171875,620.4669799804688,704.871826171875,620.4669799804688,,,,,0.0,0.0,0.0,-0.00026972065097652376,0.024568846449255943,1.9001792669296265,1.9001792669296265
74,3,740.3349609375,501.8791809082031,740.3349609375,501.8791809082031,740.3349609375,501.8791809082031,,,,,0.0,0.0,0.0,-4.708624839782715,1.6410266160964966,1.3401100635528564,1.3401100635528564
74,4,-105.1848373413086,390.274169921875,-105.1848373413086,390.274169921875,-105.1848373413086,390.274169921875,,,,,0.0,0.0,0.0,-2.6294500827789307,-0.1653822809457779,22.672489166259766,22.672489166259766
74,5,1603.9847412109375,423.9088134765625,1603.9847412109375,423.9088134765625,1603.9847412109375,423.9088134765625,,,,,0.0,0.0,0.0,0.23277753591537476,0.04160209372639656,1.5026216506958008,1.5026216506958008
74,6,1747.6937255859375,460.4665832519531,1747.6937255859375,460.4665832519531,1747.6937255859375,460.4665832519531,,,,,0.0,0.0,0.0,0.00824857596307993,-0.0069404481910169125,1.8390941619873047,1.8390941619873047
74,7,711.3512573242188,543.4642333984375,711.3512573242188,543.4642333984375,711.3512573242188,543.4642333984375,,,,,0.0,0.0,0.0,-4.642959117889404,1.794978380203247,1.6919448375701904,1.6919448375701904
74,8,1466.39111328125,438.24932861328125,1466.39111328125,438.24932861328125,1466.39111328125,438.24932861328125,,,,,0.0,0.0,0.0,0.002855012658983469,-0.005441047251224518,1.6573705673217773,1.6573705673217773
74,9,1606.935302734375,441.4613037109375,1606.935302734375,441.4613037109375,1606.935302734375,441.4613037109375,,,,,0.0,0.0,0.0,0.026978058740496635,-0.005605548154562712,1.7459728717803955,1.7459728717803955
74,10,1495.0697021484375,303.86383056640625,1495.0697021484375,303.86383056640625,1495.0697021484375,303.86383056640625,,,,,0.0,0.0,0.0,0.02584901452064514,-0.5539578795433044,1.48568594455719,1.48568594455719
74,11,1228.9031982421875,345.9550476074219,1228.9031982421875,345.9550476074219,1228.9031982421875,345.9550476074219,,,,,0.0,0.0,0.0,-2.5914316177368164,1.009308934211731,1.318034291267395,1.318034291267395
74,12,64.47896575927734,925.88037109375,64.47896575927734,925.88037109375,64.47896575927734,925.88037109375,,,,,0.0,0.0,0.0,1.7538870573043823,-1.0169496536254883,1.721724033355713,1.721724033355713
75,0,554.7827758789062,698.2723388671875,554.7827758789062,698.2723388671875,554.7827758789062,698.2723388671875,,,,,0.0,0.0,0.0,0.4146774113178253,-0.19513046741485596,2.1846652030944824,2.1846652030944824
75,1,405.1629943847656,765.7930908203125,405.1629943847656,765.7930908203125,405.1629943847656,765.7930908203125,,,,,0.0,0.0,0.0,1.8012996912002563,-0.7442739009857178,1.8062664270401,1.8062664270401
75,2,704.87158203125,620.4915771484375,704.87158203125,620.4915771484375,704.87158203125,620.4915771484375,,,,,0.0,0.0,0.0,-0.0002616290294099599,0.02383178099989891,2.2470874786376953,2.2470874786376953
75,3,734.4434814453125,505.1431884765625,734.4434814453125,505.1431884765625,734.4434814453125,505.1431884765625,,,,,0.0,0.0,0.0,-4.799327373504639,1.765479326248169,1.4936832189559937,1.4936832189559937
75,4,-107.81428527832031,390.1087951660156,-107.81428527832031,390.1087951660156,-107.81428527832031,390.1087951660156,,,,,0.0,0.0,0.0,-2.5505666732788086,-0.16042082011699677,24.43834114074707,24.43834114074707
75,5,1604.217529296875,423.9504089355469,1604.217529296875,423.9504089355469,1604.217529296875,423.9504089355469,,,,,0.0,0.0,0.0,0.2257942110300064,0.040354032069444656,1.7576427459716797,1.7576427459716797
75,6,1747.7020263671875,460.45965576171875,1747.7020263671875,460.45965576171875,1747.7020263671875,460.45965576171875,,,,,0.0,0.0,0.0,0.008001118898391724,-0.0067322347313165665,2.164956569671631,2.164956569671631
75,7,706.7083129882812,545.2592163085938,706.7083129882812,545.2592163085938,706.7083129882812,545.2592163085938,,,,,0.0,0.0,0.0,-4.503670692443848,1.7411290407180786,1.9694666862487793,1.9694666862487793
75,8,1466.3939208984375,438.243896484375,1466.3939208984375,438.243896484375,1466.3939208984375,438.243896484375,,,,,0.0,0.0,0.0,0.0027693624142557383,-0.005277816206216812,1.9240297079086304,1.9240297079086304
75,9,1606.9622802734375,441.4556884765625,1606.9622802734375,441.4556884765625,1606.9622802734375,441.4556884765625,,,,,0.0,0.0,0.0,0.026168717071413994,-0.005437382031232119,2.0408506393432617,2.0408506393432617
75,10,1495.0955810546875,303.30987548828125,1495.0955810546875,303.30987548828125,1495.0955810546875,303.30987548828125,,,,,0.0,0.0,0.0,0.025073545053601265,-0.5373391509056091,1.735343098640442,1.735343098640442
75,11,1226.2264404296875,347.1007995605469,1226.2264404296875,347.1007995605469,1226.2264404296875,347.1007995605469,,,,,0.0,0.0,0.0,-2.5978713035583496,1.01961350440979,1.4671413898468018,1.4671413898468018
75,12,65.91703796386719,924.9232788085938,65.91703796386719,924.9232788085938,65.91703796386719,924.9232788085938,,,,,0.0,0.0,0.0,1.7254037857055664,-1.0115468502044678,1.9489229917526245,1.9489229917526245
76,0,554.6878051757812,698.2842407226562,554.6878051757812,698.2842407226562,554.6878051757812,698.2842407226562,,,,,0.0,0.0,0.0,0.3754929006099701,-0.1792125105857849,1.1237598657608032,1.1237598657608032
76,1,406.1977844238281,764.4415283203125,406.1977844238281,764.4415283203125,406.1977844238281,764.4415283203125,,,,,0.0,0.0,0.0,1.734875202178955,-0.7968994975090027,1.0404335260391235,1.0404335260391235
76,2,704.8474731445312,620.542724609375,704.8474731445312,620.542724609375,704.8474731445312,620.542724609375,,,,,0.0,0.0,0.0,-0.0021326234564185143,0.025975117459893227,1.1391903162002563,1.1391903162002563
76,3,731.3562622070312,502.79327392578125,731.3562622070312,502.79327392578125,731.3562622070312,502.79327392578125,,,,,0.0,0.0,0.0,-4.669679641723633,1.453847050666809,0.9329144358634949,0.9329144358634949
76,4,-110.36485290527344,389.9483642578125,-110.36485290527344,389.9483642578125,-110.36485290527344,389.9483642578125,,,,,0.0,0.0,0.0,-2.4740498065948486,-0.15560820698738098,26.294963836669922,26.294963836669922
76,5,1607.298828125,427.8375244140625,1607.298828125,427.8375244140625,1607.298828125,427.8375244140625,,,,,0.0,0.0,0.0,0.43602636456489563,0.32357102632522583,1.012002944946289,1.012002944946289
76,6,1747.70654296875,460.1974182128906,1747.70654296875,460.1974182128906,1747.70654296875,460.1974182128906,,,,,0.0,0.0,0.0,0.00772965420037508,-0.026265941560268402,1.1187949180603027,1.1187949180603027
76,7,689.8197021484375,551.626220703125,689.8197021484375,551.626220703125,689.8197021484375,551.626220703125,,,,,0.0,0.0,0.0,-5.391993999481201,2.0729238986968994,1.0666691064834595,1.0666691064834595
76,8,1466.23388671875,438.3940734863281,1466.23388671875,438.3940734863281,1466.23388671875,438.3940734863281,,,,,0.0,0.0,0.0,-0.00872453860938549,0.005694047547876835,1.0537755489349365,1.0537755489349365
76,9,1606.8038330078125,441.49188232421875,1606.8038330078125,441.49188232421875,1606.8038330078125,441.49188232421875,,,,,0.0,0.0,0.0,0.012608085758984089,-0.002377347555011511,1.0863157510757446,1.0863157510757446
76,10,1495.25927734375,300.18133544921875,1495.25927734375,300.18133544921875,1495.25927734375,300.18133544921875,,,,,0.0,0.0,0.0,0.03519606217741966,-0.7265540361404419,1.0049487352371216,1.0049487352371216
76,11,1223.6285400390625,348.12042236328125,1223.6285400390625,348.12042236328125,1223.6285400390625,348.12042236328125,,,,,0.0,0.0,0.0,-2.519935131072998,0.9890251159667969,1.7129414081573486,1.7129414081573486
76,12,66.99596405029297,926.1396484375,66.99596405029297,926.1396484375,66.99596405029297,926.1396484375,,,,,0.0,0.0,0.0,1.668213129043579,-0.8144551515579224,1.0804227590560913,1.0804227590560913
77,0,555.0632934570312,698.1050415039062,555.0632934570312,698.1050415039062,555.0632934570312,698.1050415039062,,,,,0.0,0.0,0.0,0.36422812938690186,-0.1738361418247223,1.3268057107925415,1.3268057107925415
77,1,407.26531982421875,764.1670532226562,407.26531982421875,764.1670532226562,407.26531982421875,764.1670532226562,,,,,0.0,0.0,0.0,1.6753400564193726,-0.7502935528755188,1.2069222927093506,1.2069222927093506
77,2,704.8453369140625,620.5687255859375,704.8453369140625,620.5687255859375,704.8453369140625,620.5687255859375,,,,,0.0,0.0,0.0,-0.002068644855171442,0.025195864960551262,1.3499284982681274,1.3499284982681274
77,3,725.692138671875,505.526611328125,725.692138671875,505.526611328125,725.692138671875,505.526611328125,,,,,0.0,0.0,0.0,-4.746788501739502,1.5530548095703125,1.0578163862228394,1.0578163862228394
77,4,-112.83890533447266,389.7927551269531,-112.83890533447266,389.7927551269531,-112.83890533447266,389.7927551269531,,,,,0.0,0.0,0.0,-2.3998284339904785,-0.1509399712085724,28.244625091552734,28.244625091552734
77,5,1607.73486328125,428.1611022949219,1607.73486328125,428.1611022949219,1607.73486328125,428.1611022949219,,,,,0.0,0.0,0.0,0.4229455888271332,0.3138639032840729,1.1829875707626343,1.1829875707626343
77,6,1747.7142333984375,460.171142578125,1747.7142333984375,460.171142578125,1747.7142333984375,460.171142578125,,,,,0.0,0.0,0.0,0.007497764658182859,-0.02547796443104744,1.3193268775939941,1.3193268775939941
77,7,684.427734375,553.6991577148438,684.427734375,553.6991577148438,684.427734375,553.6991577148438,,,,,0.0,0.0,0.0,-5.230234146118164,2.0107362270355225,1.2430261373519897,1.2430261373519897
77,8,1466.2252197265625,438.3997802734375,1466.2252197265625,438.3997802734375,1466.2252197265625,438.3997802734375,,,,,0.0,0.0,0.0,-0.00846280250698328,0.005523226223886013,1.2245455980300903,1.2245455980300903
77,9,1606.81640625,441.489501953125,1606.81640625,441.489501953125,1606.81640625,441.489501953125,,,,,0.0,0.0,0.0,0.012229843996465206,-0.002306027105078101,1.2714769840240479,1.2714769840240479
77,10,1495.29443359375,299.45477294921875,1495.29443359375,299.45477294921875,1495.29443359375,299.45477294921875,,,,,0.0,0.0,0.0,0.03414018079638481,-0.7047574520111084,1.1730247735977173,1.1730247735977173
77,11,1220.9803466796875,349.3277282714844,1220.9803466796875,349.3277282714844,1220.9803466796875,349.3277282714844,,,,,0.0,0.0,0.0,-2.529283285140991,1.0049340724945068,1.8690391778945923,1.8690391778945923
77,12,68.4710464477539,925.2870483398438,68.4710464477539,925.2870483398438,68.4710464477539,925.2870483398438,,,,,0.0,0.0,0.0,1.6505204439163208,-0.8179495334625244,1.2584856748580933,1.2584856748580933
78,0,555.4275512695312,697.9312133789062,555.4275512695312,697.9312133789062,555.4275512695312,697.9312133789062,,,,,0.0,0.0,0.0,0.3533012866973877,-0.16862106323242188,1.5691368579864502,1.5691368579864502
78,1,408.12286376953125,764.0222778320312,408.12286376953125,764.0222778320312,408.12286376953125,764.0222778320312,,,,,0.0,0.0,0.0,1.6017183065414429,-0.695780873298645,1.393004059791565,1.393004059791565
78,2,704.84326171875,620.5939331054688,704.84326171875,620.5939331054688,704.84326171875,620.5939331054688,,,,,0.0,0.0,0.0,-0.0020065854769200087,0.024439990520477295,1.6023565530776978,1.6023565530776978
78,3,719.4628295898438,508.73016357421875,719.4628295898438,508.73016357421875,719.4628295898438,508.73016357421875,,,,,0.0,0.0,0.0,-4.8627028465271,1.6821033954620361,1.195473074913025,1.195473074913025
78,4,-115.23873138427734,389.6418151855469,-115.23873138427734,389.6418151855469,-115.23873138427734,389.6418151855469,,,,,0.0,0.0,0.0,-2.327833652496338,-0.14641177654266357,30.289600372314453,30.289600372314453
78,5,1608.1578369140625,428.4749755859375,1608.1578369140625,428.4749755859375,1608.1578369140625,428.4749755859375,,,,,0.0,0.0,0.0,0.4102572202682495,0.3044480085372925,1.383378505706787,1.383378505706787
78,6,1747.7216796875,460.1456604003906,1747.7216796875,460.1456604003906,1747.7216796875,460.1456604003906,,,,,0.0,0.0,0.0,0.007272832095623016,-0.024713626131415367,1.5583152770996094,1.5583152770996094
78,7,679.197509765625,555.7098999023438,679.197509765625,555.7098999023438,679.197509765625,555.7098999023438,,,,,0.0,0.0,0.0,-5.07332706451416,1.9504141807556152,1.450594425201416,1.450594425201416
78,8,1466.216796875,438.4053039550781,1466.216796875,438.4053039550781,1466.216796875,438.4053039550781,,,,,0.0,0.0,0.0,-0.008208918385207653,0.005357529502362013,1.4249377250671387,1.4249377250671387
78,9,1606.82861328125,441.4871826171875,1606.82861328125,441.4871826171875,1606.82861328125,441.4871826171875,,,,,0.0,0.0,0.0,0.011862949468195438,-0.0022368463687598705,1.490419626235962,1.490419626235962
78,10,1495.32861328125,298.7500305175781,1495.32861328125,298.7500305175781,1495.32861328125,298.7500305175781,,,,,0.0,0.0,0.0,0.03311597555875778,-0.6836147308349609,1.3697127103805542,1.3697127103805542
78,11,1217.91015625,350.7164001464844,1217.91015625,350.7164001464844,1217.91015625,350.7164001464844,,,,,0.0,0.0,0.0,-2.5678446292877197,1.032287359237671,2.0212714672088623,2.0212714672088623
78,12,69.9255142211914,924.3718872070312,69.9255142211914,924.3718872070312,69.9255142211914,924.3718872070312,,,,,0.0,0.0,0.0,1.632340669631958,-0.8269681334495544,1.4586496353149414,1.4586496353149414
79,0,555.7808227539062,697.7625732421875,555.7808227539062,697.7625732421875,555.7808227539062,697.7625732421875,,,,,0.0,0.0,0.0,0.3427022695541382,-0.16356243193149567,1.8541916608810425,1.8541916608810425
79,1,408.81939697265625,764.00439453125,408.81939697265625,764.00439453125,408.81939697265625,764.00439453125,,,,,0.0,0.0,0.0,1.520611047744751,-0.6350371241569519,1.5945241451263428,1.5945241451263428
79,2,704.8412475585938,620.6183471679688,704.8412475585938,620.6183471679688,704.8412475585938,620.6183471679688,,,,,0.0,0.0,0.0,-0.0019463879289105535,0.023706791922450066,1.9001752138137817,1.9001752138137817
79,3,712.835205078125,512.3187866210938,712.835205078125,512.3187866210938,712.835205078125,512.3187866210938,,,,,0.0,0.0,0.0,-5.000328540802002,1.8307734727859497,1.3435344696044922,1.3435344696044922
79,4,-117.56656646728516,389.4953918457031,-117.56656646728516,389.4953918457031,-117.56656646728516,389.4953918457031,,,,,0.0,0.0,0.0,-2.2579987049102783,-0.14201942086219788,32.432159423828125,32.432159423828125
79,5,1608.568115234375,428.7794189453125,1608.568115234375,428.7794189453125,1608.568115234375,428.7794189453125,,,,,0.0,0.0,0.0,0.3979495167732239,0.29531458020210266,1.6155319213867188,1.6155319213867188
79,6,1747.72900390625,460.1209411621094,1747.72900390625,460.1209411621094,1747.72900390625,460.1209411621094,,,,,0.0,0.0,0.0,0.00705464743077755,-0.023972218856215477,1.839080810546875,1.839080810546875
79,7,674.1242065429688,557.6603393554688,674.1242065429688,557.6603393554688,674.1242065429688,557.6603393554688,,,,,0.0,0.0,0.0,-4.9211273193359375,1.8919018507003784,1.691882610321045,1.691882610321045
79,8,1466.2086181640625,438.4106750488281,1466.2086181640625,438.4106750488281,1466.2086181640625,438.4106750488281,,,,,0.0,0.0,0.0,-0.007962650619447231,0.005196803715080023,1.6572902202606201,1.6572902202606201
79,9,1606.8404541015625,441.4849548339844,1606.8404541015625,441.4849548339844,1606.8404541015625,441.4849548339844,,,,,0.0,0.0,0.0,0.011507061310112476,-0.0021697410847991705,1.7459338903427124,1.7459338903427124
79,10,1495.3616943359375,298.06640625,1495.3616943359375,298.06640625,1495.3616943359375,298.06640625,,,,,0.0,0.0,0.0,0.032122496515512466,-0.6631063222885132,1.5972834825515747,1.5972834825515747
79,11,1214.769287109375,352.0755920410156,1214.769287109375,352.0755920410156,1214.769287109375,352.0755920410156,,,,,0.0,0.0,0.0,-2.6077721118927,1.0550669431686401,2.1669390201568604,2.1669390201568604
79,12,71.31421661376953,923.4385986328125,71.31421661376953,923.4385986328125,71.31421661376953,923.4385986328125,,,,,0.0,0.0,0.0,1.609821081161499,-0.8367971777915955,1.6760653257369995,1.6760653257369995
80,0,556.12353515625,697.5989990234375,556.12353515625,697.5989990234375,556.12353515625,697.5989990234375,,,,,0.0,0.0,0.0,0.332421213388443,-0.1586555689573288,2.1854088306427,2.1854088306427
80,1,409.2911376953125,764.1339111328125,409.2911376953125,764.1339111328125,409.2911376953125,764.1339111328125,,,,,0.0,0.0,0.0,1.427915334701538,-0.5674712061882019,1.8062676191329956,1.8062676191329956
80,2,704.8392944335938,620.6420288085938,704.8392944335938,620.6420288085938,704.8392944335938,620.6420288085938,,,,,0.0,0.0,0.0,-0.0018879963317885995,0.022995589300990105,2.2470850944519043,2.2470850944519043
80,3,706.2147827148438,516.0651245117188,706.2147827148438,516.0651245117188,706.2147827148438,516.0651245117188,,,,,0.0,0.0,0.0,-5.125360488891602,1.9786068201065063,1.499131441116333,1.499131441116333
80,4,-119.8245620727539,389.3533630371094,-119.8245620727539,389.3533630371094,-119.8245620727539,389.3533630371094,,,,,0.0,0.0,0.0,-2.190258741378784,-0.13775883615016937,34.67457580566406,34.67457580566406
80,5,1608.966064453125,429.0747375488281,1608.966064453125,429.0747375488281,1608.966064453125,429.0747375488281,,,,,0.0,0.0,0.0,0.3860110342502594,0.2864551544189453,1.88180410861969,1.88180410861969
80,6,1747.736083984375,460.0969543457031,1747.736083984375,460.0969543457031,1747.736083984375,460.0969543457031,,,,,0.0,0.0,0.0,0.006843008100986481,-0.023253053426742554,2.1649444103240967,2.1649444103240967
80,7,669.2030639648438,559.55224609375,669.2030639648438,559.55224609375,669.2030639648438,559.55224609375,,,,,0.0,0.0,0.0,-4.773493766784668,1.8351448774337769,1.9693994522094727,1.9693994522094727
80,8,1466.20068359375,438.4158630371094,1466.20068359375,438.4158630371094,1466.20068359375,438.4158630371094,,,,,0.0,0.0,0.0,-0.0077237715013325214,0.005040899850428104,1.9239413738250732,1.9239413738250732
80,9,1606.8519287109375,441.4827880859375,1606.8519287109375,441.4827880859375,1606.8519287109375,441.4827880859375,,,,,0.0,0.0,0.0,0.011161849834024906,-0.002104648854583502,2.0408098697662354,2.0408098697662354
80,10,1495.393798828125,297.4032897949219,1495.393798828125,297.4032897949219,1495.393798828125,297.4032897949219,,,,,0.0,0.0,0.0,0.031158821657299995,-0.643213152885437,1.8580083847045898,1.8580083847045898
80,11,1211.7850341796875,353.3769226074219,1211.7850341796875,353.3769226074219,1211.7850341796875,353.3769226074219,,,,,0.0,0.0,0.0,-2.633410930633545,1.071840524673462,2.3038055896759033,2.3038055896759033
80,12,72.55464172363281,922.537109375,72.55464172363281,922.537109375,72.55464172363281,922.537109375,,,,,0.0,0.0,0.0,1.5761302709579468,-0.8426985740661621,1.9046107530593872,1.9046107530593872
81,0,556.3121948242188,697.7005615234375,556.3121948242188,697.7005615234375,556.3121948242188,697.7005615234375,,,,,0.0,0.0,0.0,0.3213568925857544,-0.13862836360931396,1.124003291130066,1.124003291130066
81,1,411.98504638671875,762.256591796875,411.98504638671875,762.256591796875,411.98504638671875,762.256591796875,,,,,0.0,0.0,0.0,1.5376225709915161,-0.6809797286987305,1.0404341220855713,1.0404341220855713
81,2,704.194580078125,620.7869262695312,704.194580078125,620.7869262695312,704.194580078125,620.7869262695312,,,,,0.0,0.0,0.0,-0.05224442109465599,0.03254397213459015,1.1391900777816772,1.1391900777816772
81,3,704.5681762695312,513.7705078125,704.5681762695312,513.7705078125,704.5681762695312,513.7705078125,,,,,0.0,0.0,0.0,-4.861061096191406,1.653953194618225,0.9350801706314087,0.9350801706314087
81,4,-122.01482391357422,389.2156066894531,-122.01482391357422,389.2156066894531,-122.01482391357422,389.2156066894531,,,,,0.0,0.0,0.0,-2.1245510578155518,-0.1336260735988617,37.01911926269531,37.01911926269531
81,5,1609.6962890625,430.5000305175781,1609.6962890625,430.5000305175781,1609.6962890625,430.5000305175781,,,,,0.0,0.0,0.0,0.41072526574134827,0.36822807788848877,1.0441030263900757,1.0441030263900757
81,6,1747.6973876953125,460.560546875,1747.6973876953125,460.560546875,1747.6973876953125,460.560546875,,,,,0.0,0.0,0.0,0.0033661499619483948,0.013966556638479233,1.1187927722930908,1.1187927722930908
81,7,651.8853149414062,565.98681640625,651.8853149414062,565.98681640625,651.8853149414062,565.98681640625,,,,,0.0,0.0,0.0,-5.6732587814331055,2.1650514602661133,1.0666532516479492,1.0666532516479492
81,8,1466.14501953125,438.490234375,1466.14501953125,438.490234375,1466.14501953125,438.490234375,,,,,0.0,0.0,0.0,-0.011105653829872608,0.00993441604077816,1.0537538528442383,1.0537538528442383
81,9,1606.7890625,441.52587890625,1606.7890625,441.52587890625,1606.7890625,441.52587890625,,,,,0.0,0.0,0.0,0.005728797055780888,0.001217309501953423,1.0863069295883179,1.0863069295883179
81,10,1495.4249267578125,296.76007080078125,1495.4249267578125,296.76007080078125,1495.4249267578125,296.76007080078125,,,,,0.0,0.0,0.0,0.030224058777093887,-0.6239168047904968,2.154158592224121,2.154158592224121
81,11,1202.751708984375,353.0743408203125,1202.751708984375,353.0743408203125,1202.751708984375,353.0743408203125,,,,,0.0,0.0,0.0,-3.0596816539764404,0.98029625415802,1.138745903968811,1.138745903968811
81,12,73.54134368896484,922.4185180664062,73.54134368896484,922.4185180664062,73.54134368896484,922.4185180664062,,,,,0.0,0.0,0.0,1.523421287536621,-0.7779434323310852,1.0700640678405762,1.0700640678405762
82,0,556.633544921875,697.5619506835938,556.633544921875,697.5619506835938,556.633544921875,697.5619506835938,,,,,0.0,0.0,0.0,0.3117161989212036,-0.13446952402591705,1.3273179531097412,1.3273179531097412
82,1,412.68865966796875,762.134765625,412.68865966796875,762.134765625,412.68865966796875,762.134765625,,,,,0.0,0.0,0.0,1.4632171392440796,-0.631096363067627,1.2069228887557983,1.2069228887557983
82,2,704.142333984375,620.8194580078125,704.142333984375,620.8194580078125,704.142333984375,620.8194580078125,,,,,0.0,0.0,0.0,-0.050677090883255005,0.03156765550374985,1.3499290943145752,1.3499290943145752
82,3,698.485107421875,516.7835693359375,698.485107421875,516.7835693359375,698.485107421875,516.7835693359375,,,,,0.0,0.0,0.0,-4.9557929039001465,1.7593191862106323,1.060387134552002,1.060387134552002
82,4,-124.13937377929688,389.08197021484375,-124.13937377929688,389.08197021484375,-124.13937377929688,389.08197021484375,,,,,0.0,0.0,0.0,-2.060814619064331,-0.12961728870868683,39.46806335449219,39.46806335449219
82,5,1609.2042236328125,429.4720458984375,1609.2042236328125,429.4720458984375,1609.2042236328125,429.4720458984375,,,,,0.0,0.0,0.0,0.34457334876060486,0.26593178510665894,1.168653130531311,1.168653130531311
82,6,1747.7008056640625,460.57452392578125,1747.7008056640625,460.57452392578125,1747.7008056640625,460.57452392578125,,,,,0.0,0.0,0.0,0.00326516549102962,0.013547560200095177,1.3193258047103882,1.3193258047103882
82,7,646.2120361328125,568.15185546875,646.2120361328125,568.15185546875,646.2120361328125,568.15185546875,,,,,0.0,0.0,0.0,-5.503061294555664,2.100100040435791,1.243010401725769,1.243010401725769
82,8,1466.1339111328125,438.50018310546875,1466.1339111328125,438.50018310546875,1466.1339111328125,438.50018310546875,,,,,0.0,0.0,0.0,-0.010772484354674816,0.00963638350367546,1.2245233058929443,1.2245233058929443
82,9,1606.7947998046875,441.527099609375,1606.7947998046875,441.527099609375,1606.7947998046875,441.527099609375,,,,,0.0,0.0,0.0,0.005556933116167784,0.0011807902483269572,1.271468997001648,1.271468997001648
82,10,1496.8526611328125,300.1424255371094,1496.8526611328125,300.1424255371094,1496.8526611328125,300.1424255371094,,,,,0.0,0.0,0.0,0.12730784714221954,-0.34559404850006104,2.2974679470062256,2.2974679470062256
82,11,1199.6640625,354.310546875,1199.6640625,354.310546875,1199.6640625,354.310546875,,,,,0.0,0.0,0.0,-3.0615899562835693,0.9977617859840393,1.256697416305542,1.256697416305542
82,12,74.80848693847656,921.5711669921875,74.80848693847656,921.5711669921875,74.80848693847656,921.5711669921875,,,,,0.0,0.0,0.0,1.499727487564087,-0.7843565940856934,1.2492377758026123,1.2492377758026123
83,0,556.9452514648438,697.427490234375,556.9452514648438,697.427490234375,556.9452514648438,697.427490234375,,,,,0.0,0.0,0.0,0.302364706993103,-0.13043543696403503,1.5700243711471558,1.5700243711471558
83,1,413.1506042480469,762.15234375,413.1506042480469,762.15234375,413.1506042480469,762.15234375,,,,,0.0,0.0,0.0,1.3730792999267578,-0.5727026462554932,1.3930044174194336,1.3930044174194336
83,2,704.0916748046875,620.8510131835938,704.0916748046875,620.8510131835938,704.0916748046875,620.8510131835938,,,,,0.0,0.0,0.0,-0.049156781286001205,0.030620627105236053,1.6023579835891724,1.6023579835891724
83,3,692.0916137695312,520.0276489257812,692.0916137695312,520.0276489257812,692.0916137695312,520.0276489257812,,,,,0.0,0.0,0.0,-5.067933559417725,1.8751282691955566,1.197994351387024,1.197994351387024
83,4,-126.20018768310547,388.9523620605469,-126.20018768310547,388.9523620605469,-126.20018768310547,388.9523620605469,,,,,0.0,0.0,0.0,-1.9989902973175049,-0.1257287710905075,42.023681640625,42.023681640625
83,5,1608.564697265625,428.22998046875,1608.564697265625,428.22998046875,1608.564697265625,428.22998046875,,,,,0.0,0.0,0.0,0.27187561988830566,0.15453317761421204,1.3035873174667358,1.3035873174667358
83,6,1747.7041015625,460.58807373046875,1747.7041015625,460.58807373046875,1747.7041015625,460.58807373046875,,,,,0.0,0.0,0.0,0.0031672106124460697,0.013141133822500706,1.558315396308899,1.558315396308899
83,7,640.708984375,570.251953125,640.708984375,570.251953125,640.708984375,570.251953125,,,,,0.0,0.0,0.0,-5.337969779968262,2.037097215652466,1.4505791664123535,1.4505791664123535
83,8,1466.1231689453125,438.50982666015625,1466.1231689453125,438.50982666015625,1466.1231689453125,438.50982666015625,,,,,0.0,0.0,0.0,-0.010449309833347797,0.009347292594611645,1.424915075302124,1.424915075302124
83,9,1606.8004150390625,441.5282897949219,1606.8004150390625,441.5282897949219,1606.8004150390625,441.5282897949219,,,,,0.0,0.0,0.0,0.0053902254439890385,0.0011453665792942047,1.490412712097168,1.490412712097168
83,10,1498.3443603515625,303.7521667480469,1498.3443603515625,303.7521667480469,1498.3443603515625,303.7521667480469,,,,,0.0,0.0,0.0,0.21980415284633636,-0.07744493335485458,2.4297549724578857,2.4297549724578857
83,11,1196.6112060546875,355.5843505859375,1196.6112060546875,355.5843505859375,1196.6112060546875,355.5843505859375,,,,,0.0,0.0,0.0,-3.060978651046753,1.0168521404266357,1.3834213018417358,1.3834213018417358
83,12,75.98384094238281,920.729248046875,75.98384094238281,920.729248046875,75.98384094238281,920.729248046875,,,,,0.0,0.0,0.0,1.4694180488586426,-0.7897358536720276,1.4507114887237549,1.4507114887237549
84,0,557.2476196289062,697.2970581054688,557.2476196289062,697.2970581054688,557.2476196289062,697.2970581054688,,,,,0.0,0.0,0.0,0.2932937741279602,-0.12652237713336945,1.8555611371994019,1.8555611371994019
84,1,413.4247741699219,762.2828369140625,413.4247741699219,762.2828369140625,413.4247741699219,762.2828369140625,,,,,0.0,0.0,0.0,1.2746119499206543,-0.5096939206123352,1.5945241451263428,1.5945241451263428
84,2,704.0425415039062,620.8816528320312,704.0425415039062,620.8816528320312,704.0425415039062,620.8816528320312,,,,,0.0,0.0,0.0,-0.047682080417871475,0.02970200963318348,1.9001773595809937,1.9001773595809937
84,3,684.9691162109375,523.7964477539062,684.9691162109375,523.7964477539062,684.9691162109375,523.7964477539062,,,,,0.0,0.0,0.0,-5.227556228637695,2.0222504138946533,1.3456023931503296,1.3456023931503296
84,4,-128.1991729736328,388.8266296386719,-128.1991729736328,388.8266296386719,-128.1991729736328,388.8266296386719,,,,,0.0,0.0,0.0,-1.9390206336975098,-0.12195691466331482,44.6882438659668,44.6882438659668
84,5,1607.776611328125,426.7781066894531,1607.776611328125,426.7781066894531,1607.776611328125,426.7781066894531,,,,,0.0,0.0,0.0,0.19363315403461456,0.03594822809100151,1.4466478824615479,1.4466478824615479
84,6,1747.707275390625,460.6012268066406,1747.707275390625,460.6012268066406,1747.707275390625,460.6012268066406,,,,,0.0,0.0,0.0,0.0030721942894160748,0.0127469003200531,1.8390822410583496,1.8390822410583496
84,7,635.3710327148438,572.2890625,635.3710327148438,572.2890625,635.3710327148438,572.2890625,,,,,0.0,0.0,0.0,-5.177830696105957,1.9759843349456787,1.6918679475784302,1.6918679475784302
84,8,1466.1126708984375,438.5191650390625,1466.1126708984375,438.5191650390625,1466.1126708984375,438.5191650390625,,,,,0.0,0.0,0.0,-0.010135830380022526,0.009066874161362648,1.6572673320770264,1.6572673320770264
84,9,1606.8057861328125,441.5294494628906,1606.8057861328125,441.5294494628906,1606.8057861328125,441.5294494628906,,,,,0.0,0.0,0.0,0.005228518974035978,0.0011110056657344103,1.7459280490875244,1.7459280490875244
84,10,1499.80419921875,307.1050109863281,1499.80419921875,307.1050109863281,1499.80419921875,307.1050109863281,,,,,0.0,0.0,0.0,0.3019108772277832,0.1496872752904892,2.549724578857422,2.549724578857422
84,11,1193.0296630859375,357.1637878417969,1193.0296630859375,357.1637878417969,1193.0296630859375,357.1637878417969,,,,,0.0,0.0,0.0,-3.097149133682251,1.0559501647949219,1.5168826580047607,1.5168826580047607
84,12,77.16717529296875,919.8683471679688,77.16717529296875,919.8683471679688,77.16717529296875,919.8683471679688,,,,,0.0,0.0,0.0,1.4428071975708008,-0.7963569164276123,1.6695754528045654,1.6695754528045654
85,0,557.5408935546875,697.1705322265625,557.5408935546875,697.1705322265625,557.5408935546875,697.1705322265625,,,,,0.0,0.0,0.0,0.28449496626853943,-0.12272670865058899,2.1873667240142822,2.1873667240142822
85,1,413.49566650390625,762.52685546875,413.49566650390625,762.52685546875,413.49566650390625,762.52685546875,,,,,0.0,0.0,0.0,1.1682329177856445,-0.443081259727478,1.806267499923706,1.806267499923706
85,2,703.994873046875,620.911376953125,703.994873046875,620.911376953125,703.994873046875,620.911376953125,,,,,0.0,0.0,0.0,-0.04625162109732628,0.028810949996113777,2.2470879554748535,2.2470879554748535
85,3,677.4534912109375,527.8164672851562,677.4534912109375,527.8164672851562,677.4534912109375,527.8164672851562,,,,,0.0,0.0,0.0,-5.403363227844238,2.175747871398926,1.5004092454910278,1.5004092454910278
85,4,-130.13819885253906,388.7046813964844,-130.13819885253906,388.7046813964844,-130.13819885253906,388.7046813964844,,,,,0.0,0.0,0.0,-1.880850076675415,-0.11829821020364761,47.464019775390625,47.464019775390625
85,5,1606.8255615234375,425.12335205078125,1606.8255615234375,425.12335205078125,1606.8255615234375,425.12335205078125,,,,,0.0,0.0,0.0,0.10974583774805069,-0.08795949071645737,1.59518301486969,1.59518301486969
85,6,1747.7103271484375,460.6139831542969,1747.7103271484375,460.6139831542969,1747.7103271484375,460.6139831542969,,,,,0.0,0.0,0.0,0.002980028511956334,0.012364493682980537,2.164947271347046,2.164947271347046
85,7,630.1931762695312,574.2650756835938,630.1931762695312,574.2650756835938,630.1931762695312,574.2650756835938,,,,,0.0,0.0,0.0,-5.022495746612549,1.9167048931121826,1.9693856239318848,1.9693856239318848
85,8,1466.1025390625,438.5282287597656,1466.1025390625,438.5282287597656,1466.1025390625,438.5282287597656,,,,,0.0,0.0,0.0,-0.009831755422055721,0.008794868364930153,1.9239184856414795,1.9239184856414795
85,9,1606.81103515625,441.5305480957031,1606.81103515625,441.5305480957031,1606.81103515625,441.5305480957031,,,,,0.0,0.0,0.0,0.00507166376337409,0.0010776754934340715,2.0408053398132324,2.0408053398132324
85,10,1501.5972900390625,311.51104736328125,1501.5972900390625,311.51104736328125,1501.5972900390625,311.51104736328125,,,,,0.0,0.0,0.0,0.39845019578933716,0.4252434968948364,2.6566994190216064,2.6566994190216064
85,11,1189.702880859375,358.4531555175781,1189.702880859375,358.4531555175781,1189.702880859375,358.4531555175781,,,,,0.0,0.0,0.0,-3.1130833625793457,1.0721452236175537,1.6547398567199707,1.6547398567199707
85,12,78.24527740478516,919.0083618164062,78.24527740478516,919.0083618164062,78.24527740478516,919.0083618164062,,,,,0.0,0.0,0.0,1.4093717336654663,-0.80218505859375,1.8996310234069824,1.8996310234069824
86,0,557.6007080078125,696.8200073242188,557.6007080078125,696.8200073242188,557.6007080078125,696.8200073242188,,,,,0.0,0.0,0.0,0.26719069480895996,-0.14027416706085205,1.1245118379592896,1.1245118379592896
86,1,416.77532958984375,760.449462890625,416.77532958984375,760.449462890625,416.77532958984375,760.449462890625,,,,,0.0,0.0,0.0,1.3512048721313477,-0.5847102403640747,1.0404338836669922,1.0404338836669922
86,2,704.1812744140625,620.9518432617188,704.1812744140625,620.9518432617188,704.1812744140625,620.9518432617188,,,,,0.0,0.0,0.0,-0.028026334941387177,0.029723303392529488,1.1391907930374146,1.1391907930374146
86,3,675.7035522460938,525.5485229492188,675.7035522460938,525.5485229492188,675.7035522460938,525.5485229492188,,,,,0.0,0.0,0.0,-5.127099514007568,1.8397305011749268,0.9351540803909302,0.9351540803909302
86,4,-132.01904296875,388.5863952636719,-132.01904296875,388.5863952636719,-132.01904296875,388.5863952636719,,,,,0.0,0.0,0.0,-1.8244246244430542,-0.11474926769733429,50.3532829284668,50.3532829284668
86,5,1608.4415283203125,428.06427001953125,1608.4415283203125,428.06427001953125,1608.4415283203125,428.06427001953125,,,,,0.0,0.0,0.0,0.21882948279380798,0.13139653205871582,0.9621797204017639,0.9621797204017639
86,6,1747.7210693359375,460.44549560546875,1747.7210693359375,460.44549560546875,1747.7210693359375,460.44549560546875,,,,,0.0,0.0,0.0,0.003575167851522565,-0.001460748491808772,1.1187936067581177,1.1187936067581177
86,7,612.3555297851562,580.007568359375,612.3555297851562,580.007568359375,612.3555297851562,580.007568359375,,,,,0.0,0.0,0.0,-5.941697120666504,2.1911232471466064,1.066650629043579,1.066650629043579
86,8,1466.2462158203125,438.4219055175781,1466.2462158203125,438.4219055175781,1466.2462158203125,438.4219055175781,,,,,0.0,0.0,0.0,0.0010039539774879813,0.0006703560939058661,1.0537487268447876,1.0537487268447876
86,9,1606.7489013671875,441.521240234375,1606.7489013671875,441.521240234375,1606.7489013671875,441.521240234375,,,,,0.0,0.0,0.0,0.00013072779984213412,0.0003150951524730772,1.0863064527511597,1.0863064527511597
86,10,1499.9609375,299.3750915527344,1499.9609375,299.3750915527344,1499.9609375,299.3750915527344,,,,,0.0,0.0,0.0,0.26948001980781555,-0.3708942234516144,1.204485535621643,1.204485535621643
86,11,1183.5068359375,360.2384033203125,1183.5068359375,360.2384033203125,1183.5068359375,360.2384033203125,,,,,0.0,0.0,0.0,-3.3255887031555176,1.121299386024475,0.9766263365745544,0.9766263365745544
86,12,79.81443786621094,917.4754638671875,79.81443786621094,917.4754638671875,79.81443786621094,917.4754638671875,,,,,0.0,0.0,0.0,1.4237204790115356,-0.8677984476089478,1.0691888332366943,1.0691888332366943
87,0,557.867919921875,696.6797485351562,557.867919921875,696.6797485351562,557.867919921875,696.6797485351562,,,,,0.0,0.0,0.0,0.25917497277259827,-0.13606594502925873,1.328079342842102,1.328079342842102
87,1,417.25091552734375,760.4121704101562,417.25091552734375,760.4121704101562,417.25091552734375,760.4121704101562,,,,,0.0,0.0,0.0,1.2730873823165894,-0.5358712077140808,1.2069225311279297,1.2069225311279297
87,2,704.1532592773438,620.9815673828125,704.1532592773438,620.9815673828125,704.1532592773438,620.9815673828125,,,,,0.0,0.0,0.0,-0.02718554623425007,0.0288316048681736,1.349929928779602,1.349929928779602
87,3,669.0189819335938,528.877197265625,669.0189819335938,528.877197265625,669.0189819335938,528.877197265625,,,,,0.0,0.0,0.0,-5.24724006652832,1.954584002494812,1.0597018003463745,1.0597018003463745
87,4,-133.8434600830078,388.4716491699219,-133.8434600830078,388.4716491699219,-133.8434600830078,388.4716491699219,,,,,0.0,0.0,0.0,-1.7696919441223145,-0.11130679398775101,53.358306884765625,53.358306884765625
87,5,1607.862060546875,427.00152587890625,1607.862060546875,427.00152587890625,1607.862060546875,427.00152587890625,,,,,0.0,0.0,0.0,0.15943779051303864,0.04256357625126839,1.0827372074127197,1.0827372074127197
87,6,1747.724609375,460.44403076171875,1747.724609375,460.44403076171875,1747.724609375,460.44403076171875,,,,,0.0,0.0,0.0,0.003467913018539548,-0.0014169260393828154,1.3193271160125732,1.3193271160125732
87,7,606.413818359375,582.1986694335938,606.413818359375,582.1986694335938,606.413818359375,582.1986694335938,,,,,0.0,0.0,0.0,-5.76344633102417,2.125389575958252,1.2430087327957153,1.2430087327957153
87,8,1466.2471923828125,438.4225769042969,1466.2471923828125,438.4225769042969,1466.2471923828125,438.4225769042969,,,,,0.0,0.0,0.0,0.0009738354128785431,0.0006502454052679241,1.22451913356781,1.22451913356781
87,9,1606.7490234375,441.52154541015625,1606.7490234375,441.52154541015625,1606.7490234375,441.52154541015625,,,,,0.0,0.0,0.0,0.00012680597137659788,0.00030564231565222144,1.2714694738388062,1.2714694738388062
87,10,1500.9327392578125,301.4635009765625,1500.9327392578125,301.4635009765625,1500.9327392578125,301.4635009765625,,,,,0.0,0.0,0.0,0.31537288427352905,-0.21017730236053467,1.3179240226745605,1.3179240226745605
87,11,1180.140380859375,361.5921936035156,1180.140380859375,361.5921936035156,1180.140380859375,361.5921936035156,,,,,0.0,0.0,0.0,-3.3285083770751953,1.1378852128982544,1.0910767316818237,1.0910767316818237
87,12,80.96786499023438,916.6165161132812,80.96786499023438,916.6165161132812,80.96786499023438,916.6165161132812,,,,,0.0,0.0,0.0,1.3986607789993286,-0.8669795393943787,1.249019980430603,1.249019980430603
88,0,558.1270751953125,696.543701171875,558.1270751953125,696.543701171875,558.1270751953125,696.543701171875,,,,,0.0,0.0,0.0,0.2513997256755829,-0.13198396563529968,1.5710904598236084,1.5710904598236084
88,1,417.51708984375,760.5209350585938,417.51708984375,760.5209350585938,417.51708984375,760.5209350585938,,,,,0.0,0.0,0.0,1.1824402809143066,-0.4778367578983307,1.393004059791565,1.393004059791565
88,2,704.1260986328125,621.0103759765625,704.1260986328125,621.0103759765625,704.1260986328125,621.0103759765625,,,,,0.0,0.0,0.0,-0.026369981467723846,0.027966657653450966,1.6023588180541992,1.6023588180541992
88,3,662.0571899414062,532.4439086914062,662.0571899414062,532.4439086914062,662.0571899414062,532.4439086914062,,,,,0.0,0.0,0.0,-5.380320072174072,2.0797107219696045,1.1963694095611572,1.1963694095611572
88,4,-135.6131591796875,388.3603515625,-135.6131591796875,388.3603515625,-135.6131591796875,388.3603515625,,,,,0.0,0.0,0.0,-1.7166012525558472,-0.10796759277582169,56.48136520385742,56.48136520385742
88,5,1607.1524658203125,425.7502136230469,1607.1524658203125,425.7502136230469,1607.1524658203125,425.7502136230469,,,,,0.0,0.0,0.0,0.09399359673261642,-0.05487417057156563,1.2152111530303955,1.2152111530303955
88,6,1747.72802734375,460.442626953125,1747.72802734375,460.442626953125,1747.72802734375,460.442626953125,,,,,0.0,0.0,0.0,0.0033638756722211838,-0.0013744182651862502,1.558316946029663,1.558316946029663
88,7,600.650390625,584.3240356445312,600.650390625,584.3240356445312,600.650390625,584.3240356445312,,,,,0.0,0.0,0.0,-5.590543270111084,2.0616278648376465,1.4505784511566162,1.4505784511566162
88,8,1466.2481689453125,438.4232177734375,1466.2481689453125,438.4232177734375,1466.2481689453125,438.4232177734375,,,,,0.0,0.0,0.0,0.0009446204057894647,0.0006307380390353501,1.4249118566513062,1.4249118566513062
88,9,1606.7491455078125,441.5218505859375,1606.7491455078125,441.5218505859375,1606.7491455078125,441.5218505859375,,,,,0.0,0.0,0.0,0.000123001795145683,0.0002964730665553361,1.4904139041900635,1.4904139041900635
88,10,1501.7525634765625,303.2386779785156,1501.7525634765625,303.2386779785156,1501.7525634765625,303.2386779785156,,,,,0.0,0.0,0.0,0.3489716053009033,-0.07792053371667862,1.4397865533828735,1.4397865533828735
88,11,1176.7586669921875,362.93402099609375,1176.7586669921875,362.93402099609375,1176.7586669921875,362.93402099609375,,,,,0.0,0.0,0.0,-3.332380533218384,1.152711033821106,1.2171945571899414,1.2171945571899414
88,12,82.0300064086914,915.7886962890625,82.0300064086914,915.7886962890625,82.0300064086914,915.7886962890625,,,,,0.0,0.0,0.0,1.3671579360961914,-0.8633129596710205,1.451063632965088,1.451063632965088
89,0,558.3784790039062,696.4117431640625,558.3784790039062,696.4117431640625,558.3784790039062,696.4117431640625,,,,,0.0,0.0,0.0,0.243857741355896,-0.12802444398403168,1.8569835424423218,1.8569835424423218
89,1,421.70074462890625,758.86328125,421.70074462890625,758.86328125,421.70074462890625,758.86328125,,,,,0.0,0.0,0.0,1.451360821723938,-0.5835514068603516,1.5945236682891846,1.5945236682891846
89,2,704.0997314453125,621.038330078125,704.0997314453125,621.038330078125,704.0997314453125,621.038330078125,,,,,0.0,0.0,0.0,-0.025578882545232773,0.02712765894830227,1.9001781940460205,1.9001781940460205
89,3,654.7595825195312,536.2745971679688,654.7595825195312,536.2745971679688,654.7595825195312,536.2745971679688,,,,,0.0,0.0,0.0,-5.528594017028809,2.2151224613189697,1.3429186344146729,1.3429186344146729
89,4,-137.3297576904297,388.25238037109375,-137.3297576904297,388.25238037109375,-137.3297576904297,388.25238037109375,,,,,0.0,0.0,0.0,-1.6651033163070679,-0.104728564620018,59.724727630615234,59.724727630615234
89,5,1606.30224609375,424.3171691894531,1606.30224609375,424.3171691894531,1606.30224609375,424.3171691894531,,,,,0.0,0.0,0.0,0.02278401143848896,-0.15881669521331787,1.3574762344360352,1.3574762344360352
89,6,1747.7314453125,460.4412536621094,1747.7314453125,460.4412536621094,1747.7314453125,460.4412536621094,,,,,0.0,0.0,0.0,0.0032629594206809998,-0.0013331857044249773,1.8390840291976929,1.8390840291976929
89,7,595.0598754882812,586.3856811523438,595.0598754882812,586.3856811523438,595.0598754882812,586.3856811523438,,,,,0.0,0.0,0.0,-5.422827243804932,1.9997791051864624,1.6918684244155884,1.6918684244155884
89,8,1466.2491455078125,438.4238586425781,1466.2491455078125,438.4238586425781,1466.2491455078125,438.4238586425781,,,,,0.0,0.0,0.0,0.0009162818314507604,0.0006118158926256001,1.6572651863098145,1.6572651863098145
89,9,1606.749267578125,441.52215576171875,1606.749267578125,441.52215576171875,1606.749267578125,441.52215576171875,,,,,0.0,0.0,0.0,0.00011931174230994657,0.0002875788777600974,1.7459301948547363,1.7459301948547363
89,10,1502.4737548828125,305.1436767578125,1502.4737548828125,305.1436767578125,1502.4737548828125,305.1436767578125,,,,,0.0,0.0,0.0,0.37401440739631653,0.05551956593990326,1.568127989768982,1.568127989768982
89,11,1173.389892578125,364.3130798339844,1173.389892578125,364.3130798339844,1173.389892578125,364.3130798339844,,,,,0.0,0.0,0.0,-3.335042715072632,1.169278860092163,1.3530157804489136,1.3530157804489136
89,12,83.01232147216797,914.9990234375,83.01232147216797,914.9990234375,83.01232147216797,914.9990234375,,,,,0.0,0.0,0.0,1.3313199281692505,-0.8564552664756775,1.6703908443450928,1.6703908443450928
90,0,558.622314453125,696.28369140625,558.622314453125,696.28369140625,558.622314453125,696.28369140625,,,,,0.0,0.0,0.0,0.2365420162677765,-0.12418371438980103,2.189197301864624,2.189197301864624
90,1,426.29998779296875,757.0052490234375,426.29998779296875,757.0052490234375,426.29998779296875,757.0052490234375,,,,,0.0,0.0,0.0,1.7295618057250977,-0.6961866617202759,1.8062669038772583,1.8062669038772583
90,2,704.0741577148438,621.0654296875,704.0741577148438,621.0654296875,704.0741577148438,621.0654296875,,,,,0.0,0.0,0.0,-0.0248115174472332,0.02631383016705513,2.247088670730591,2.247088670730591
90,3,647.1688842773438,540.32373046875,647.1688842773438,540.32373046875,647.1688842773438,540.32373046875,,,,,0.0,0.0,0.0,-5.68637228012085,2.3554458618164062,1.4966139793395996,1.4966139793395996
90,4,-138.99485778808594,388.14764404296875,-138.99485778808594,388.14764404296875,-138.99485778808594,388.14764404296875,,,,,0.0,0.0,0.0,-1.6151502132415771,-0.10158671438694,63.09066390991211,63.09066390991211
90,5,1605.3240966796875,422.7103271484375,1605.3240966796875,422.7103271484375,1605.3240966796875,422.7103271484375,,,,,0.0,0.0,0.0,-0.0522320531308651,-0.2673405110836029,1.5069257020950317,1.5069257020950317
90,6,1747.7347412109375,460.4399108886719,1747.7347412109375,460.4399108886719,1747.7347412109375,460.4399108886719,,,,,0.0,0.0,0.0,0.003165070666000247,-0.0012931901728734374,2.1649491786956787,2.1649491786956787
90,7,589.6370239257812,588.3854370117188,589.6370239257812,588.3854370117188,589.6370239257812,588.3854370117188,,,,,0.0,0.0,0.0,-5.260142803192139,1.9397858381271362,1.9693870544433594,1.9693870544433594
90,8,1466.2501220703125,438.4244689941406,1466.2501220703125,438.4244689941406,1466.2501220703125,438.4244689941406,,,,,0.0,0.0,0.0,0.0008887933799996972,0.0005934614455327392,1.923917531967163,1.923917531967163
90,9,1606.7493896484375,441.5224304199219,1606.7493896484375,441.5224304199219,1606.7493896484375,441.5224304199219,,,,,0.0,0.0,0.0,0.00011573239316930994,0.000278951512882486,2.0408084392547607,2.0408084392547607
90,10,1503.205322265625,307.2091064453125,1503.205322265625,307.2091064453125,1503.205322265625,307.2091064453125,,,,,0.0,0.0,0.0,0.398149311542511,0.1911965161561966,1.7007200717926025,1.7007200717926025
90,11,1169.8251953125,365.8099365234375,1169.8251953125,365.8099365234375,1169.8251953125,365.8099365234375,,,,,0.0,0.0,0.0,-3.3518218994140625,1.1932148933410645,1.496119737625122,1.496119737625122
90,12,83.99827575683594,914.1889038085938,83.99827575683594,914.1889038085938,83.99827575683594,914.1889038085938,,,,,0.0,0.0,0.0,1.2996361255645752,-0.8522047400474548,1.9007896184921265,1.9007896184921265
91,0,558.8589477539062,696.22900390625,558.8589477539062,696.22900390625,558.8589477539062,696.22900390625,,,,,0.0,0.0,0.0,0.2365473061800003,-0.11882676929235458,1.1249505281448364,1.1249505281448364
91,1,425.6000061035156,757.233642578125,425.6000061035156,757.233642578125,425.6000061035156,757.233642578125,,,,,0.0,0.0,0.0,1.5190238952636719,-0.6160679459571838,1.040433645248413,1.040433645248413
91,2,704.3392944335938,620.9368286132812,704.3392944335938,620.9368286132812,704.3392944335938,620.9368286132812,,,,,0.0,0.0,0.0,-0.002095285104587674,0.014180894941091537,1.139190912246704,1.139190912246704
91,3,645.4142456054688,537.0286254882812,645.4142456054688,537.0286254882812,645.4142456054688,537.0286254882812,,,,,0.0,0.0,0.0,-5.3901753425598145,1.9297634363174438,0.933597981929779,0.933597981929779
91,4,-140.61000061035156,388.0460510253906,-140.61000061035156,388.0460510253906,-140.61000061035156,388.0460510253906,,,,,0.0,0.0,0.0,-1.5666958093643188,-0.09853911399841309,66.58145141601562,66.58145141601562
91,5,1607.51025390625,426.55096435546875,1607.51025390625,426.55096435546875,1607.51025390625,426.55096435546875,,,,,0.0,0.0,0.0,0.11355523765087128,0.03691864386200905,0.9355812668800354,0.9355812668800354
91,6,1747.7098388671875,460.6352233886719,1747.7098388671875,460.6352233886719,1747.7098388671875,460.6352233886719,,,,,0.0,0.0,0.0,0.0010142165701836348,0.013736685737967491,1.1187939643859863,1.1187939643859863
91,7,570.7654418945312,595.1828002929688,570.7654418945312,595.1828002929688,570.7654418945312,595.1828002929688,,,,,0.0,0.0,0.0,-6.236464500427246,2.2882132530212402,1.0666512250900269,1.0666512250900269
91,8,1466.3326416015625,438.3492736816406,1466.3326416015625,438.3492736816406,1466.3326416015625,438.3492736816406,,,,,0.0,0.0,0.0,0.006649401038885117,-0.004754052963107824,1.0537488460540771,1.0537488460540771
91,9,1606.8612060546875,441.4870300292969,1606.8612060546875,441.4870300292969,1606.8612060546875,441.4870300292969,,,,,0.0,0.0,0.0,0.00832140352576971,-0.0023437936324626207,1.0863072872161865,1.0863072872161865
91,10,1501.840576171875,298.2132568359375,1501.840576171875,298.2132568359375,1501.840576171875,298.2132568359375,,,,,0.0,0.0,0.0,0.27941638231277466,-0.42755231261253357,0.9885575771331787,0.9885575771331787
91,11,1163.472412109375,367.5077819824219,1163.472412109375,367.5077819824219,1163.472412109375,367.5077819824219,,,,,0.0,0.0,0.0,-3.5693607330322266,1.2297947406768799,0.9302060008049011,0.9302060008049011
91,12,86.84973907470703,912.99560546875,86.84973907470703,912.99560546875,86.84973907470703,912.99560546875,,,,,0.0,0.0,0.0,1.4390301704406738,-0.8828428387641907,1.0695339441299438,1.0695339441299438
92,0,559.0955200195312,696.1101684570312,559.0955200195312,696.1101684570312,559.0955200195312,696.1101684570312,,,,,0.0,0.0,0.0,0.22945089638233185,-0.115261971950531,1.3286528587341309,1.3286528587341309
92,1,429.0425109863281,755.8387451171875,429.0425109863281,755.8387451171875,429.0425109863281,755.8387451171875,,,,,0.0,0.0,0.0,1.6906282901763916,-0.6855466961860657,1.2069222927093506,1.2069222927093506
92,2,704.3372192382812,620.9509887695312,704.3372192382812,620.9509887695312,704.3372192382812,620.9509887695312,,,,,0.0,0.0,0.0,-0.0020324266515672207,0.013755468651652336,1.349929928779602,1.349929928779602
92,3,640.1963500976562,539.00927734375,640.1963500976562,539.00927734375,640.1963500976562,539.00927734375,,,,,0.0,0.0,0.0,-5.376928329467773,1.9336761236190796,1.0574686527252197,1.0574686527252197
92,4,-142.17669677734375,387.947509765625,-142.17669677734375,387.947509765625,-142.17669677734375,387.947509765625,,,,,0.0,0.0,0.0,-1.5196949243545532,-0.09558293968439102,70.19935607910156,70.19935607910156
92,5,1606.8753662109375,425.486083984375,1606.8753662109375,425.486083984375,1606.8753662109375,425.486083984375,,,,,0.0,0.0,0.0,0.05671994388103485,-0.04674988612532616,1.057326078414917,1.057326078414917
92,6,1747.7108154296875,460.6489562988281,1747.7108154296875,460.6489562988281,1747.7108154296875,460.6489562988281,,,,,0.0,0.0,0.0,0.0009837901452556252,0.013324585743248463,1.3193272352218628,1.3193272352218628
92,7,564.1246337890625,598.08154296875,564.1246337890625,598.08154296875,564.1246337890625,598.08154296875,,,,,0.0,0.0,0.0,-6.266225337982178,2.333151340484619,1.1935564279556274,1.1935564279556274
92,8,1466.3392333984375,438.3445129394531,1466.3392333984375,438.3445129394531,1466.3392333984375,438.3445129394531,,,,,0.0,0.0,0.0,0.006449919193983078,-0.004611431621015072,1.2245198488235474,1.2245198488235474
92,9,1606.8695068359375,441.48468017578125,1606.8695068359375,441.48468017578125,1606.8695068359375,441.48468017578125,,,,,0.0,0.0,0.0,0.008071761578321457,-0.0022734799422323704,1.271470546722412,1.271470546722412
92,10,1502.360107421875,299.320068359375,1502.360107421875,299.320068359375,1502.360107421875,299.320068359375,,,,,0.0,0.0,0.0,0.2962633967399597,-0.3199079930782318,1.1009457111358643,1.1009457111358643
92,11,1159.8614501953125,368.8780517578125,1159.8614501953125,368.8780517578125,1159.8614501953125,368.8780517578125,,,,,0.0,0.0,0.0,-3.572463274002075,1.2402746677398682,1.048261046409607,1.048261046409607
92,12,88.00115203857422,912.1648559570312,88.00115203857422,912.1648559570312,88.00115203857422,912.1648559570312,,,,,0.0,0.0,0.0,1.412365436553955,-0.8780146837234497,1.2494251728057861,1.2494251728057861
93,0,556.544921875,695.9453735351562,556.544921875,695.9453735351562,556.544921875,695.9453735351562,,,,,0.0,0.0,0.0,0.006337208207696676,-0.1192397028207779,1.4935632944107056,1.4935632944107056
93,1,430.733154296875,755.1531982421875,430.733154296875,755.1531982421875,430.733154296875,755.1531982421875,,,,,0.0,0.0,0.0,1.6399095058441162,-0.6649802923202515,1.460835337638855,1.460835337638855
93,2,704.335205078125,620.9647216796875,704.335205078125,620.9647216796875,704.335205078125,620.9647216796875,,,,,0.0,0.0,0.0,-0.00197145389392972,0.013342805206775665,1.6023586988449097,1.6023586988449097
93,3,634.8929443359375,541.0271606445312,634.8929443359375,541.0271606445312,634.8929443359375,541.0271606445312,,,,,0.0,0.0,0.0,-5.3712334632873535,1.9401969909667969,1.1934319734573364,1.1934319734573364
93,4,-143.69639587402344,387.8519287109375,-143.69639587402344,387.8519287109375,-143.69639587402344,387.8519287109375,,,,,0.0,0.0,0.0,-1.4741041660308838,-0.09271545708179474,73.94664764404297,73.94664764404297
93,5,1606.28857421875,424.22406005859375,1606.28857421875,424.22406005859375,1606.28857421875,424.22406005859375,,,,,0.0,0.0,0.0,0.007353819441050291,-0.1399780660867691,1.19137442111969,1.19137442111969
93,6,1747.7117919921875,460.66229248046875,1747.7117919921875,460.66229248046875,1747.7117919921875,460.66229248046875,,,,,0.0,0.0,0.0,0.0009542764746583998,0.01292484812438488,1.558316946029663,1.558316946029663
93,7,557.8583984375,600.4146728515625,557.8583984375,600.4146728515625,557.8583984375,600.4146728515625,,,,,0.0,0.0,0.0,-6.0782389640808105,2.2631568908691406,1.3935790061950684,1.3935790061950684
93,8,1466.345703125,438.33990478515625,1466.345703125,438.33990478515625,1466.345703125,438.33990478515625,,,,,0.0,0.0,0.0,0.0062564220279455185,-0.004473088774830103,1.4249130487442017,1.4249130487442017
93,9,1606.8775634765625,441.482421875,1606.8775634765625,441.482421875,1606.8775634765625,441.482421875,,,,,0.0,0.0,0.0,0.007829609327018261,-0.002205275697633624,1.4904152154922485,1.4904152154922485
93,10,1502.6563720703125,299.0001525878906,1502.6563720703125,299.0001525878906,1502.6563720703125,299.0001525878906,,,,,0.0,0.0,0.0,0.2873755097389221,-0.3103107511997223,1.277521014213562,1.277521014213562
93,11,1156.133544921875,370.4145202636719,1156.133544921875,370.4145202636719,1156.133544921875,370.4145202636719,,,,,0.0,0.0,0.0,-3.5842161178588867,1.2626683712005615,1.178565263748169,1.178565263748169
93,12,92.08476257324219,910.2689208984375,92.08476257324219,910.2689208984375,92.08476257324219,910.2689208984375,,,,,0.0,0.0,0.0,1.6623612642288208,-0.9732843041419983,1.4514580965042114,1.4514580965042114
94,0,554.678955078125,694.4583129882812,554.678955078125,694.4583129882812,554.678955078125,694.4583129882812,,,,,0.0,0.0,0.0,-0.14381450414657593,-0.22893328964710236,1.668323278427124,1.668323278427124
94,1,432.3730773925781,754.4882202148438,432.3730773925781,754.4882202148438,432.3730773925781,754.4882202148438,,,,,0.0,0.0,0.0,1.590712308883667,-0.6450309157371521,1.7646249532699585,1.7646249532699585
94,2,704.333251953125,620.9780883789062,704.333251953125,620.9780883789062,704.333251953125,620.9780883789062,,,,,0.0,0.0,0.0,-0.0019123103702440858,0.012942521832883358,1.9001779556274414,1.9001779556274414
94,3,629.521728515625,542.9673461914062,629.521728515625,542.9673461914062,629.521728515625,542.9673461914062,,,,,0.0,0.0,0.0,-5.210096836090088,1.8819911479949951,1.4018703699111938,1.4018703699111938
94,4,-145.17050170898438,387.75921630859375,-145.17050170898438,387.75921630859375,-145.17050170898438,387.75921630859375,,,,,0.0,0.0,0.0,-1.4298810958862305,-0.08993399888277054,77.82560729980469,77.82560729980469
94,5,1605.603759765625,422.7742004394531,1605.603759765625,422.7742004394531,1605.603759765625,422.7742004394531,,,,,0.0,0.0,0.0,-0.045710548758506775,-0.2404053807258606,1.3355612754821777,1.3355612754821777
94,6,1747.7127685546875,460.67523193359375,1747.7127685546875,460.67523193359375,1747.7127685546875,460.67523193359375,,,,,0.0,0.0,0.0,0.0009256482007913291,0.012537103146314621,1.8390839099884033,1.8390839099884033
94,7,551.7801513671875,602.6778564453125,551.7801513671875,602.6778564453125,551.7801513671875,602.6778564453125,,,,,0.0,0.0,0.0,-5.895892143249512,2.1952621936798096,1.6267858743667603,1.6267858743667603
94,8,1466.3519287109375,438.3354187011719,1466.3519287109375,438.3354187011719,1466.3519287109375,438.3354187011719,,,,,0.0,0.0,0.0,0.00606872932985425,-0.004338896367698908,1.6572669744491577,1.6572669744491577
94,9,1606.8853759765625,441.480224609375,1606.8853759765625,441.480224609375,1606.8853759765625,441.480224609375,,,,,0.0,0.0,0.0,0.007594721391797066,-0.002139117568731308,1.745931625366211,1.745931625366211
94,10,1502.9437255859375,298.6898498535156,1502.9437255859375,298.6898498535156,1502.9437255859375,298.6898498535156,,,,,0.0,0.0,0.0,0.27875426411628723,-0.3010014295578003,1.4842911958694458,1.4842911958694458
94,11,1152.3975830078125,371.99774169921875,1152.3975830078125,371.99774169921875,1152.3975830078125,371.99774169921875,,,,,0.0,0.0,0.0,-3.595710277557373,1.2869462966918945,1.3190391063690186,1.3190391063690186
94,12,96.60419464111328,908.2325439453125,96.60419464111328,908.2325439453125,96.60419464111328,908.2325439453125,,,,,0.0,0.0,0.0,1.9283190965652466,-1.072245478630066,1.670713186264038,1.670713186264038
95,0,552.4324340820312,692.7931518554688,552.4324340820312,692.7931518554688,552.4324340820312,692.7931518554688,,,,,0.0,0.0,0.0,-0.311036616563797,-0.3431500792503357,1.8488414287567139,1.8488414287567139
95,1,433.9637756347656,753.8432006835938,433.9637756347656,753.8432006835938,433.9637756347656,753.8432006835938,,,,,0.0,0.0,0.0,1.542991042137146,-0.6256800293922424,2.1227099895477295,2.1227099895477295
95,2,704.3313598632812,620.9910278320312,704.3313598632812,620.9910278320312,704.3313598632812,620.9910278320312,,,,,0.0,0.0,0.0,-0.001854941132478416,0.012554246932268143,2.2470884323120117,2.2470884323120117
95,3,624.3116455078125,544.849365234375,624.3116455078125,544.849365234375,624.3116455078125,544.849365234375,,,,,0.0,0.0,0.0,-5.053793907165527,1.8255314826965332,1.6430693864822388,1.6430693864822388
95,4,-146.6003875732422,387.6692810058594,-146.6003875732422,387.6692810058594,-146.6003875732422,387.6692810058594,,,,,0.0,0.0,0.0,-1.3869847059249878,-0.08723597973585129,81.8385009765625,81.8385009765625
95,5,1604.8201904296875,421.152587890625,1604.8201904296875,421.152587890625,1604.8201904296875,421.152587890625,,,,,0.0,0.0,0.0,-0.1018221527338028,-0.3454251289367676,1.4872180223464966,1.4872180223464966
95,6,1747.7137451171875,460.6877746582031,1747.7137451171875,460.6877746582031,1747.7137451171875,460.6877746582031,,,,,0.0,0.0,0.0,0.0008978787809610367,0.01216099038720131,2.1649487018585205,2.1649487018585205
95,7,545.88427734375,604.8731079101562,545.88427734375,604.8731079101562,545.88427734375,604.8731079101562,,,,,0.0,0.0,0.0,-5.719015598297119,2.129404306411743,1.8956857919692993,1.8956857919692993
95,8,1466.3580322265625,438.3310852050781,1466.3580322265625,438.3310852050781,1466.3580322265625,438.3310852050781,,,,,0.0,0.0,0.0,0.005886667408049107,-0.004208729602396488,1.9239197969436646,1.9239197969436646
95,9,1606.8929443359375,441.47808837890625,1606.8929443359375,441.47808837890625,1606.8929443359375,441.47808837890625,,,,,0.0,0.0,0.0,0.007366879843175411,-0.0020749440882354975,2.0408098697662354,2.0408098697662354
95,10,1503.2225341796875,298.38885498046875,1503.2225341796875,298.38885498046875,1503.2225341796875,298.38885498046875,,,,,0.0,0.0,0.0,0.27039164304733276,-0.2919713854789734,1.7235275506973267,1.7235275506973267
95,11,1148.6876220703125,373.5917663574219,1148.6876220703125,373.5917663574219,1148.6876220703125,373.5917663574219,,,,,0.0,0.0,0.0,-3.6043059825897217,1.3100531101226807,1.4671133756637573,1.4671133756637573
95,12,101.49654388427734,906.0878295898438,101.49654388427734,906.0878295898438,101.49654388427734,906.0878295898438,,,,,0.0,0.0,0.0,2.200117349624634,-1.1705896854400635,1.9009913206100464,1.9009913206100464
96,0,556.5465087890625,693.0101318359375,556.5465087890625,693.0101318359375,556.5465087890625,693.0101318359375,,,,,0.0,0.0,0.0,0.03610081970691681,-0.2992081344127655,1.0426517724990845,1.0426517724990845
96,1,430.56256103515625,753.3214111328125,430.56256103515625,753.3214111328125,430.56256103515625,753.3214111328125,,,,,0.0,0.0,0.0,1.1219381093978882,-0.6168346405029297,1.1188474893569946,1.1188474893569946
96,2,704.2412109375,620.93505859375,704.2412109375,620.93505859375,704.2412109375,620.93505859375,,,,,0.0,0.0,0.0,-0.008772480301558971,0.0071863457560539246,1.1391907930374146,1.1391907930374146
96,3,619.15478515625,543.8485107421875,619.15478515625,543.8485107421875,619.15478515625,543.8485107421875,,,,,0.0,0.0,0.0,-5.061490058898926,1.6145260334014893,0.9794355630874634,0.9794355630874634
96,4,-147.98736572265625,387.58203125,-147.98736572265625,387.58203125,-147.98736572265625,387.58203125,,,,,0.0,0.0,0.0,-1.3453751802444458,-0.08461890369653702,85.98760223388672,85.98760223388672
96,5,1672.8853759765625,433.3604736328125,1672.8853759765625,433.3604736328125,1672.8853759765625,433.3604736328125,,,,,0.0,0.0,0.0,5.010892391204834,0.5961065888404846,0.9300663471221924,0.9300663471221924
96,6,1745.5540771484375,464.9588623046875,1745.5540771484375,464.9588623046875,1745.5540771484375,464.9588623046875,,,,,0.0,0.0,0.0,-0.1642792820930481,0.33776071667671204,1.1187937259674072,1.1187937259674072
96,7,527.0547485351562,611.231689453125,527.0547485351562,611.231689453125,527.0547485351562,611.231689453125,,,,,0.0,0.0,0.0,-6.6667399406433105,2.4351229667663574,1.048250675201416,1.048250675201416
96,8,1466.2462158203125,439.1033935546875,1466.2462158203125,439.1033935546875,1466.2462158203125,439.1033935546875,,,,,0.0,0.0,0.0,-0.002420599339529872,0.05059993639588356,1.053749442100525,1.053749442100525
96,9,1607.52001953125,439.69580078125,1607.52001953125,439.69580078125,1607.52001953125,439.69580078125,,,,,0.0,0.0,0.0,0.05291711166501045,-0.13290517032146454,1.0863075256347656,1.0863075256347656
96,10,1502.4276123046875,292.1315612792969,1502.4276123046875,292.1315612792969,1502.4276123046875,292.1315612792969,,,,,0.0,0.0,0.0,0.19457364082336426,-0.7165461182594299,0.9993749260902405,0.9993749260902405
96,11,1143.135498046875,376.55645751953125,1143.135498046875,376.55645751953125,1143.135498046875,376.55645751953125,,,,,0.0,0.0,0.0,-3.7490885257720947,1.4330387115478516,0.9225066900253296,0.9225066900253296
96,12,98.75399780273438,902.8191528320312,98.75399780273438,902.8191528320312,98.75399780273438,902.8191528320312,,,,,0.0,0.0,0.0,1.7563371658325195,-1.3589683771133423,1.0695459842681885,1.0695459842681885
97,0,556.5825805664062,692.7109375,556.5825805664062,692.7109375,556.5825805664062,692.7109375,,,,,0.0,0.0,0.0,0.035017795860767365,-0.2902319133281708,1.2362759113311768,1.2362759113311768
97,1,431.68450927734375,752.70458984375,431.68450927734375,752.70458984375,431.68450927734375,752.70458984375,,,,,0.0,0.0,0.0,1.0882799625396729,-0.5983296036720276,1.3465073108673096,1.3465073108673096
97,2,704.232421875,620.9422607421875,704.232421875,620.9422607421875,704.232421875,620.9422607421875,,,,,0.0,0.0,0.0,-0.008509306237101555,0.006970755755901337,1.3499298095703125,1.3499298095703125
97,3,614.1448364257812,545.6536254882812,614.1448364257812,545.6536254882812,614.1448364257812,545.6536254882812,,,,,0.0,0.0,0.0,-5.0575761795043945,1.6290149688720703,1.1053942441940308,1.1053942441940308
97,4,-149.33274841308594,387.4974060058594,-149.33274841308594,387.4974060058594,-149.33274841308594,387.4974060058594,,,,,0.0,0.0,0.0,-1.3050140142440796,-0.08208034187555313,90.27518463134766,90.27518463134766
97,5,1677.896240234375,433.9565734863281,1677.896240234375,433.9565734863281,1677.896240234375,433.9565734863281,,,,,0.0,0.0,0.0,4.860565662384033,0.5782234072685242,1.0913795232772827,1.0913795232772827
97,6,1745.3897705078125,465.296630859375,1745.3897705078125,465.296630859375,1745.3897705078125,465.296630859375,,,,,0.0,0.0,0.0,-0.1593509018421173,0.32762789726257324,1.3193269968032837,1.3193269968032837
97,7,520.3880004882812,613.6668090820312,520.3880004882812,613.6668090820312,520.3880004882812,613.6668090820312,,,,,0.0,0.0,0.0,-6.466737747192383,2.3620693683624268,1.22311270236969,1.22311270236969
97,8,1466.2437744140625,439.15399169921875,1466.2437744140625,439.15399169921875,1466.2437744140625,439.15399169921875,,,,,0.0,0.0,0.0,-0.0023479813244193792,0.049081940203905106,1.2245205640792847,1.2245205640792847
97,9,1606.8857421875,437.7377014160156,1606.8857421875,437.7377014160156,1606.8857421875,437.7377014160156,,,,,0.0,0.0,0.0,0.001018197974190116,-0.2707534730434418,1.219773769378662,1.219773769378662
97,10,1502.6221923828125,291.4150085449219,1502.6221923828125,291.4150085449219,1502.6221923828125,291.4150085449219,,,,,0.0,0.0,0.0,0.1887364387512207,-0.6950497627258301,1.1632194519042969,1.1632194519042969
97,11,1139.2718505859375,378.1163024902344,1139.2718505859375,378.1163024902344,1139.2718505859375,378.1163024902344,,,,,0.0,0.0,0.0,-3.757796287536621,1.442684531211853,1.0432358980178833,1.0432358980178833
97,12,102.39696502685547,900.968994140625,102.39696502685547,900.968994140625,102.39696502685547,900.968994140625,,,,,0.0,0.0,0.0,1.9311636686325073,-1.4044873714447021,1.2493406534194946,1.2493406534194946
98,0,556.6176147460938,692.4207153320312,556.6176147460938,692.4207153320312,556.6176147460938,692.4207153320312,,,,,0.0,0.0,0.0,0.033967263996601105,-0.2815249562263489,1.4687703847885132,1.4687703847885132
98,1,432.7727966308594,752.1062622070312,432.7727966308594,752.1062622070312,432.7727966308594,752.1062622070312,,,,,0.0,0.0,0.0,1.0556316375732422,-0.5803797245025635,1.6211121082305908,1.6211121082305908
98,2,704.2239379882812,620.94921875,704.2239379882812,620.94921875,704.2239379882812,620.94921875,,,,,0.0,0.0,0.0,-0.008254026994109154,0.006761633325368166,1.6023584604263306,1.6023584604263306
98,3,609.112548828125,547.4782104492188,609.112548828125,547.4782104492188,609.112548828125,547.4782104492188,,,,,0.0,0.0,0.0,-5.0556440353393555,1.6439568996429443,1.2426655292510986,1.2426655292510986
98,4,-150.63775634765625,387.4153137207031,-150.63775634765625,387.4153137207031,-150.63775634765625,387.4153137207031,,,,,0.0,0.0,0.0,-1.2658636569976807,-0.0796179324388504,94.7035140991211,94.7035140991211
98,5,1682.7568359375,434.5347900390625,1682.7568359375,434.5347900390625,1682.7568359375,434.5347900390625,,,,,0.0,0.0,0.0,4.714748859405518,0.560876727104187,1.281759262084961,1.281759262084961
98,6,1745.23046875,465.624267578125,1745.23046875,465.624267578125,1745.23046875,465.624267578125,,,,,0.0,0.0,0.0,-0.15457038581371307,0.31779906153678894,1.5583165884017944,1.5583165884017944
98,7,513.9212646484375,616.0288696289062,513.9212646484375,616.0288696289062,513.9212646484375,616.0288696289062,,,,,0.0,0.0,0.0,-6.272735595703125,2.2912073135375977,1.4291276931762695,1.4291276931762695
98,8,1466.241455078125,439.20306396484375,1466.241455078125,439.20306396484375,1466.241455078125,439.20306396484375,,,,,0.0,0.0,0.0,-0.002277541905641556,0.04760948196053505,1.424914002418518,1.424914002418518
98,9,1606.148681640625,435.51910400390625,1606.148681640625,435.51910400390625,1606.148681640625,435.51910400390625,,,,,0.0,0.0,0.0,-0.05542879179120064,-0.41972991824150085,1.3654978275299072,1.3654978275299072
98,10,1502.8109130859375,290.719970703125,1502.8109130859375,290.719970703125,1502.8109130859375,290.719970703125,,,,,0.0,0.0,0.0,0.18307435512542725,-0.6741982698440552,1.3562309741973877,1.3562309741973877
98,11,1135.4560546875,379.7244567871094,1135.4560546875,379.7244567871094,1135.4560546875,379.7244567871094,,,,,0.0,0.0,0.0,-3.7622458934783936,1.4553793668746948,1.1760468482971191,1.1760468482971191
98,12,106.34517669677734,899.0787963867188,106.34517669677734,899.0787963867188,106.34517669677734,899.0787963867188,,,,,0.0,0.0,0.0,2.1198580265045166,-1.4499281644821167,1.451256513595581,1.451256513595581
99,0,556.651611328125,692.13916015625,556.651611328125,692.13916015625,556.651611328125,692.13916015625,,,,,0.0,0.0,0.0,0.03294824808835983,-0.2730792164802551,1.7435739040374756,1.7435739040374756
99,1,433.82843017578125,751.52587890625,433.82843017578125,751.52587890625,433.82843017578125,751.52587890625,,,,,0.0,0.0,0.0,1.0239627361297607,-0.562968373298645,1.947080373764038,1.947080373764038
99,2,704.2156982421875,620.9559936523438,704.2156982421875,620.9559936523438,704.2156982421875,620.9559936523438,,,,,0.0,0.0,0.0,-0.008006406016647816,0.0065587847493588924,1.9001774787902832,1.9001774787902832
99,3,604.0712890625,549.3225708007812,604.0712890625,549.3225708007812,604.0712890625,549.3225708007812,,,,,0.0,0.0,0.0,-5.0545477867126465,1.6592119932174683,1.388962984085083,1.388962984085083
99,5,1687.4715576171875,435.0956726074219,1687.4715576171875,435.0956726074219,1687.4715576171875,435.0956726074219,,,,,0.0,0.0,0.0,4.573306560516357,0.5440504550933838,1.5035616159439087,1.5035616159439087
99,6,1745.075927734375,465.94207763671875,1745.075927734375,465.94207763671875,1745.075927734375,465.94207763671875,,,,,0.0,0.0,0.0,-0.14993327856063843,0.3082650899887085,1.8390833139419556,1.8390833139419556
99,7,507.6485290527344,618.320068359375,507.6485290527344,618.320068359375,507.6485290527344,618.320068359375,,,,,0.0,0.0,0.0,-6.0845537185668945,2.222471237182617,1.6688042879104614,1.6688042879104614
99,8,1466.2391357421875,439.25067138671875,1466.2391357421875,439.25067138671875,1466.2391357421875,439.25067138671875,,,,,0.0,0.0,0.0,-0.002209215657785535,0.046181198209524155,1.6572679281234741,1.6572679281234741
99,9,1605.3123779296875,433.0554504394531,1605.3123779296875,433.0554504394531,1605.3123779296875,433.0554504394531,,,,,0.0,0.0,0.0,-0.11526389420032501,-0.5763358473777771,1.5207710266113281,1.5207710266113281
99,10,1502.9940185546875,290.0457763671875,1502.9940185546875,290.0457763671875,1502.9940185546875,290.0457763671875,,,,,0.0,0.0,0.0,0.17758212983608246,-0.653972327709198,1.5806806087493896,1.5806806087493896
99,11,1129.3743896484375,382.0841064453125,1129.3743896484375,382.0841064453125,1129.3743896484375,382.0841064453125,,,,,0.0,0.0,0.0,-3.9398562908172607,1.5246219635009766,1.3187978267669678,1.3187978267669678
99,12,110.60862731933594,897.1390380859375,110.60862731933594,897.1390380859375,110.60862731933594,897.1390380859375,,,,,0.0,0.0,0.0,2.319328546524048,-1.495507836341858,1.6703839302062988,1.6703839302062988
100,0,556.6845703125,691.8660888671875,556.6845703125,691.8660888671875,556.6845703125,691.8660888671875,,,,,0.0,0.0,0.0,0.03195980191230774,-0.26488685607910156,2.0641250610351562,2.0641250610351562
100,1,434.8523864746094,750.962890625,434.8523864746094,750.962890625,434.8523864746094,750.962890625,,,,,0.0,0.0,0.0,0.9932438731193542,-0.5460793375968933,2.3288309574127197,2.3288309574127197
100,2,704.2077026367188,620.9625244140625,704.2077026367188,620.9625244140625,704.2077026367188,620.9625244140625,,,,,0.0,0.0,0.0,-0.007766214199364185,0.0063620214350521564,2.2470877170562744,2.2470877170562744
100,3,598.972900390625,551.217041015625,598.972900390625,551.217041015625,598.972900390625,551.217041015625,,,,,0.0,0.0,0.0,-5.057851314544678,1.676937222480774,1.541549801826477,1.541549801826477
100,5,1692.044921875,435.63970947265625,1692.044921875,435.63970947265625,1692.044921875,435.63970947265625,,,,,0.0,0.0,0.0,4.436107635498047,0.5277289748191833,1.7591427564620972,1.7591427564620972
100,6,1744.926025390625,466.2503356933594,1744.926025390625,466.2503356933594,1744.926025390625,466.2503356933594,,,,,0.0,0.0,0.0,-0.14543528854846954,0.29901713132858276,2.164947986602783,2.164947986602783
100,7,501.56396484375,620.5425415039062,501.56396484375,620.5425415039062,501.56396484375,620.5425415039062,,,,,0.0,0.0,0.0,-5.902017116546631,2.155797243118286,1.9446511268615723,1.9446511268615723
100,8,1466.2369384765625,439.2968444824219,1466.2369384765625,439.2968444824219,1466.2369384765625,439.2968444824219,,,,,0.0,0.0,0.0,-0.0021429392509162426,0.04479576274752617,1.9239206314086914,1.9239206314086914
100,9,1604.3834228515625,430.36492919921875,1604.3834228515625,430.36492919921875,1604.3834228515625,430.36492919921875,,,,,0.0,0.0,0.0,-0.17723503708839417,-0.737358570098877,1.682388424873352,1.682388424873352
100,10,1503.171630859375,289.3918151855469,1503.171630859375,289.3918151855469,1503.171630859375,289.3918151855469,,,,,0.0,0.0,0.0,0.17225466668605804,-0.6343531608581543,1.8388392925262451,1.8388392925262451
100,11,1123.141845703125,384.50347900390625,1123.141845703125,384.50347900390625,1123.141845703125,384.50347900390625,,,,,0.0,0.0,0.0,-4.1137800216674805,1.5924968719482422,1.4688622951507568,1.4688622951507568
100,12,115.08708953857422,895.2078247070312,115.08708953857422,895.2078247070312,115.08708953857422,895.2078247070312,,,,,0.0,0.0,0.0,2.5172581672668457,-1.5354515314102173,1.9005348682403564,1.9005348682403564
101,0,559.0052490234375,692.3539428710938,559.0052490234375,692.3539428710938,559.0052490234375,692.3539428710938,,,,,0.0,0.0,0.0,0.2123786062002182,-0.20554576814174652,1.0978519916534424,1.0978519916534424
101,1,432.18878173828125,751.3831787109375,432.18878173828125,751.3831787109375,432.18878173828125,751.3831787109375,,,,,0.0,0.0,0.0,0.6907289624214172,-0.46613770723342896,1.1615631580352783,1.1615631580352783
101,2,704.228515625,620.6370849609375,704.228515625,620.6370849609375,704.228515625,620.6370849609375,,,,,0.0,0.0,0.0,-0.0055275470949709415,-0.01963048428297043,1.139190673828125,1.139190673828125
101,3,587.884521484375,553.93603515625,587.884521484375,553.93603515625,587.884521484375,553.93603515625,,,,,0.0,0.0,0.0,-5.505589485168457,1.7543035745620728,0.9471442699432373,0.9471442699432373
101,5,1724.1815185546875,442.186767578125,1724.1815185546875,442.186767578125,1724.1815185546875,442.186767578125,,,,,0.0,0.0,0.0,6.479133129119873,0.9716792702674866,1.0125551223754883,1.0125551223754883
101,6,1744.8314208984375,465.9347839355469,1744.8314208984375,465.9347839355469,1744.8314208984375,465.9347839355469,,,,,0.0,0.0,0.0,-0.14155122637748718,0.2520337998867035,1.1187934875488281,1.1187934875488281
101,7,475.95660400390625,630.35546875,475.95660400390625,630.35546875,475.95660400390625,630.35546875,,,,,0.0,0.0,0.0,-7.324328899383545,2.708479642868042,1.0608514547348022,1.0608514547348022
101,8,1466.1114501953125,439.6009216308594,1466.1114501953125,439.6009216308594,1466.1114501953125,439.6009216308594,,,,,0.0,0.0,0.0,-0.010845135897397995,0.0630955696105957,1.0537495613098145,1.0537495613098145
101,9,1606.0191650390625,433.9855041503906,1606.0191650390625,433.9855041503906,1606.0191650390625,433.9855041503906,,,,,0.0,0.0,0.0,-0.04073205590248108,-0.4092363119125366,0.991935670375824,0.991935670375824
101,10,1503.3438720703125,288.7574768066406,1503.3438720703125,288.7574768066406,1503.3438720703125,288.7574768066406,,,,,0.0,0.0,0.0,0.16708703339099884,-0.6153225898742676,2.1329782009124756,2.1329782009124756
101,11,1117.3797607421875,387.18853759765625,1117.3797607421875,387.18853759765625,1117.3797607421875,387.18853759765625,,,,,0.0,0.0,0.0,-4.23701286315918,1.6741796731948853,0.9236102104187012,0.9236102104187012
101,12,109.58765411376953,894.8770751953125,109.58765411376953,894.8770751953125,109.58765411376953,894.8770751953125,,,,,0.0,0.0,0.0,1.7976577281951904,-1.4273135662078857,1.0694024562835693,1.0694024562835693
102,0,559.2176513671875,692.1483764648438,559.2176513671875,692.1483764648438,559.2176513671875,692.1483764648438,,,,,0.0,0.0,0.0,0.20600725710391998,-0.19937939941883087,1.3012728691101074,1.3012728691101074
102,1,432.8795166015625,750.9170532226562,432.8795166015625,750.9170532226562,432.8795166015625,750.9170532226562,,,,,0.0,0.0,0.0,0.6700071096420288,-0.45215359330177307,1.390874981880188,1.390874981880188
102,2,704.2229614257812,620.617431640625,704.2229614257812,620.617431640625,704.2229614257812,620.617431640625,,,,,0.0,0.0,0.0,-0.00536172091960907,-0.019041569903492928,1.3499294519424438,1.3499294519424438
102,3,582.4934692382812,555.8780517578125,582.4934692382812,555.8780517578125,582.4934692382812,555.8780517578125,,,,,0.0,0.0,0.0,-5.496891021728516,1.7685493230819702,1.0700234174728394,1.0700234174728394
102,5,1730.66064453125,443.158447265625,1730.66064453125,443.158447265625,1730.66064453125,443.158447265625,,,,,0.0,0.0,0.0,6.284759521484375,0.9425289034843445,1.1839560270309448,1.1839560270309448
102,6,1744.6898193359375,466.18682861328125,1744.6898193359375,466.18682861328125,1744.6898193359375,466.18682861328125,,,,,0.0,0.0,0.0,-0.13730469346046448,0.24447278678417206,1.319326639175415,1.319326639175415
102,7,468.9712219238281,635.8529052734375,468.9712219238281,635.8529052734375,468.9712219238281,635.8529052734375,,,,,0.0,0.0,0.0,-7.299250602722168,2.914832353591919,1.1883220672607422,1.1883220672607422
102,8,1466.1005859375,439.6640319824219,1466.1005859375,439.6640319824219,1466.1005859375,439.6640319824219,,,,,0.0,0.0,0.0,-0.010519782081246376,0.06120270490646362,1.2245206832885742,1.2245206832885742
102,9,1605.405517578125,432.124267578125,1605.405517578125,432.124267578125,1605.405517578125,432.124267578125,,,,,0.0,0.0,0.0,-0.08521997928619385,-0.5219962000846863,1.1228502988815308,1.1228502988815308
102,10,1503.510986328125,288.14215087890625,1503.510986328125,288.14215087890625,1503.510986328125,288.14215087890625,,,,,0.0,0.0,0.0,0.16207443177700043,-0.5968629121780396,2.4653682708740234,2.4653682708740234
102,11,1111.8572998046875,389.3443603515625,1111.8572998046875,389.3443603515625,1111.8572998046875,389.3443603515625,,,,,0.0,0.0,0.0,-4.335091590881348,1.7109293937683105,1.045099139213562,1.045099139213562
102,12,112.87775421142578,893.243408203125,112.87775421142578,893.243408203125,112.87775421142578,893.243408203125,,,,,0.0,0.0,0.0,1.9359287023544312,-1.4464346170425415,1.2491332292556763,1.2491332292556763
103,0,559.4236450195312,691.948974609375,559.4236450195312,691.948974609375,559.4236450195312,691.948974609375,,,,,0.0,0.0,0.0,0.19982704520225525,-0.19339802861213684,1.544152021408081,1.544152021408081
103,1,435.52716064453125,748.0077514648438,435.52716064453125,748.0077514648438,435.52716064453125,748.0077514648438,,,,,0.0,0.0,0.0,0.8397558927536011,-0.6630597710609436,1.579425573348999,1.579425573348999
103,2,704.2175903320312,620.598388671875,704.2175903320312,620.598388671875,704.2175903320312,620.598388671875,,,,,0.0,0.0,0.0,-0.005200869403779507,-0.018470322713255882,1.602358102798462,1.602358102798462
103,3,576.7399291992188,557.9622192382812,576.7399291992188,557.9622192382812,576.7399291992188,557.9622192382812,,,,,0.0,0.0,0.0,-5.516537189483643,1.7927137613296509,1.2048389911651611,1.2048389911651611
103,5,1736.9454345703125,444.1009826660156,1736.9454345703125,444.1009826660156,1736.9454345703125,444.1009826660156,,,,,0.0,0.0,0.0,6.096216678619385,0.9142530560493469,1.3849083185195923,1.3849083185195923
103,6,1744.552490234375,466.4313049316406,1744.552490234375,466.4313049316406,1744.552490234375,466.4313049316406,,,,,0.0,0.0,0.0,-0.13318555057048798,0.23713861405849457,1.5583161115646362,1.5583161115646362
103,7,461.6719665527344,638.7677612304688,461.6719665527344,638.7677612304688,461.6719665527344,638.7677612304688,,,,,0.0,0.0,0.0,-7.080273151397705,2.827387571334839,1.388493537902832,1.388493537902832
103,8,1466.090087890625,439.7252197265625,1466.090087890625,439.7252197265625,1466.090087890625,439.7252197265625,,,,,0.0,0.0,0.0,-0.010204188525676727,0.059366624802351,1.4249138832092285,1.4249138832092285
103,9,1604.701416015625,430.0464172363281,1604.701416015625,430.0464172363281,1604.701416015625,430.0464172363281,,,,,0.0,0.0,0.0,-0.13396205008029938,-0.6445204019546509,1.2676541805267334,1.2676541805267334
103,10,1503.673095703125,287.5452880859375,1503.673095703125,287.5452880859375,1503.673095703125,287.5452880859375,,,,,0.0,0.0,0.0,0.15721219778060913,-0.5789570212364197,2.8382809162139893,2.8382809162139893
103,11,1106.0599365234375,391.6035461425781,1106.0599365234375,391.6035461425781,1106.0599365234375,391.6035461425781,,,,,0.0,0.0,0.0,-4.4474310874938965,1.7530474662780762,1.178429126739502,1.178429126739502
103,12,116.46833801269531,891.5601806640625,116.46833801269531,891.5601806640625,116.46833801269531,891.5601806640625,,,,,0.0,0.0,0.0,2.0906975269317627,-1.4685827493667603,1.4509851932525635,1.4509851932525635
104,0,559.6234741210938,691.7555541992188,559.6234741210938,691.7555541992188,559.6234741210938,691.7555541992188,,,,,0.0,0.0,0.0,0.19383223354816437,-0.18759609758853912,1.8299280405044556,1.8299280405044556
104,1,438.4278869628906,744.7571411132812,438.4278869628906,744.7571411132812,438.4278869628906,744.7571411132812,,,,,0.0,0.0,0.0,1.0159945487976074,-0.8843216300010681,1.7792847156524658,1.7792847156524658
104,2,704.21240234375,620.5798950195312,704.21240234375,620.5798950195312,704.21240234375,620.5798950195312,,,,,0.0,0.0,0.0,-0.005044843535870314,-0.01791621372103691,1.9001771211624146,1.9001771211624146
104,3,571.1943969726562,560.0139770507812,571.1943969726562,560.0139770507812,571.1943969726562,560.0139770507812,,,,,0.0,0.0,0.0,-5.518754482269287,1.8125144243240356,1.3494198322296143,1.3494198322296143
104,5,1743.0416259765625,445.0152282714844,1743.0416259765625,445.0152282714844,1743.0416259765625,445.0152282714844,,,,,0.0,0.0,0.0,5.913330554962158,0.8868255019187927,1.6177680492401123,1.6177680492401123
104,6,1744.4193115234375,466.66845703125,1744.4193115234375,466.66845703125,1744.4193115234375,466.66845703125,,,,,0.0,0.0,0.0,-0.12918998301029205,0.23002445697784424,1.8390825986862183,1.8390825986862183
104,7,454.5917053222656,641.5951538085938,454.5917053222656,641.5951538085938,454.5917053222656,641.5951538085938,,,,,0.0,0.0,0.0,-6.867865085601807,2.7425661087036133,1.621847152709961,1.621847152709961
104,8,1466.079833984375,439.7845764160156,1466.079833984375,439.7845764160156,1466.079833984375,439.7845764160156,,,,,0.0,0.0,0.0,-0.00989806279540062,0.05758562684059143,1.657267689704895,1.657267689704895
104,9,1603.9080810546875,427.7588806152344,1603.9080810546875,427.7588806152344,1603.9080810546875,427.7588806152344,,,,,0.0,0.0,0.0,-0.18598268926143646,-0.7741328477859497,1.4237592220306396,1.4237592220306396
104,10,1503.830322265625,286.9663391113281,1503.830322265625,286.9663391113281,1503.830322265625,286.9663391113281,,,,,0.0,0.0,0.0,0.1524958312511444,-0.5615883469581604,3.2539870738983154,3.2539870738983154
104,11,1100.2484130859375,393.8640441894531,1100.2484130859375,393.8640441894531,1100.2484130859375,393.8640441894531,,,,,0.0,0.0,0.0,-4.551896572113037,1.7919082641601562,1.321462631225586,1.321462631225586
104,12,120.2537612915039,889.913330078125,120.2537612915039,889.913330078125,120.2537612915039,889.913330078125,,,,,0.0,0.0,0.0,2.2483811378479004,-1.4851698875427246,1.6700537204742432,1.6700537204742432
105,0,559.8173217773438,691.5679321289062,559.8173217773438,691.5679321289062,559.8173217773438,691.5679321289062,,,,,0.0,0.0,0.0,0.18801727890968323,-0.18196822702884674,2.162039279937744,2.162039279937744
105,1,441.3433837890625,741.2794799804688,441.3433837890625,741.2794799804688,441.3433837890625,741.2794799804688,,,,,0.0,0.0,0.0,1.176571011543274,-1.1035512685775757,1.985200047492981,1.985200047492981
105,2,704.2073364257812,620.5619506835938,704.2073364257812,620.5619506835938,704.2073364257812,620.5619506835938,,,,,0.0,0.0,0.0,-0.004893498495221138,-0.017378726974129677,2.247087240219116,2.247087240219116
105,3,565.5851440429688,562.1471557617188,565.5851440429688,562.1471557617188,565.5851440429688,562.1471557617188,,,,,0.0,0.0,0.0,-5.525613784790039,1.8368104696273804,1.5011066198349,1.5011066198349
105,5,1748.9549560546875,445.90203857421875,1748.9549560546875,445.90203857421875,1748.9549560546875,445.90203857421875,,,,,0.0,0.0,0.0,5.735930919647217,0.8602207899093628,1.884891390800476,1.884891390800476
105,6,1744.2901611328125,466.8984680175781,1744.2901611328125,466.8984680175781,1744.2901611328125,466.8984680175781,,,,,0.0,0.0,0.0,-0.12531428039073944,0.2231237292289734,2.164947271347046,2.164947271347046
105,7,447.7238464355469,644.3377075195312,447.7238464355469,644.3377075195312,447.7238464355469,644.3377075195312,,,,,0.0,0.0,0.0,-6.661829471588135,2.6602892875671387,1.8908915519714355,1.8908915519714355
105,8,1466.0699462890625,439.8421630859375,1466.0699462890625,439.8421630859375,1466.0699462890625,439.8421630859375,,,,,0.0,0.0,0.0,-0.009601120837032795,0.0558580607175827,1.9239202737808228,1.9239202737808228
105,9,1603.03125,425.2801818847656,1603.03125,425.2801818847656,1603.03125,425.2801818847656,,,,,0.0,0.0,0.0,-0.2400943636894226,-0.9076671004295349,1.587975263595581,1.587975263595581
105,10,1503.9827880859375,286.4047546386719,1503.9827880859375,286.4047546386719,1503.9827880859375,286.4047546386719,,,,,0.0,0.0,0.0,0.14792096614837646,-0.5447407364845276,3.7147579193115234,3.7147579193115234
105,11,1094.39990234375,396.0969543457031,1094.39990234375,396.0969543457031,1094.39990234375,396.0969543457031,,,,,0.0,0.0,0.0,-4.650178909301758,1.8253363370895386,1.4715861082077026,1.4715861082077026
105,12,124.21106719970703,888.298095703125,124.21106719970703,888.298095703125,124.21106719970703,888.298095703125,,,,,0.0,0.0,0.0,2.405027151107788,-1.4970909357070923,1.9001548290252686,1.9001548290252686
106,0,560.9771728515625,692.1356811523438,560.9771728515625,692.1356811523438,560.9771728515625,692.1356811523438,,,,,0.0,0.0,0.0,0.2636936604976654,-0.12359188497066498,1.1197036504745483,1.1197036504745483
106,1,436.66448974609375,746.1788940429688,436.66448974609375,746.1788940429688,436.66448974609375,746.1788940429688,,,,,0.0,0.0,0.0,0.6897072196006775,-0.6044188737869263,1.0834803581237793,1.0834803581237793
106,2,704.2509155273438,620.3984985351562,704.2509155273438,620.3984985351562,704.2509155273438,620.3984985351562,,,,,0.0,0.0,0.0,-0.0010970243019983172,-0.02882261760532856,1.1391905546188354,1.1391905546188354
106,3,557.1549682617188,563.7250366210938,557.1549682617188,563.7250366210938,557.1549682617188,563.7250366210938,,,,,0.0,0.0,0.0,-5.742618560791016,1.8174679279327393,0.9344011545181274,0.9344011545181274
106,5,1752.8653564453125,447.5252685546875,1752.8653564453125,447.5252685546875,1752.8653564453125,447.5252685546875,,,,,0.0,0.0,0.0,5.604642391204834,0.9150924682617188,1.0450350046157837,1.0450350046157837
106,6,1744.64111328125,466.0167236328125,1744.64111328125,466.0167236328125,1744.64111328125,466.0167236328125,,,,,0.0,0.0,0.0,-0.08889597654342651,0.13865582644939423,1.118793249130249,1.118793249130249
106,7,429.92926025390625,649.763916015625,429.92926025390625,649.763916015625,429.92926025390625,649.763916015625,,,,,0.0,0.0,0.0,-7.468647003173828,2.8607447147369385,1.0471960306167603,1.0471960306167603
106,8,1466.063232421875,439.8121032714844,1466.063232421875,439.8121032714844,1466.063232421875,439.8121032714844,,,,,0.0,0.0,0.0,-0.009396843612194061,0.04979557916522026,1.0537493228912354,1.0537493228912354
106,9,1605.3056640625,431.1033935546875,1605.3056640625,431.1033935546875,1605.3056640625,431.1033935546875,,,,,0.0,0.0,0.0,-0.04565940797328949,-0.38719695806503296,0.9653290510177612,0.9653290510177612
106,10,1502.8150634765625,283.6172180175781,1502.8150634765625,283.6172180175781,1502.8150634765625,283.6172180175781,,,,,0.0,0.0,0.0,0.06617004424333572,-0.6840963959693909,1.3572090864181519,1.3572090864181519
106,11,1093.7872314453125,396.0594787597656,1093.7872314453125,396.0594787597656,1093.7872314453125,396.0594787597656,,,,,0.0,0.0,0.0,-4.348735809326172,1.6862555742263794,0.924445629119873,0.924445629119873
106,12,118.35862731933594,888.820556640625,118.35862731933594,888.820556640625,118.35862731933594,888.820556640625,,,,,0.0,0.0,0.0,1.6638542413711548,-1.3158202171325684,1.0692976713180542,1.0692976713180542
107,0,561.2408447265625,692.0120849609375,561.2408447265625,692.0120849609375,561.2408447265625,692.0120849609375,,,,,0.0,0.0,0.0,0.2557828724384308,-0.11988413333892822,1.3243695497512817,1.3243695497512817
107,1,438.301025390625,744.0008544921875,438.301025390625,744.0008544921875,438.301025390625,744.0008544921875,,,,,0.0,0.0,0.0,0.7714005708694458,-0.7401931285858154,1.2464711666107178,1.2464711666107178
107,2,704.2498168945312,620.3696899414062,704.2498168945312,620.3696899414062,704.2498168945312,620.3696899414062,,,,,0.0,0.0,0.0,-0.001064113574102521,-0.027957940474152565,1.3499293327331543,1.3499293327331543
107,3,551.400390625,565.8251342773438,551.400390625,565.8251342773438,551.400390625,565.8251342773438,,,,,0.0,0.0,0.0,-5.743533611297607,1.839064121246338,1.0572232007980347,1.0572232007980347
107,5,1758.469970703125,448.44036865234375,1758.469970703125,448.44036865234375,1758.469970703125,448.44036865234375,,,,,0.0,0.0,0.0,5.4365034103393555,0.8876397013664246,1.2173576354980469,1.2173576354980469
107,6,1744.55224609375,466.1553649902344,1744.55224609375,466.1553649902344,1744.55224609375,466.1553649902344,,,,,0.0,0.0,0.0,-0.0862291008234024,0.13449615240097046,1.319326400756836,1.319326400756836
107,7,422.4606018066406,652.6246337890625,422.4606018066406,652.6246337890625,422.4606018066406,652.6246337890625,,,,,0.0,0.0,0.0,-7.2445878982543945,2.7749223709106445,1.2222800254821777,1.2222800254821777
107,8,1466.0538330078125,439.8619079589844,1466.0538330078125,439.8619079589844,1466.0538330078125,439.8619079589844,,,,,0.0,0.0,0.0,-0.009114938788115978,0.048301711678504944,1.224520206451416,1.224520206451416
107,9,1604.72607421875,429.40087890625,1604.72607421875,429.40087890625,1604.72607421875,429.40087890625,,,,,0.0,0.0,0.0,-0.08807377517223358,-0.49167943000793457,1.0980957746505737,1.0980957746505737
107,10,1502.8812255859375,282.9331359863281,1502.8812255859375,282.9331359863281,1502.8812255859375,282.9331359863281,,,,,0.0,0.0,0.0,0.06418494135141373,-0.6635735034942627,1.5477464199066162,1.5477464199066162
107,11,1088.64892578125,397.9872131347656,1088.64892578125,397.9872131347656,1088.64892578125,397.9872131347656,,,,,0.0,0.0,0.0,-4.408870220184326,1.7046459913253784,1.0457513332366943,1.0457513332366943
107,12,121.37623596191406,887.4254760742188,121.37623596191406,887.4254760742188,121.37623596191406,887.4254760742188,,,,,0.0,0.0,0.0,1.7892723083496094,-1.3231656551361084,1.2490085363388062,1.2490085363388062
108,0,561.4966430664062,691.8922119140625,561.4966430664062,691.8922119140625,561.4966430664062,691.8922119140625,,,,,0.0,0.0,0.0,0.24810940027236938,-0.11628761142492294,1.5684159994125366,1.5684159994125366
108,1,439.8028259277344,741.6506958007812,439.8028259277344,741.6506958007812,439.8028259277344,741.6506958007812,,,,,0.0,0.0,0.0,0.8354108929634094,-0.8812878727912903,1.4287720918655396,1.4287720918655396
108,2,704.248779296875,620.3417358398438,704.248779296875,620.3417358398438,704.248779296875,620.3417358398438,,,,,0.0,0.0,0.0,-0.0010321901645511389,-0.02711920253932476,1.6023579835891724,1.6023579835891724
108,3,545.5855102539062,567.9461669921875,545.5855102539062,567.9461669921875,545.5855102539062,567.9461669921875,,,,,0.0,0.0,0.0,-5.74902868270874,1.8607878684997559,1.1922147274017334,1.1922147274017334
108,5,1763.906494140625,449.3280029296875,1763.906494140625,449.3280029296875,1763.906494140625,449.3280029296875,,,,,0.0,0.0,0.0,5.27340841293335,0.8610105514526367,1.4191837310791016,1.4191837310791016
108,6,1744.466064453125,466.28985595703125,1744.466064453125,466.28985595703125,1744.466064453125,466.28985595703125,,,,,0.0,0.0,0.0,-0.08364222943782806,0.13046127557754517,1.5583158731460571,1.5583158731460571
108,7,415.21600341796875,655.3995361328125,415.21600341796875,655.3995361328125,415.21600341796875,655.3995361328125,,,,,0.0,0.0,0.0,-7.027250289916992,2.6916747093200684,1.4284907579421997,1.4284907579421997
108,8,1466.044677734375,439.91021728515625,1466.044677734375,439.91021728515625,1466.044677734375,439.91021728515625,,,,,0.0,0.0,0.0,-0.008841491304337978,0.04685266315937042,1.4249132871627808,1.4249132871627808
108,9,1604.058349609375,427.4929504394531,1604.058349609375,427.4929504394531,1604.058349609375,427.4929504394531,,,,,0.0,0.0,0.0,-0.13459257781505585,-0.6053580045700073,1.2449790239334106,1.2449790239334106
108,10,1502.9454345703125,282.2695617675781,1502.9454345703125,282.2695617675781,1502.9454345703125,282.2695617675781,,,,,0.0,0.0,0.0,0.06225939467549324,-0.6436663269996643,1.7680346965789795,1.7680346965789795
108,11,1083.519287109375,399.8837585449219,1083.519287109375,399.8837585449219,1083.519287109375,399.8837585449219,,,,,0.0,0.0,0.0,-4.4641218185424805,1.7193561792373657,1.1787716150283813,1.1787716150283813
108,12,124.62466430664062,886.077392578125,124.62466430664062,886.077392578125,124.62466430664062,886.077392578125,,,,,0.0,0.0,0.0,1.925752878189087,-1.3254936933517456,1.4508436918258667,1.4508436918258667
109,0,561.7447509765625,691.7759399414062,561.7447509765625,691.7759399414062,561.7447509765625,691.7759399414062,,,,,0.0,0.0,0.0,0.24066612124443054,-0.11279898881912231,1.8552813529968262,1.8552813529968262
109,1,441.3551025390625,739.1010131835938,441.3551025390625,739.1010131835938,441.3551025390625,739.1010131835938,,,,,0.0,0.0,0.0,0.8982789516448975,-1.0276061296463013,1.6263004541397095,1.6263004541397095
109,2,704.2477416992188,620.3146362304688,704.2477416992188,620.3146362304688,704.2477416992188,620.3146362304688,,,,,0.0,0.0,0.0,-0.001001224503852427,-0.026305627077817917,1.900177001953125,1.900177001953125
109,3,539.7296142578125,570.1004638671875,539.7296142578125,570.1004638671875,539.7296142578125,570.1004638671875,,,,,0.0,0.0,0.0,-5.757248401641846,1.8833574056625366,1.3372039794921875,1.3372039794921875
109,5,1769.179931640625,450.18902587890625,1769.179931640625,450.18902587890625,1769.179931640625,450.18902587890625,,,,,0.0,0.0,0.0,5.115206241607666,0.8351802825927734,1.652869701385498,1.652869701385498
109,6,1744.3824462890625,466.4203186035156,1744.3824462890625,466.4203186035156,1744.3824462890625,466.4203186035156,,,,,0.0,0.0,0.0,-0.08113296329975128,0.1265474408864975,1.8390823602676392,1.8390823602676392
109,7,408.1887512207031,658.0911865234375,408.1887512207031,658.0911865234375,408.1887512207031,658.0911865234375,,,,,0.0,0.0,0.0,-6.816432952880859,2.610924482345581,1.6683366298675537,1.6683366298675537
109,8,1466.035888671875,439.9570617675781,1466.035888671875,439.9570617675781,1466.035888671875,439.9570617675781,,,,,0.0,0.0,0.0,-0.008576246909797192,0.04544708505272865,1.6572668552398682,1.6572668552398682
109,9,1603.3050537109375,425.3853454589844,1603.3050537109375,425.3853454589844,1603.3050537109375,425.3853454589844,,,,,0.0,0.0,0.0,-0.1841815859079361,-0.7257736325263977,1.4033498764038086,1.4033498764038086
109,10,1503.0076904296875,281.6258850097656,1503.0076904296875,281.6258850097656,1503.0076904296875,281.6258850097656,,,,,0.0,0.0,0.0,0.060391616076231,-0.6243563294410706,2.0203452110290527,2.0203452110290527
109,11,1078.4610595703125,401.73773193359375,1078.4610595703125,401.73773193359375,1078.4610595703125,401.73773193359375,,,,,0.0,0.0,0.0,-4.509520530700684,1.7296407222747803,1.3213945627212524,1.3213945627212524
109,12,128.19183349609375,884.7388305664062,128.19183349609375,884.7388305664062,128.19183349609375,884.7388305664062,,,,,0.0,0.0,0.0,2.0784757137298584,-1.3267062902450562,1.6698991060256958,1.6698991060256958
110,0,561.9854125976562,691.6631469726562,561.9854125976562,691.6631469726562,561.9854125976562,691.6631469726562,,,,,0.0,0.0,0.0,0.2334461510181427,-0.10941502451896667,2.1884043216705322,2.1884043216705322
110,1,442.6710205078125,736.4450073242188,442.6710205078125,736.4450073242188,442.6710205078125,736.4450073242188,,,,,0.0,0.0,0.0,0.9345624446868896,-1.1690828800201416,1.8339508771896362,1.8339508771896362
110,2,704.2467651367188,620.288330078125,704.2467651367188,620.288330078125,704.2467651367188,620.288330078125,,,,,0.0,0.0,0.0,-0.0009711877792142332,-0.025516459718346596,2.247087001800537,2.247087001800537
110,3,533.720458984375,572.4019775390625,533.720458984375,572.4019775390625,533.720458984375,572.4019775390625,,,,,0.0,0.0,0.0,-5.776438236236572,1.9152162075042725,1.4895180463790894,1.4895180463790894
110,5,1774.295166015625,451.0242004394531,1774.295166015625,451.0242004394531,1774.295166015625,451.0242004394531,,,,,0.0,0.0,0.0,4.961750030517578,0.8101248741149902,1.9207714796066284,1.9207714796066284
110,6,1744.30126953125,466.546875,1744.30126953125,466.546875,1744.30126953125,466.546875,,,,,0.0,0.0,0.0,-0.07869897782802582,0.12275101989507675,2.1649467945098877,2.1649467945098877
110,7,401.372314453125,660.7020874023438,401.372314453125,660.7020874023438,401.372314453125,660.7020874023438,,,,,0.0,0.0,0.0,-6.611940383911133,2.5325968265533447,1.9443265199661255,1.9443265199661255
110,8,1466.02734375,440.00250244140625,1466.02734375,440.00250244140625,1466.02734375,440.00250244140625,,,,,0.0,0.0,0.0,-0.00831895973533392,0.044083673506975174,1.9239193201065063,1.9239193201065063
110,9,1602.470703125,423.0955505371094,1602.470703125,423.0955505371094,1602.470703125,423.0955505371094,,,,,0.0,0.0,0.0,-0.23579005897045135,-0.8499361872673035,1.5699586868286133,1.5699586868286133
110,10,1503.068115234375,281.00152587890625,1503.068115234375,281.00152587890625,1503.068115234375,281.00152587890625,,,,,0.0,0.0,0.0,0.05857986956834793,-0.6056256294250488,2.3069489002227783,2.3069489002227783
110,11,1073.12744140625,403.5492248535156,1073.12744140625,403.5492248535156,1073.12744140625,403.5492248535156,,,,,0.0,0.0,0.0,-4.5718464851379395,1.735831379890442,1.4710361957550049,1.4710361957550049
110,12,131.9424591064453,883.4700927734375,131.9424591064453,883.4700927734375,131.9424591064453,883.4700927734375,,,,,0.0,0.0,0.0,2.2317514419555664,-1.3213913440704346,1.8999923467636108,1.8999923467636108
111,0,562.1453247070312,692.1582641601562,562.1453247070312,692.1582641601562,562.1453247070312,692.1582641601562,,,,,0.0,0.0,0.0,0.22776810824871063,-0.0627342164516449,1.1249607801437378,1.1249607801437378
111,1,438.50030517578125,743.0011596679688,438.50030517578125,743.0011596679688,438.50030517578125,743.0011596679688,,,,,0.0,0.0,0.0,0.4980922043323517,-0.5086216926574707,1.046650767326355,1.046650767326355
111,2,704.3353881835938,620.2146606445312,704.3353881835938,620.2146606445312,704.3353881835938,620.2146606445312,,,,,0.0,0.0,0.0,0.00604983838275075,-0.029291145503520966,1.1391905546188354,1.1391905546188354
111,3,520.7607421875,577.173828125,520.7607421875,577.173828125,520.7607421875,577.173828125,,,,,0.0,0.0,0.0,-6.315889358520508,2.1297433376312256,0.9309666156768799,0.9309666156768799
111,5,1764.482666015625,449.8226318359375,1764.482666015625,449.8226318359375,1764.482666015625,449.8226318359375,,,,,0.0,0.0,0.0,3.914405107498169,0.6675169467926025,1.053309440612793,1.053309440612793
111,6,1744.4307861328125,466.28936767578125,1744.4307861328125,466.28936767578125,1744.4307861328125,466.28936767578125,,,,,0.0,0.0,0.0,-0.06278163939714432,0.09368059784173965,1.1187933683395386,1.1187933683395386
111,7,374.2923889160156,670.4334106445312,374.2923889160156,670.4334106445312,374.2923889160156,670.4334106445312,,,,,0.0,0.0,0.0,-8.089903831481934,3.0524065494537354,1.0608055591583252,1.0608055591583252
111,8,1465.6982421875,439.99749755859375,1465.6982421875,439.99749755859375,1465.6982421875,439.99749755859375,,,,,0.0,0.0,0.0,-0.030957357957959175,0.04061777889728546,1.0537492036819458,1.0537492036819458
111,9,1604.9393310546875,430.016845703125,1604.9393310546875,430.016845703125,1604.9393310546875,430.016845703125,,,,,0.0,0.0,0.0,-0.024343809112906456,-0.242362841963768,0.960608720779419,0.960608720779419
111,10,1503.126708984375,280.3959045410156,1503.126708984375,280.3959045410156,1503.126708984375,280.3959045410156,,,,,0.0,0.0,0.0,0.05682247504591942,-0.5874568819999695,2.6301169395446777,2.6301169395446777
111,11,1068.3914794921875,405.3553771972656,1068.3914794921875,405.3553771972656,1068.3914794921875,405.3553771972656,,,,,0.0,0.0,0.0,-4.584071159362793,1.7410706281661987,0.9240993857383728,0.9240993857383728
111,12,129.0115966796875,882.6226806640625,129.0115966796875,882.6226806640625,129.0115966796875,882.6226806640625,,,,,0.0,0.0,0.0,1.7683619260787964,-1.2788456678390503,1.069256067276001,1.069256067276001
112,0,562.3731079101562,692.0955200195312,562.3731079101562,692.0955200195312,562.3731079101562,692.0955200195312,,,,,0.0,0.0,0.0,0.22093507647514343,-0.06085219234228134,1.3289507627487183,1.3289507627487183
112,1,438.8434143066406,741.3588256835938,438.8434143066406,741.3588256835938,438.8434143066406,741.3588256835938,,,,,0.0,0.0,0.0,0.4843844473361969,-0.6089082956314087,1.2115551233291626,1.2115551233291626
112,2,704.3414306640625,620.1853637695312,704.3414306640625,620.1853637695312,704.3414306640625,620.1853637695312,,,,,0.0,0.0,0.0,0.005868343636393547,-0.028412412852048874,1.3499294519424438,1.3499294519424438
112,3,514.2119750976562,579.5874633789062,514.2119750976562,579.5874633789062,514.2119750976562,579.5874633789062,,,,,0.0,0.0,0.0,-6.333757400512695,2.151528835296631,1.054231882095337,1.054231882095337
112,5,1768.3970947265625,450.4901428222656,1768.3970947265625,450.4901428222656,1768.3970947265625,450.4901428222656,,,,,0.0,0.0,0.0,3.7969729900360107,0.647491455078125,1.2246652841567993,1.2246652841567993
112,6,1744.3680419921875,466.383056640625,1744.3680419921875,466.383056640625,1744.3680419921875,466.383056640625,,,,,0.0,0.0,0.0,-0.06089819222688675,0.09087017923593521,1.3193265199661255,1.3193265199661255
112,7,366.2024841308594,673.48583984375,366.2024841308594,673.48583984375,366.2024841308594,673.48583984375,,,,,0.0,0.0,0.0,-7.847207069396973,2.960834503173828,1.2373266220092773,1.2373266220092773
112,8,1465.667236328125,440.0381164550781,1465.667236328125,440.0381164550781,1465.667236328125,440.0381164550781,,,,,0.0,0.0,0.0,-0.030028637498617172,0.039399247616529465,1.2245200872421265,1.2245200872421265
112,9,1604.3963623046875,428.49749755859375,1604.3963623046875,428.49749755859375,1604.3963623046875,428.49749755859375,,,,,0.0,0.0,0.0,-0.0658709704875946,-0.34460318088531494,1.0945171117782593,1.0945171117782593
112,10,1503.1834716796875,279.8084411621094,1503.1834716796875,279.8084411621094,1503.1834716796875,279.8084411621094,,,,,0.0,0.0,0.0,0.05511780083179474,-0.5698332190513611,2.9921202659606934,2.9921202659606934
112,11,1063.34912109375,407.05645751953125,1063.34912109375,407.05645751953125,1063.34912109375,407.05645751953125,,,,,0.0,0.0,0.0,-4.618903160095215,1.7380317449569702,1.0450681447982788,1.0450681447982788
112,12,132.05088806152344,881.3616333007812,132.05088806152344,881.3616333007812,132.05088806152344,881.3616333007812,,,,,0.0,0.0,0.0,1.8861098289489746,-1.2771944999694824,1.2489653825759888,1.2489653825759888
113,0,562.5940551757812,692.03466796875,562.5940551757812,692.03466796875,562.5940551757812,692.03466796875,,,,,0.0,0.0,0.0,0.2143070250749588,-0.059026628732681274,1.5722689628601074,1.5722689628601074
113,1,438.9306945800781,739.5774536132812,438.9306945800781,739.5774536132812,438.9306945800781,739.5774536132812,,,,,0.0,0.0,0.0,0.44881778955459595,-0.713921308517456,1.3964591026306152,1.3964591026306152
113,2,704.3472900390625,620.1569213867188,704.3472900390625,620.1569213867188,704.3472900390625,620.1569213867188,,,,,0.0,0.0,0.0,0.005692293401807547,-0.0275600403547287,1.602358102798462,1.602358102798462
113,3,507.56005859375,582.06640625,507.56005859375,582.06640625,507.56005859375,582.06640625,,,,,0.0,0.0,0.0,-6.358358383178711,2.1768434047698975,1.1896954774856567,1.1896954774856567
113,5,1772.194091796875,451.13763427734375,1772.194091796875,451.13763427734375,1772.194091796875,451.13763427734375,,,,,0.0,0.0,0.0,3.6830639839172363,0.6280667185783386,1.425526738166809,1.425526738166809
113,6,1744.30712890625,466.47393798828125,1744.30712890625,466.47393798828125,1744.30712890625,466.47393798828125,,,,,0.0,0.0,0.0,-0.05907124653458595,0.08814407885074615,1.5583159923553467,1.5583159923553467
113,7,358.35528564453125,676.4466552734375,358.35528564453125,676.4466552734375,358.35528564453125,676.4466552734375,,,,,0.0,0.0,0.0,-7.611791133880615,2.872009515762329,1.4450229406356812,1.4450229406356812
113,8,1465.63720703125,440.0775146484375,1465.63720703125,440.0775146484375,1465.63720703125,440.0775146484375,,,,,0.0,0.0,0.0,-0.029127778485417366,0.038217272609472275,1.4249131679534912,1.4249131679534912
113,9,1603.773681640625,426.7833557128906,1603.773681640625,426.7833557128906,1603.773681640625,426.7833557128906,,,,,0.0,0.0,0.0,-0.11080560833215714,-0.45514193177223206,1.242383360862732,1.242383360862732
113,10,1503.2386474609375,279.2386169433594,1503.2386474609375,279.2386169433594,1503.2386474609375,279.2386169433594,,,,,0.0,0.0,0.0,0.053464267402887344,-0.5527382493019104,3.395230293273926,3.395230293273926
113,11,1058.353515625,408.7271728515625,1058.353515625,408.7271728515625,1058.353515625,408.7271728515625,,,,,0.0,0.0,0.0,-4.647724628448486,1.7328808307647705,1.1777169704437256,1.1777169704437256
113,12,135.3210906982422,880.1378784179688,135.3210906982422,880.1378784179688,135.3210906982422,880.1378784179688,,,,,0.0,0.0,0.0,2.0155723094940186,-1.272191047668457,1.4508000612258911,1.4508000612258911
114,0,562.808349609375,691.9756469726562,562.808349609375,691.9756469726562,562.808349609375,691.9756469726562,,,,,0.0,0.0,0.0,0.20787781476974487,-0.057255830615758896,1.8583539724349976,1.8583539724349976
114,1,438.6383972167969,737.72802734375,438.6383972167969,737.72802734375,438.6383972167969,737.72802734375,,,,,0.0,0.0,0.0,0.38259249925613403,-0.8153871893882751,1.5971928834915161,1.5971928834915161
114,2,704.3529663085938,620.1293334960938,704.3529663085938,620.1293334960938,704.3529663085938,620.1293334960938,,,,,0.0,0.0,0.0,0.0055215246975421906,-0.026733240112662315,1.9001771211624146,1.9001771211624146
114,3,500.87872314453125,584.6331787109375,500.87872314453125,584.6331787109375,500.87872314453125,584.6331787109375,,,,,0.0,0.0,0.0,-6.383267402648926,2.2069199085235596,1.3351720571517944,1.3351720571517944
114,5,1775.877197265625,451.76568603515625,1775.877197265625,451.76568603515625,1775.877197265625,451.76568603515625,,,,,0.0,0.0,0.0,3.5725722312927246,0.6092247366905212,1.6582499742507935,1.6582499742507935
114,6,1744.248046875,466.56207275390625,1744.248046875,466.56207275390625,1744.248046875,466.56207275390625,,,,,0.0,0.0,0.0,-0.057299111038446426,0.08549975603818893,1.8390824794769287,1.8390824794769287
114,7,350.7434997558594,679.3186645507812,350.7434997558594,679.3186645507812,350.7434997558594,679.3186645507812,,,,,0.0,0.0,0.0,-7.383437633514404,2.7858493328094482,1.6864030361175537,1.6864030361175537
114,8,1465.6080322265625,440.11572265625,1465.6080322265625,440.11572265625,1465.6080322265625,440.11572265625,,,,,0.0,0.0,0.0,-0.0282539464533329,0.037070754915475845,1.6572667360305786,1.6572667360305786
114,9,1603.06591796875,424.8684387207031,1603.06591796875,424.8684387207031,1603.06591796875,424.8684387207031,,,,,0.0,0.0,0.0,-0.15882989764213562,-0.5725955963134766,1.401567816734314,1.401567816734314
114,10,1503.2921142578125,278.6858825683594,1503.2921142578125,278.6858825683594,1503.2921142578125,278.6858825683594,,,,,0.0,0.0,0.0,0.05186033993959427,-0.5361561179161072,3.8417179584503174,3.8417179584503174
114,11,1053.4144287109375,410.4720458984375,1053.4144287109375,410.4720458984375,1053.4144287109375,410.4720458984375,,,,,0.0,0.0,0.0,-4.669956684112549,1.7337948083877563,1.3199540376663208,1.3199540376663208
114,12,138.7772216796875,878.97265625,138.7772216796875,878.97265625,138.7772216796875,878.97265625,,,,,0.0,0.0,0.0,2.1496074199676514,-1.2622363567352295,1.6698564291000366,1.6698564291000366
115,0,563.0162353515625,691.9183959960938,563.0162353515625,691.9183959960938,563.0162353515625,691.9183959960938,,,,,0.0,0.0,0.0,0.2016414850950241,-0.05553815886378288,2.1906442642211914,2.1906442642211914
115,1,437.92901611328125,735.8704833984375,437.92901611328125,735.8704833984375,437.92901611328125,735.8704833984375,,,,,0.0,0.0,0.0,0.2861984372138977,-0.907383382320404,1.8085098266601562,1.8085098266601562
115,2,704.3584594726562,620.1026000976562,704.3584594726562,620.1026000976562,704.3584594726562,620.1026000976562,,,,,0.0,0.0,0.0,0.005355879198759794,-0.02593124285340309,2.247087240219116,2.247087240219116
115,3,494.1325988769531,587.2850952148438,494.1325988769531,587.2850952148438,494.1325988769531,587.2850952148438,,,,,0.0,0.0,0.0,-6.410981178283691,2.2409093379974365,1.4879728555679321,1.4879728555679321
115,5,1779.4498291015625,452.3749084472656,1779.4498291015625,452.3749084472656,1779.4498291015625,452.3749084472656,,,,,0.0,0.0,0.0,3.465395212173462,0.5909479856491089,1.9251911640167236,1.9251911640167236
115,6,1744.1907958984375,466.6475830078125,1744.1907958984375,466.6475830078125,1744.1907958984375,466.6475830078125,,,,,0.0,0.0,0.0,-0.05558013916015625,0.08293476700782776,2.1649467945098877,2.1649467945098877
115,7,343.3600769042969,682.1044921875,343.3600769042969,682.1044921875,343.3600769042969,682.1044921875,,,,,0.0,0.0,0.0,-7.161934852600098,2.7022738456726074,1.9639756679534912,1.9639756679534912
115,8,1465.579833984375,440.1528015136719,1465.579833984375,440.1528015136719,1465.579833984375,440.1528015136719,,,,,0.0,0.0,0.0,-0.027406329289078712,0.035958632826805115,1.9239190816879272,1.9239190816879272
115,9,1602.26953125,422.77679443359375,1602.26953125,422.77679443359375,1602.26953125,422.77679443359375,,,,,0.0,0.0,0.0,-0.2095729112625122,-0.6934875845909119,1.5688153505325317,1.5688153505325317
115,10,1503.343994140625,278.14971923828125,1503.343994140625,278.14971923828125,1503.343994140625,278.14971923828125,,,,,0.0,0.0,0.0,0.050304532051086426,-0.5200714468955994,4.3338541984558105,4.3338541984558105
115,11,1048.6748046875,412.17169189453125,1048.6748046875,412.17169189453125,1048.6748046875,412.17169189453125,,,,,0.0,0.0,0.0,-4.675220012664795,1.7312146425247192,1.4692163467407227,1.4692163467407227
115,12,142.62124633789062,877.759033203125,142.62124633789062,877.759033203125,142.62124633789062,877.759033203125,,,,,0.0,0.0,0.0,2.3049261569976807,-1.2577821016311646,1.8999515771865845,1.8999515771865845
116,0,562.4983520507812,692.206298828125,562.4983520507812,692.206298828125,562.4983520507812,692.206298828125,,,,,0.0,0.0,0.0,0.1462375819683075,-0.029096046462655067,1.1252200603485107,1.1252200603485107
116,1,436.5684509277344,742.8187255859375,436.5684509277344,742.8187255859375,436.5684509277344,742.8187255859375,,,,,0.0,0.0,0.0,0.14351065456867218,-0.2267030030488968,1.0409961938858032,1.0409961938858032
116,2,704.2831420898438,619.9949340820312,704.2831420898438,619.9949340820312,704.2831420898438,619.9949340820312,,,,,0.0,0.0,0.0,-0.0009652225417084992,-0.032331325113773346,1.139190673828125,1.139190673828125
116,3,481.9275207519531,590.6572265625,481.9275207519531,590.6572265625,481.9275207519531,590.6572265625,,,,,0.0,0.0,0.0,-6.846994876861572,2.3260347843170166,0.9306224584579468,0.9306224584579468
116,5,1766.19189453125,450.4795837402344,1766.19189453125,450.4795837402344,1766.19189453125,450.4795837402344,,,,,0.0,0.0,0.0,2.285306215286255,0.4155040979385376,1.054084300994873,1.054084300994873
116,6,1744.3895263671875,466.1866760253906,1744.3895263671875,466.1866760253906,1744.3895263671875,466.1866760253906,,,,,0.0,0.0,0.0,-0.036138951778411865,0.04135599732398987,1.1187933683395386,1.1187933683395386
116,7,317.7640380859375,692.08740234375,317.7640380859375,692.08740234375,317.7640380859375,692.08740234375,,,,,0.0,0.0,0.0,-8.4873046875,3.225736141204834,1.0654749870300293,1.0654749870300293
116,8,1465.5645751953125,440.03314208984375,1465.5645751953125,440.03314208984375,1465.5645751953125,440.03314208984375,,,,,0.0,0.0,0.0,-0.02654382772743702,0.024976491928100586,1.0537490844726562,1.0537490844726562
116,9,1604.828369140625,429.8791809082031,1604.828369140625,429.8791809082031,1604.828369140625,429.8791809082031,,,,,0.0,0.0,0.0,0.007202384062111378,-0.08306264877319336,0.9604021310806274,0.9604021310806274
116,10,1503.394287109375,277.629638671875,1503.394287109375,277.629638671875,1503.394287109375,277.629638671875,,,,,0.0,0.0,0.0,0.04879539832472801,-0.5044693350791931,4.873910427093506,4.873910427093506
116,11,1043.3359375,414.5664978027344,1043.3359375,414.5664978027344,1043.3359375,414.5664978027344,,,,,0.0,0.0,0.0,-4.724613189697266,1.7806015014648438,0.9233962297439575,0.9233962297439575
116,12,140.96807861328125,877.149658203125,140.96807861328125,877.149658203125,140.96807861328125,877.149658203125,,,,,0.0,0.0,0.0,1.949648141860962,-1.1995782852172852,1.0692468881607056,1.0692468881607056
117,0,562.6445922851562,692.1771850585938,562.6445922851562,692.1771850585938,562.6445922851562,692.1771850585938,,,,,0.0,0.0,0.0,0.14185045659542084,-0.02822316624224186,1.3287760019302368,1.3287760019302368
117,1,435.7415771484375,741.74951171875,435.7415771484375,741.74951171875,435.7415771484375,741.74951171875,,,,,0.0,0.0,0.0,0.05683310702443123,-0.30195823311805725,1.2076663970947266,1.2076663970947266
117,2,704.2821655273438,619.9625854492188,704.2821655273438,619.9625854492188,704.2821655273438,619.9625854492188,,,,,0.0,0.0,0.0,-0.0009362659184262156,-0.03136138617992401,1.3499295711517334,1.3499295711517334
117,3,475.173095703125,593.232421875,475.173095703125,593.232421875,475.173095703125,593.232421875,,,,,0.0,0.0,0.0,-6.839881420135498,2.345179796218872,1.0541267395019531,1.0541267395019531
117,5,1768.4771728515625,450.89508056640625,1768.4771728515625,450.89508056640625,1768.4771728515625,450.89508056640625,,,,,0.0,0.0,0.0,2.2167470455169678,0.40303897857666016,1.2249064445495605,1.2249064445495605
117,6,1744.3533935546875,466.22802734375,1744.3533935546875,466.22802734375,1744.3533935546875,466.22802734375,,,,,0.0,0.0,0.0,-0.03505478426814079,0.040115319192409515,1.3193265199661255,1.3193265199661255
117,7,309.2767333984375,695.3131103515625,309.2767333984375,695.3131103515625,309.2767333984375,695.3131103515625,,,,,0.0,0.0,0.0,-8.232686042785645,3.1289641857147217,1.2420001029968262,1.2420001029968262
117,8,1465.5380859375,440.05810546875,1465.5380859375,440.05810546875,1465.5380859375,440.05810546875,,,,,0.0,0.0,0.0,-0.0257475133985281,0.024227198213338852,1.224519968032837,1.224519968032837
117,9,1604.32421875,428.5385437011719,1604.32421875,428.5385437011719,1604.32421875,428.5385437011719,,,,,0.0,0.0,0.0,-0.033753715455532074,-0.18378286063671112,1.0944398641586304,1.0944398641586304
117,10,1503.443115234375,277.12518310546875,1503.443115234375,277.12518310546875,1503.443115234375,277.12518310546875,,,,,0.0,0.0,0.0,0.047331538051366806,-0.4893352687358856,5.464157581329346,5.464157581329346
117,11,1038.8748779296875,416.2523193359375,1038.8748779296875,416.2523193359375,1038.8748779296875,416.2523193359375,,,,,0.0,0.0,0.0,-4.704595565795898,1.7734036445617676,1.0441535711288452,1.0441535711288452
117,12,143.868896484375,876.0745239257812,143.868896484375,876.0745239257812,143.868896484375,876.0745239257812,,,,,0.0,0.0,0.0,2.037771701812744,-1.1880491971969604,1.2489575147628784,1.2489575147628784
118,0,562.7864379882812,692.1489868164062,562.7864379882812,692.1489868164062,562.7864379882812,692.1489868164062,,,,,0.0,0.0,0.0,0.13759495317935944,-0.02737647294998169,1.5716919898986816,1.5716919898986816
118,1,434.1801452636719,740.7001953125,434.1801452636719,740.7001953125,434.1801452636719,740.7001953125,,,,,0.0,0.0,0.0,-0.08911843597888947,-0.36936211585998535,1.3941869735717773,1.3941869735717773
118,2,704.28125,619.9312133789062,704.28125,619.9312133789062,704.28125,619.9312133789062,,,,,0.0,0.0,0.0,-0.0009081779862754047,-0.030420545488595963,1.6023582220077515,1.6023582220077515
118,3,468.20526123046875,595.9668579101562,468.20526123046875,595.9668579101562,468.20526123046875,595.9668579101562,,,,,0.0,0.0,0.0,-6.84978723526001,2.3753135204315186,1.1898003816604614,1.1898003816604614
118,5,1770.6939697265625,451.2981262207031,1770.6939697265625,451.2981262207031,1770.6939697265625,451.2981262207031,,,,,0.0,0.0,0.0,2.15024471282959,0.3909478187561035,1.4253172874450684,1.4253172874450684
118,6,1744.318359375,466.26812744140625,1744.318359375,466.26812744140625,1744.318359375,466.26812744140625,,,,,0.0,0.0,0.0,-0.03400314226746559,0.038911860436201096,1.5583159923553467,1.5583159923553467
118,7,301.0440368652344,698.4420776367188,301.0440368652344,698.4420776367188,301.0440368652344,698.4420776367188,,,,,0.0,0.0,0.0,-7.985705852508545,3.035095453262329,1.4496846199035645,1.4496846199035645
118,8,1465.5123291015625,440.08233642578125,1465.5123291015625,440.08233642578125,1465.5123291015625,440.08233642578125,,,,,0.0,0.0,0.0,-0.024975089356303215,0.023500382900238037,1.424912929534912,1.424912929534912
118,9,1603.7325439453125,426.98699951171875,1603.7325439453125,426.98699951171875,1603.7325439453125,426.98699951171875,,,,,0.0,0.0,0.0,-0.07876342535018921,-0.29413551092147827,1.2422912120819092,1.2422912120819092
118,10,1503.490478515625,276.6358337402344,1503.490478515625,276.6358337402344,1503.490478515625,276.6358337402344,,,,,0.0,0.0,0.0,0.04591159150004387,-0.4746552109718323,6.106866836547852,6.106866836547852
118,11,1034.498779296875,417.9566955566406,1034.498779296875,417.9566955566406,1034.498779296875,417.9566955566406,,,,,0.0,0.0,0.0,-4.679474353790283,1.7681257724761963,1.1765936613082886,1.1765936613082886
118,12,146.96551513671875,874.9996948242188,146.96551513671875,874.9996948242188,146.96551513671875,874.9996948242188,,,,,0.0,0.0,0.0,2.136813163757324,-1.1774582862854004,1.450793743133545,1.450793743133545
119,0,562.9240112304688,692.12158203125,562.9240112304688,692.12158203125,562.9240112304688,692.12158203125,,,,,0.0,0.0,0.0,0.13346710801124573,-0.026555178686976433,1.857406735420227,1.857406735420227
119,1,432.045166015625,739.6358032226562,432.045166015625,739.6358032226562,432.045166015625,739.6358032226562,,,,,0.0,0.0,0.0,-0.27282750606536865,-0.43177273869514465,1.5963398218154907,1.5963398218154907
119,2,704.2803344726562,619.9008178710938,704.2803344726562,619.9008178710938,704.2803344726562,619.9008178710938,,,,,0.0,0.0,0.0,-0.0008809326682239771,-0.02950792945921421,1.900177240371704,1.900177240371704
119,3,461.2274169921875,598.7706909179688,461.2274169921875,598.7706909179688,461.2274169921875,598.7706909179688,,,,,0.0,0.0,0.0,-6.859670639038086,2.408388614654541,1.3354530334472656,1.3354530334472656
119,5,1772.84423828125,451.6890869140625,1772.84423828125,451.6890869140625,1772.84423828125,451.6890869140625,,,,,0.0,0.0,0.0,2.085737466812134,0.3792193830013275,1.6576727628707886,1.6576727628707886
119,6,1744.2843017578125,466.3070373535156,1744.2843017578125,466.3070373535156,1744.2843017578125,466.3070373535156,,,,,0.0,0.0,0.0,-0.032983049750328064,0.03774450719356537,1.8390824794769287,1.8390824794769287
119,7,293.0583190917969,701.4771728515625,293.0583190917969,701.4771728515625,293.0583190917969,701.4771728515625,,,,,0.0,0.0,0.0,-7.7461347579956055,2.944042682647705,1.6910372972488403,1.6910372972488403
119,8,1465.4873046875,440.1058349609375,1465.4873046875,440.1058349609375,1465.4873046875,440.1058349609375,,,,,0.0,0.0,0.0,-0.024225836619734764,0.02279537171125412,1.6572664976119995,1.6572664976119995
119,9,1603.05419921875,425.2276306152344,1603.05419921875,425.2276306152344,1603.05419921875,425.2276306152344,,,,,0.0,0.0,0.0,-0.1269640326499939,-0.41193169355392456,1.4013358354568481,1.4013358354568481
119,10,1503.536376953125,276.1611633300781,1503.536376953125,276.1611633300781,1503.536376953125,276.1611633300781,,,,,0.0,0.0,0.0,0.044534243643283844,-0.4604155719280243,6.804308891296387,6.804308891296387
119,11,1030.2548828125,419.65069580078125,1030.2548828125,419.65069580078125,1030.2548828125,419.65069580078125,,,,,0.0,0.0,0.0,-4.646264553070068,1.7624746561050415,1.3186346292495728,1.3186346292495728
119,12,150.14598083496094,873.993408203125,150.14598083496094,873.993408203125,150.14598083496094,873.993408203125,,,,,0.0,0.0,0.0,2.233920097351074,-1.1615341901779175,1.6698516607284546,1.6698516607284546
120,0,563.0574951171875,692.0950317382812,563.0574951171875,692.0950317382812,563.0574951171875,692.0950317382812,,,,,0.0,0.0,0.0,0.1294630914926529,-0.025758523494005203,2.1893584728240967,2.1893584728240967
120,1,429.2276916503906,738.61181640625,429.2276916503906,738.61181640625,429.2276916503906,738.61181640625,,,,,0.0,0.0,0.0,-0.49820423126220703,-0.484222948551178,1.808835744857788,1.808835744857788
120,2,704.2794799804688,619.871337890625,704.2794799804688,619.871337890625,704.2794799804688,619.871337890625,,,,,0.0,0.0,0.0,-0.0008545047021470964,-0.028622692450881004,2.247087240219116,2.247087240219116
120,3,454.24072265625,601.65771484375,454.24072265625,601.65771484375,454.24072265625,601.65771484375,,,,,0.0,0.0,0.0,-6.8693766593933105,2.4449594020843506,1.4883930683135986,1.4883930683135986
120,5,1774.929931640625,452.06829833984375,1774.929931640625,452.06829833984375,1774.929931640625,452.06829833984375,,,,,0.0,0.0,0.0,2.023165464401245,0.36784282326698303,1.9243292808532715,1.9243292808532715
120,6,1744.2513427734375,466.34478759765625,1744.2513427734375,466.34478759765625,1744.2513427734375,466.34478759765625,,,,,0.0,0.0,0.0,-0.0319935604929924,0.036612171679735184,2.164947032928467,2.164947032928467
120,7,285.31219482421875,704.4212036132812,285.31219482421875,704.4212036132812,285.31219482421875,704.4212036132812,,,,,0.0,0.0,0.0,-7.513751029968262,2.8557214736938477,1.968566656112671,1.968566656112671
120,8,1465.463134765625,440.1286315917969,1465.463134765625,440.1286315917969,1465.463134765625,440.1286315917969,,,,,0.0,0.0,0.0,-0.023499062284827232,0.02211151085793972,1.9239187240600586,1.9239187240600586
120,9,1602.294189453125,423.27398681640625,1602.294189453125,423.27398681640625,1602.294189453125,423.27398681640625,,,,,0.0,0.0,0.0,-0.17728900909423828,-0.5344975590705872,1.5683430433273315,1.5683430433273315
120,10,1503.5809326171875,275.70074462890625,1503.5809326171875,275.70074462890625,1503.5809326171875,275.70074462890625,,,,,0.0,0.0,0.0,0.04319821670651436,-0.44660311937332153,7.558754920959473,7.558754920959473
120,11,1026.1650390625,421.3321533203125,1026.1650390625,421.3321533203125,1026.1650390625,421.3321533203125,,,,,0.0,0.0,0.0,-4.604254722595215,1.7563579082489014,1.4677232503890991,1.4677232503890991
120,12,153.57371520996094,873.0154418945312,153.57371520996094,873.0154418945312,153.57371520996094,873.0154418945312,,,,,0.0,0.0,0.0,2.3433518409729004,-1.14470636844635,1.8999485969543457,1.8999485969543457
121,0,562.5194702148438,692.2852172851562,562.5194702148438,692.2852172851562,562.5194702148438,692.2852172851562,,,,,0.0,0.0,0.0,0.07807665318250656,-0.00913186650723219,1.1249152421951294,1.1249152421951294
121,1,431.8451232910156,744.0827026367188,431.8451232910156,744.0827026367188,431.8451232910156,744.0827026367188,,,,,0.0,0.0,0.0,-0.22764964401721954,0.03290823847055435,1.041323184967041,1.041323184967041
121,2,704.2579345703125,619.9098510742188,704.2579345703125,619.9098510742188,704.2579345703125,619.9098510742188,,,,,0.0,0.0,0.0,-0.0024776742793619633,-0.023363731801509857,1.139190673828125,1.139190673828125
121,3,442.4796142578125,605.0841674804688,442.4796142578125,605.0841674804688,442.4796142578125,605.0841674804688,,,,,0.0,0.0,0.0,-7.237583160400391,2.5188400745391846,0.9307891726493835,0.9307891726493835
121,5,1763.369140625,450.19122314453125,1763.369140625,450.19122314453125,1763.369140625,450.19122314453125,,,,,0.0,0.0,0.0,1.0646430253982544,0.20943593978881836,1.0538462400436401,1.0538462400436401
121,6,1744.4957275390625,466.025390625,1744.4957275390625,466.025390625,1744.4957275390625,466.025390625,,,,,0.0,0.0,0.0,-0.010866147466003895,0.009395030327141285,1.1187933683395386,1.1187933683395386
121,7,259.07135009765625,714.6199951171875,259.07135009765625,714.6199951171875,259.07135009765625,714.6199951171875,,,,,0.0,0.0,0.0,-8.857239723205566,3.3825182914733887,1.0664634704589844,1.0664634704589844
121,8,1465.7515869140625,439.9207458496094,1465.7515869140625,439.9207458496094,1465.7515869140625,439.9207458496094,,,,,0.0,0.0,0.0,-0.0014735010918229818,0.0058760573156178,1.0537489652633667,1.0537489652633667
121,9,1604.80029296875,430.2817077636719,1604.80029296875,430.2817077636719,1604.80029296875,430.2817077636719,,,,,0.0,0.0,0.0,0.03257520869374275,0.055364854633808136,0.9601632356643677,0.9601632356643677
121,10,1503.6241455078125,275.254150390625,1503.6241455078125,275.254150390625,1503.6241455078125,275.254150390625,,,,,0.0,0.0,0.0,0.041902270168066025,-0.4332050383090973,8.372476577758789,8.372476577758789
121,11,1018.5880737304688,424.81109619140625,1018.5880737304688,424.81109619140625,1018.5880737304688,424.81109619140625,,,,,0.0,0.0,0.0,-4.8254218101501465,1.8845160007476807,0.9228660464286804,0.9228660464286804
121,12,152.36273193359375,871.8212890625,152.36273193359375,871.8212890625,152.36273193359375,871.8212890625,,,,,0.0,0.0,0.0,2.024312973022461,-1.1491436958312988,1.069246530532837,1.069246530532837
122,0,562.5975341796875,692.2760620117188,562.5975341796875,692.2760620117188,562.5975341796875,692.2760620117188,,,,,0.0,0.0,0.0,0.07573435455560684,-0.00885791052132845,1.328429937362671,1.328429937362671
122,1,429.5263366699219,743.664306640625,429.5263366699219,743.664306640625,429.5263366699219,743.664306640625,,,,,0.0,0.0,0.0,-0.41458120942115784,-0.00743510015308857,1.2083150148391724,1.2083150148391724
122,2,704.2554321289062,619.886474609375,704.2554321289062,619.886474609375,704.2554321289062,619.886474609375,,,,,0.0,0.0,0.0,-0.00240334402769804,-0.022662820294499397,1.3499295711517334,1.3499295711517334
122,3,435.18634033203125,607.98095703125,435.18634033203125,607.98095703125,435.18634033203125,607.98095703125,,,,,0.0,0.0,0.0,-7.241864204406738,2.5478858947753906,1.0543311834335327,1.0543311834335327
122,5,1764.433837890625,450.4006652832031,1764.433837890625,450.4006652832031,1764.433837890625,450.4006652832031,,,,,0.0,0.0,0.0,1.0327037572860718,0.2031528651714325,1.2246761322021484,1.2246761322021484
122,6,1744.48486328125,466.0347900390625,1744.48486328125,466.0347900390625,1744.48486328125,466.0347900390625,,,,,0.0,0.0,0.0,-0.010540163144469261,0.00911317951977253,1.3193265199661255,1.3193265199661255
122,7,250.214111328125,718.0025024414062,250.214111328125,718.0025024414062,250.214111328125,718.0025024414062,,,,,0.0,0.0,0.0,-8.591523170471191,3.2810428142547607,1.2427966594696045,1.2427966594696045
122,8,1465.7501220703125,439.9266357421875,1465.7501220703125,439.9266357421875,1465.7501220703125,439.9266357421875,,,,,0.0,0.0,0.0,-0.0014292960986495018,0.005699775647372007,1.2245197296142578,1.2245197296142578
122,9,1604.322021484375,429.05963134765625,1604.322021484375,429.05963134765625,1604.322021484375,429.05963134765625,,,,,0.0,0.0,0.0,-0.00828633550554514,-0.046812236309051514,1.0939685106277466,1.0939685106277466
122,10,1503.666015625,274.8209533691406,1503.666015625,274.8209533691406,1503.666015625,274.8209533691406,,,,,0.0,0.0,0.0,0.04064520448446274,-0.4202089011669159,9.2477445602417,9.2477445602417
122,11,1014.19873046875,426.6012878417969,1014.19873046875,426.6012878417969,1014.19873046875,426.6012878417969,,,,,0.0,0.0,0.0,-4.7923126220703125,1.877354383468628,1.0435407161712646,1.0435407161712646
122,12,155.11093139648438,870.8593139648438,155.11093139648438,870.8593139648438,155.11093139648438,870.8593139648438,,,,,0.0,0.0,0.0,2.091378927230835,-1.131800651550293,1.248957872390747,1.248957872390747
123,0,562.6732788085938,692.2672119140625,562.6732788085938,692.2672119140625,562.6732788085938,692.2672119140625,,,,,0.0,0.0,0.0,0.07346232980489731,-0.008592173457145691,1.5713557004928589,1.5713557004928589
123,1,431.2054443359375,742.9105834960938,431.2054443359375,742.9105834960938,431.2054443359375,742.9105834960938,,,,,0.0,0.0,0.0,-0.22576387226581573,-0.0747358575463295,1.3949695825576782,1.3949695825576782
123,2,704.2530517578125,619.8638305664062,704.2530517578125,619.8638305664062,704.2530517578125,619.8638305664062,,,,,0.0,0.0,0.0,-0.0023312438279390335,-0.021982936188578606,1.6023582220077515,1.6023582220077515
123,3,427.95404052734375,610.9502563476562,427.95404052734375,610.9502563476562,427.95404052734375,610.9502563476562,,,,,0.0,0.0,0.0,-7.241123676300049,2.5804977416992188,1.1900171041488647,1.1900171041488647
123,5,1765.466552734375,450.60382080078125,1765.466552734375,450.60382080078125,1765.466552734375,450.60382080078125,,,,,0.0,0.0,0.0,1.0017226934432983,0.1970582902431488,1.4251866340637207,1.4251866340637207
123,6,1744.474365234375,466.0439147949219,1744.474365234375,466.0439147949219,1744.474365234375,466.0439147949219,,,,,0.0,0.0,0.0,-0.010223958641290665,0.008839784190058708,1.5583159923553467,1.5583159923553467
123,7,241.62258911132812,721.2835693359375,241.62258911132812,721.2835693359375,241.62258911132812,721.2835693359375,,,,,0.0,0.0,0.0,-8.33377742767334,3.1826117038726807,1.4502918720245361,1.4502918720245361
123,8,1465.7486572265625,439.9323425292969,1465.7486572265625,439.9323425292969,1465.7486572265625,439.9323425292969,,,,,0.0,0.0,0.0,-0.0013864173088222742,0.005528782494366169,1.424912691116333,1.424912691116333
123,9,1603.7557373046875,427.61553955078125,1603.7557373046875,427.61553955078125,1603.7557373046875,427.61553955078125,,,,,0.0,0.0,0.0,-0.053242072463035583,-0.1593964546918869,1.2415279150009155,1.2415279150009155
123,10,1503.7066650390625,274.4007568359375,1503.7066650390625,274.4007568359375,1503.7066650390625,274.4007568359375,,,,,0.0,0.0,0.0,0.03942584991455078,-0.4076026380062103,10.186829566955566,10.186829566955566
123,11,1009.9496459960938,428.3481140136719,1009.9496459960938,428.3481140136719,1009.9496459960938,428.3481140136719,,,,,0.0,0.0,0.0,-4.7507829666137695,1.8673757314682007,1.1759068965911865,1.1759068965911865
123,12,158.796630859375,867.9398193359375,158.796630859375,867.9398193359375,158.796630859375,867.9398193359375,,,,,0.0,0.0,0.0,2.2405059337615967,-1.299015760421753,1.4507945775985718,1.4507945775985718
124,0,562.7467651367188,692.2586059570312,562.7467651367188,692.2586059570312,562.7467651367188,692.2586059570312,,,,,0.0,0.0,0.0,0.07125846296548843,-0.008334408514201641,1.8571312427520752,1.8571312427520752
124,1,433.2799987792969,742.0230712890625,433.2799987792969,742.0230712890625,433.2799987792969,742.0230712890625,,,,,0.0,0.0,0.0,-0.019327646121382713,-0.14767701923847198,1.5970853567123413,1.5970853567123413
124,2,704.250732421875,619.8418579101562,704.250732421875,619.8418579101562,704.250732421875,619.8418579101562,,,,,0.0,0.0,0.0,-0.0022613066248595715,-0.021323448047041893,1.900177240371704,1.900177240371704
124,3,420.64288330078125,614.0265502929688,420.64288330078125,614.0265502929688,420.64288330078125,614.0265502929688,,,,,0.0,0.0,0.0,-7.246527194976807,2.6187567710876465,1.3356589078903198,1.3356589078903198
124,5,1766.46826171875,450.8008728027344,1766.46826171875,450.8008728027344,1766.46826171875,450.8008728027344,,,,,0.0,0.0,0.0,0.9716710448265076,0.19114655256271362,1.6577337980270386,1.6577337980270386
124,6,1744.464111328125,466.0527648925781,1744.464111328125,466.0527648925781,1744.464111328125,466.0527648925781,,,,,0.0,0.0,0.0,-0.009917240589857101,0.008574591018259525,1.8390824794769287,1.8390824794769287
124,7,233.288818359375,724.4661865234375,233.288818359375,724.4661865234375,233.288818359375,724.4661865234375,,,,,0.0,0.0,0.0,-8.08376407623291,3.0871334075927734,1.691457748413086,1.691457748413086
124,8,1465.747314453125,439.9378662109375,1465.747314453125,439.9378662109375,1465.747314453125,439.9378662109375,,,,,0.0,0.0,0.0,-0.0013448247918859124,0.005362919066101313,1.6572661399841309,1.6572661399841309
124,9,1603.101806640625,425.9529113769531,1603.101806640625,425.9529113769531,1603.101806640625,425.9529113769531,,,,,0.0,0.0,0.0,-0.10147718340158463,-0.2800958752632141,1.400242567062378,1.400242567062378
124,10,1503.74609375,273.9931640625,1503.74609375,273.9931640625,1503.74609375,273.9931640625,,,,,0.0,0.0,0.0,0.03824307397007942,-0.3953745663166046,11.19200325012207,11.19200325012207
124,11,1005.8283081054688,430.0501403808594,1005.8283081054688,430.0501403808594,1005.8283081054688,430.0501403808594,,,,,0.0,0.0,0.0,-4.702793121337891,1.854770541191101,1.3178859949111938,1.3178859949111938
124,12,162.49615478515625,864.8067626953125,162.49615478515625,864.8067626953125,162.49615478515625,864.8067626953125,,,,,0.0,0.0,0.0,2.3762600421905518,-1.469663381576538,1.6698529720306396,1.6698529720306396
125,0,562.8179931640625,692.250244140625,562.8179931640625,692.250244140625,562.8179931640625,692.250244140625,,,,,0.0,0.0,0.0,0.06912071257829666,-0.008084376342594624,2.189195156097412,2.189195156097412
125,1,435.7159729003906,741.021484375,435.7159729003906,741.021484375,435.7159729003906,741.021484375,,,,,0.0,0.0,0.0,0.1979457139968872,-0.22323690354824066,1.8093997240066528,1.8093997240066528
125,2,704.2484741210938,619.820556640625,704.2484741210938,619.820556640625,704.2484741210938,619.820556640625,,,,,0.0,0.0,0.0,-0.0021934674587100744,-0.02068374492228031,2.2470874786376953,2.2470874786376953
125,3,413.3895263671875,617.13623046875,413.3895263671875,617.13623046875,413.3895263671875,617.13623046875,,,,,0.0,0.0,0.0,-7.247048854827881,2.6562576293945312,1.4885677099227905,1.4885677099227905
125,5,1767.43994140625,450.99200439453125,1767.43994140625,450.99200439453125,1767.43994140625,450.99200439453125,,,,,0.0,0.0,0.0,0.9425209164619446,0.18541216850280762,1.9246740341186523,1.9246740341186523
125,6,1744.4542236328125,466.06134033203125,1744.4542236328125,466.06134033203125,1744.4542236328125,466.06134033203125,,,,,0.0,0.0,0.0,-0.00961972400546074,0.008317353203892708,2.164947032928467,2.164947032928467
125,7,225.20504760742188,727.5533447265625,225.20504760742188,727.5533447265625,225.20504760742188,727.5533447265625,,,,,0.0,0.0,0.0,-7.841251373291016,2.9945194721221924,1.9688029289245605,1.9688029289245605
125,8,1465.7459716796875,439.9432373046875,1465.7459716796875,439.9432373046875,1465.7459716796875,439.9432373046875,,,,,0.0,0.0,0.0,-0.0013044801307842135,0.005202031694352627,1.92391836643219,1.92391836643219
125,9,1602.36474609375,424.08380126953125,1602.36474609375,424.08380126953125,1602.36474609375,424.08380126953125,,,,,0.0,0.0,0.0,-0.15194633603096008,-0.4062763452529907,1.5669050216674805,1.5669050216674805
125,10,1503.7843017578125,273.5977783203125,1503.7843017578125,273.5977783203125,1503.7843017578125,273.5977783203125,,,,,0.0,0.0,0.0,0.03709578141570091,-0.38351333141326904,12.26553726196289,12.26553726196289
125,11,1001.8656005859375,431.6904602050781,1001.8656005859375,431.6904602050781,1001.8656005859375,431.6904602050781,,,,,0.0,0.0,0.0,-4.646914958953857,1.8385796546936035,1.4669275283813477,1.4669275283813477
125,12,166.17225646972656,861.429443359375,166.17225646972656,861.429443359375,166.17225646972656,861.429443359375,,,,,0.0,0.0,0.0,2.495410203933716,-1.6445292234420776,1.8999500274658203,1.8999500274658203
126,0,562.447021484375,692.3002319335938,562.447021484375,692.3002319335938,562.447021484375,692.3002319335938,,,,,0.0,0.0,0.0,0.03522753342986107,-0.0036130575463175774,1.1249152421951294,1.1249152421951294
126,1,435.4900207519531,745.238037109375,435.4900207519531,745.238037109375,435.4900207519531,745.238037109375,,,,,0.0,0.0,0.0,0.16117432713508606,0.1619177609682083,1.0413950681686401,1.0413950681686401
126,2,704.24755859375,619.8512573242188,704.24755859375,619.8512573242188,704.24755859375,619.8512573242188,,,,,0.0,0.0,0.0,-0.002095423638820648,-0.016655778512358665,1.1391905546188354,1.1391905546188354
126,3,401.53857421875,620.0238037109375,401.53857421875,620.0238037109375,401.53857421875,620.0238037109375,,,,,0.0,0.0,0.0,-7.593507766723633,2.6736648082733154,0.9308297634124756,0.9308297634124756
126,5,1759.2965087890625,449.6894836425781,1759.2965087890625,449.6894836425781,1759.2965087890625,449.6894836425781,,,,,0.0,0.0,0.0,0.30073586106300354,0.08031104505062103,1.0540074110031128,1.0540074110031128
126,6,1744.8173828125,465.3426208496094,1744.8173828125,465.3426208496094,1744.8173828125,465.3426208496094,,,,,0.0,0.0,0.0,0.01888427324593067,-0.047265440225601196,1.1187933683395386,1.1187933683395386
126,7,198.4798126220703,738.4347534179688,198.4798126220703,738.4347534179688,198.4798126220703,738.4347534179688,,,,,0.0,0.0,0.0,-9.195218086242676,3.5600039958953857,1.0664753913879395,1.0664753913879395
126,8,1465.92626953125,439.82623291015625,1465.92626953125,439.82623291015625,1465.92626953125,439.82623291015625,,,,,0.0,0.0,0.0,0.011515014804899693,-0.003422982757911086,1.0537489652633667,1.0537489652633667
126,9,1604.8770751953125,430.7035827636719,1604.8770751953125,430.7035827636719,1604.8770751953125,430.7035827636719,,,,,0.0,0.0,0.0,0.056212250143289566,0.1426573246717453,0.9596224427223206,0.9596224427223206
126,10,1503.8214111328125,273.2142639160156,1503.8214111328125,273.2142639160156,1503.8214111328125,273.2142639160156,,,,,0.0,0.0,0.0,0.03598291054368019,-0.37200793623924255,13.40970230102539,13.40970230102539
126,11,992.5179443359375,434.6404724121094,992.5179443359375,434.6404724121094,992.5179443359375,434.6404724121094,,,,,0.0,0.0,0.0,-4.996650695800781,1.9212689399719238,0.9225982427597046,0.9225982427597046
126,12,163.72889709472656,863.9968872070312,163.72889709472656,863.9968872070312,163.72889709472656,863.9968872070312,,,,,0.0,0.0,0.0,2.05210542678833,-1.2664602994918823,1.0692468881607056,1.0692468881607056
127,0,562.4822387695312,692.296630859375,562.4822387695312,692.296630859375,562.4822387695312,692.296630859375,,,,,0.0,0.0,0.0,0.03417070955038071,-0.003504666034132242,1.3285298347473145,1.3285298347473145
127,1,437.1920166015625,744.6893310546875,437.1920166015625,744.6893310546875,437.1920166015625,744.6893310546875,,,,,0.0,0.0,0.0,0.29875537753105164,0.09846841543912888,1.2081712484359741,1.2081712484359741
127,2,704.2454833984375,619.8345947265625,704.2454833984375,619.8345947265625,704.2454833984375,619.8345947265625,,,,,0.0,0.0,0.0,-0.002032560994848609,-0.01615610532462597,1.3499294519424438,1.3499294519424438
127,3,394.0816650390625,623.0208740234375,394.0816650390625,623.0208740234375,394.0816650390625,623.0208740234375,,,,,0.0,0.0,0.0,-7.583011627197266,2.698514699935913,1.0543354749679565,1.0543354749679565
127,5,1759.5972900390625,449.7698059082031,1759.5972900390625,449.7698059082031,1759.5972900390625,449.7698059082031,,,,,0.0,0.0,0.0,0.29171380400657654,0.07790171355009079,1.225042700767517,1.225042700767517
127,6,1744.8363037109375,465.29534912109375,1744.8363037109375,465.29534912109375,1744.8363037109375,465.29534912109375,,,,,0.0,0.0,0.0,0.018317745998501778,-0.04584747925400734,1.3193265199661255,1.3193265199661255
127,7,189.2845916748047,741.9947509765625,189.2845916748047,741.9947509765625,189.2845916748047,741.9947509765625,,,,,0.0,0.0,0.0,-8.91936206817627,3.4532039165496826,1.242730736732483,1.242730736732483
127,8,1465.937744140625,439.82281494140625,1465.937744140625,439.82281494140625,1465.937744140625,439.82281494140625,,,,,0.0,0.0,0.0,0.01116956491023302,-0.003320293268188834,1.2245198488235474,1.2245198488235474
127,9,1604.4111328125,429.5398254394531,1604.4111328125,429.5398254394531,1604.4111328125,429.5398254394531,,,,,0.0,0.0,0.0,0.014485601335763931,0.0382537841796875,1.093220591545105,1.093220591545105
127,10,1503.857421875,272.8422546386719,1503.857421875,272.8422546386719,1503.857421875,272.8422546386719,,,,,0.0,0.0,0.0,0.034903425723314285,-0.36084771156311035,14.626769065856934,14.626769065856934
127,11,988.2308349609375,436.3329772949219,988.2308349609375,436.3329772949219,988.2308349609375,436.3329772949219,,,,,0.0,0.0,0.0,-4.942777633666992,1.9039000272750854,1.0432562828063965,1.0432562828063965
127,12,166.27932739257812,861.5847778320312,166.27932739257812,861.5847778320312,166.27932739257812,861.5847778320312,,,,,0.0,0.0,0.0,2.098273515701294,-1.3725996017456055,1.2489582300186157,1.2489582300186157
128,0,562.5164184570312,692.2931518554688,562.5164184570312,692.2931518554688,562.5164184570312,692.2931518554688,,,,,0.0,0.0,0.0,0.033145587891340256,-0.003399526234716177,1.5715903043746948,1.5715903043746948
128,1,439.20123291015625,743.9927978515625,439.20123291015625,743.9927978515625,439.20123291015625,743.9927978515625,,,,,0.0,0.0,0.0,0.45283374190330505,0.0268559493124485,1.394537329673767,1.394537329673767
128,2,704.2434692382812,619.8184204101562,704.2434692382812,619.8184204101562,704.2434692382812,619.8184204101562,,,,,0.0,0.0,0.0,-0.001971584279090166,-0.015671422705054283,1.602358102798462,1.602358102798462
128,3,386.4842529296875,626.0960693359375,386.4842529296875,626.0960693359375,386.4842529296875,626.0960693359375,,,,,0.0,0.0,0.0,-7.584125995635986,2.7276618480682373,1.1899741888046265,1.1899741888046265
128,5,1759.8890380859375,449.84771728515625,1759.8890380859375,449.84771728515625,1759.8890380859375,449.84771728515625,,,,,0.0,0.0,0.0,0.2829624116420746,0.0755646675825119,1.42582106590271,1.42582106590271
128,6,1744.8546142578125,465.24951171875,1744.8546142578125,465.24951171875,1744.8546142578125,465.24951171875,,,,,0.0,0.0,0.0,0.017768213525414467,-0.04447205737233162,1.5583159923553467,1.5583159923553467
128,7,180.365234375,745.4479370117188,180.365234375,745.4479370117188,180.365234375,745.4479370117188,,,,,0.0,0.0,0.0,-8.65178108215332,3.3496079444885254,1.450164556503296,1.450164556503296
128,8,1465.948974609375,439.8194885253906,1465.948974609375,439.8194885253906,1465.948974609375,439.8194885253906,,,,,0.0,0.0,0.0,0.010834477841854095,-0.0032206845935434103,1.4249128103256226,1.4249128103256226
128,9,1603.8536376953125,428.14703369140625,1603.8536376953125,428.14703369140625,1603.8536376953125,428.14703369140625,,,,,0.0,0.0,0.0,-0.031573586165905,-0.07696246355772018,1.2405630350112915,1.2405630350112915
128,10,1503.892333984375,272.4814147949219,1503.892333984375,272.4814147949219,1503.892333984375,272.4814147949219,,,,,0.0,0.0,0.0,0.03385632485151291,-0.3500222861766815,15.9190092086792,15.9190092086792
128,11,984.1718139648438,437.9482421875,984.1718139648438,437.9482421875,984.1718139648438,437.9482421875,,,,,0.0,0.0,0.0,-4.875208377838135,1.8818315267562866,1.175610899925232,1.175610899925232
128,12,168.67529296875,858.9806518554688,168.67529296875,858.9806518554688,168.67529296875,858.9806518554688,,,,,0.0,0.0,0.0,2.1261191368103027,-1.4877878427505493,1.4507948160171509,1.4507948160171509
129,0,562.549560546875,692.2897338867188,562.549560546875,692.2897338867188,562.549560546875,692.2897338867188,,,,,0.0,0.0,0.0,0.032151222229003906,-0.0032975405920296907,1.8575351238250732,1.8575351238250732
129,1,441.474609375,743.1544189453125,441.474609375,743.1544189453125,441.474609375,743.1544189453125,,,,,0.0,0.0,0.0,0.6160394549369812,-0.05071040987968445,1.5963183641433716,1.5963183641433716
129,2,704.2415161132812,619.802734375,704.2415161132812,619.802734375,704.2415161132812,619.802734375,,,,,0.0,0.0,0.0,-0.0019124367972835898,-0.015201280824840069,1.9001771211624146,1.9001771211624146
129,3,378.818115234375,629.2964477539062,378.818115234375,629.2964477539062,378.818115234375,629.2964477539062,,,,,0.0,0.0,0.0,-7.590452671051025,2.7641313076019287,1.3355612754821777,1.3355612754821777
129,5,1760.1719970703125,449.92327880859375,1760.1719970703125,449.92327880859375,1760.1719970703125,449.92327880859375,,,,,0.0,0.0,0.0,0.27447354793548584,0.07329773157835007,1.6586987972259521,1.6586987972259521
129,6,1744.8724365234375,465.2050476074219,1744.8724365234375,465.2050476074219,1744.8724365234375,465.2050476074219,,,,,0.0,0.0,0.0,0.017235167324543,-0.04313789680600166,1.8390824794769287,1.8390824794769287
129,7,171.7134552001953,748.7975463867188,171.7134552001953,748.7975463867188,171.7134552001953,748.7975463867188,,,,,0.0,0.0,0.0,-8.392228126525879,3.249119758605957,1.6912857294082642,1.6912857294082642
129,8,1465.9598388671875,439.8162536621094,1465.9598388671875,439.8162536621094,1465.9598388671875,439.8162536621094,,,,,0.0,0.0,0.0,0.01050944346934557,-0.00312406406737864,1.65726637840271,1.65726637840271
129,9,1603.20556640625,426.5265808105469,1603.20556640625,426.5265808105469,1603.20556640625,426.5265808105469,,,,,0.0,0.0,0.0,-0.08103734254837036,-0.2008150815963745,1.3990639448165894,1.3990639448165894
129,10,1503.9261474609375,272.1313781738281,1503.9261474609375,272.1313781738281,1503.9261474609375,272.1313781738281,,,,,0.0,0.0,0.0,0.03284063562750816,-0.3395216166973114,17.288694381713867,17.288694381713867
129,11,980.2716064453125,439.4871826171875,980.2716064453125,439.4871826171875,980.2716064453125,439.4871826171875,,,,,0.0,0.0,0.0,-4.800868511199951,1.8556870222091675,1.3175842761993408,1.3175842761993408
129,12,170.8016815185547,856.2694702148438,170.8016815185547,856.2694702148438,170.8016815185547,856.2694702148438,,,,,0.0,0.0,0.0,2.1261446475982666,-1.601617455482483,1.6698530912399292,1.6698530912399292
130,0,562.5817260742188,692.2864379882812,562.5817260742188,692.2864379882812,562.5817260742188,692.2864379882812,,,,,0.0,0.0,0.0,0.03118668682873249,-0.00319861457683146,2.189802885055542,2.189802885055542
130,1,444.0234375,742.1971435546875,444.0234375,742.1971435546875,444.0234375,742.1971435546875,,,,,0.0,0.0,0.0,0.78691166639328,-0.13085751235485077,1.8082811832427979,1.8082811832427979
130,2,704.2396240234375,619.7875366210938,704.2396240234375,619.7875366210938,704.2396240234375,619.7875366210938,,,,,0.0,0.0,0.0,-0.0018550637178122997,-0.014745242893695831,2.247087240219116,2.247087240219116
130,3,371.12481689453125,632.5485229492188,371.12481689453125,632.5485229492188,371.12481689453125,632.5485229492188,,,,,0.0,0.0,0.0,-7.598307132720947,2.801395893096924,1.4884111881256104,1.4884111881256104
130,5,1760.4464111328125,449.99658203125,1760.4464111328125,449.99658203125,1760.4464111328125,449.99658203125,,,,,0.0,0.0,0.0,0.26623934507369995,0.07109880447387695,1.9260320663452148,1.9260320663452148
130,6,1744.8896484375,465.1618957519531,1744.8896484375,465.1618957519531,1744.8896484375,465.1618957519531,,,,,0.0,0.0,0.0,0.01671811193227768,-0.04184376075863838,2.164947032928467,2.164947032928467
130,7,163.32122802734375,752.0466918945312,163.32122802734375,752.0466918945312,163.32122802734375,752.0466918945312,,,,,0.0,0.0,0.0,-8.140461921691895,3.151646375656128,1.9686026573181152,1.9686026573181152
130,8,1465.9703369140625,439.8131408691406,1465.9703369140625,439.8131408691406,1465.9703369140625,439.8131408691406,,,,,0.0,0.0,0.0,0.010194160044193268,-0.0030303422827273607,1.923918604850769,1.923918604850769
130,9,1602.468017578125,424.6929626464844,1602.468017578125,424.6929626464844,1602.468017578125,424.6929626464844,,,,,0.0,0.0,0.0,-0.13314372301101685,-0.33040720224380493,1.5655280351638794,1.5655280351638794
130,10,1503.958984375,271.7918701171875,1503.958984375,271.7918701171875,1503.958984375,271.7918701171875,,,,,0.0,0.0,0.0,0.031855419278144836,-0.3293359875679016,18.73809242248535,18.73809242248535
130,11,976.535888671875,440.9811096191406,976.535888671875,440.9811096191406,976.535888671875,440.9811096191406,,,,,0.0,0.0,0.0,-4.720444202423096,1.8283718824386597,1.4666260480880737,1.4666260480880737
130,12,172.41497802734375,853.5716552734375,172.41497802734375,853.5716552734375,172.41497802734375,853.5716552734375,,,,,0.0,0.0,0.0,2.079133987426758,-1.7020994424819946,1.8999500274658203,1.8999500274658203
131,0,562.3237915039062,692.35009765625,562.3237915039062,692.35009765625,562.3237915039062,692.35009765625,,,,,0.0,0.0,0.0,0.00890971627086401,0.0019519923953339458,1.125077247619629,1.125077247619629
131,1,439.7693176269531,745.7898559570312,439.7693176269531,745.7898559570312,439.7693176269531,745.7898559570312,,,,,0.0,0.0,0.0,0.3499685525894165,0.1918918788433075,1.041009783744812,1.041009783744812
131,2,704.2483520507812,619.8850708007812,704.2483520507812,619.8850708007812,704.2483520507812,619.8850708007812,,,,,0.0,0.0,0.0,-0.001027138321660459,-0.005945811979472637,1.139190673828125,1.139190673828125
131,3,359.8489990234375,635.4140625,359.8489990234375,635.4140625,359.8489990234375,635.4140625,,,,,0.0,0.0,0.0,-7.874992370605469,2.8062236309051514,0.9307607412338257,0.9307607412338257
131,5,1755.67236328125,449.075439453125,1755.67236328125,449.075439453125,1755.67236328125,449.075439453125,,,,,0.0,0.0,0.0,-0.09004230797290802,0.0009606453240849078,1.054413080215454,1.054413080215454
131,6,1744.9615478515625,465.1674499511719,1744.9615478515625,465.1674499511719,1744.9615478515625,465.1674499511719,,,,,0.0,0.0,0.0,0.020936286076903343,-0.03822072595357895,1.1187933683395386,1.1187933683395386
131,7,134.83734130859375,763.40771484375,134.83734130859375,763.40771484375,134.83734130859375,763.40771484375,,,,,0.0,0.0,0.0,-9.599189758300781,3.740298271179199,1.0664292573928833,1.0664292573928833
131,8,1465.6881103515625,439.8800354003906,1465.6881103515625,439.8800354003906,1465.6881103515625,439.8800354003906,,,,,0.0,0.0,0.0,-0.010446863248944283,0.0019052092684432864,1.0537489652633667,1.0537489652633667
131,9,1604.9422607421875,431.11407470703125,1604.9422607421875,431.11407470703125,1604.9422607421875,431.11407470703125,,,,,0.0,0.0,0.0,0.0704847127199173,0.1968623846769333,0.9591502547264099,0.9591502547264099
131,10,1503.9908447265625,271.4625244140625,1503.9908447265625,271.4625244140625,1503.9908447265625,271.4625244140625,,,,,0.0,0.0,0.0,0.030899757519364357,-0.31945592164993286,20.26947784423828,20.26947784423828
131,11,964.3952026367188,445.603759765625,964.3952026367188,445.603759765625,964.3952026367188,445.603759765625,,,,,0.0,0.0,0.0,-5.272555351257324,2.036282777786255,0.9225024580955505,0.9225024580955505
131,12,171.3345947265625,857.3019409179688,171.3345947265625,857.3019409179688,171.3345947265625,857.3019409179688,,,,,0.0,0.0,0.0,1.7955348491668701,-1.2144910097122192,1.069246768951416,1.069246768951416
131,13,1498.206298828125,345.7404479980469,1498.206298828125,345.7404479980469,1498.206298828125,345.7404479980469,,,,,0.0,0.0,0.0,0.0,0.0,1.0,1.0
132,0,562.3327026367188,692.35205078125,562.3327026367188,692.35205078125,562.3327026367188,692.35205078125,,,,,0.0,0.0,0.0,0.008642424829304218,0.0018934326944872737,1.328779697418213,1.328779697418213
132,1,441.5646057128906,745.2717895507812,441.5646057128906,745.2717895507812,441.5646057128906,745.2717895507812,,,,,0.0,0.0,0.0,0.4789274334907532,0.128543421626091,1.2075897455215454,1.2075897455215454
132,2,704.247314453125,619.879150390625,704.247314453125,619.879150390625,704.247314453125,619.879150390625,,,,,0.0,0.0,0.0,-0.0009963242337107658,-0.005767437629401684,1.3499295711517334,1.3499295711517334
132,3,351.9649963378906,638.533203125,351.9649963378906,638.533203125,351.9649963378906,638.533203125,,,,,0.0,0.0,0.0,-7.875682830810547,2.8302645683288574,1.0542296171188354,1.0542296171188354
132,5,1755.582275390625,449.0763854980469,1755.582275390625,449.0763854980469,1755.582275390625,449.0763854980469,,,,,0.0,0.0,0.0,-0.08734104037284851,0.0009318260126747191,1.225630283355713,1.225630283355713
132,6,1744.9825439453125,465.1292419433594,1744.9825439453125,465.1292419433594,1744.9825439453125,465.1292419433594,,,,,0.0,0.0,0.0,0.020308198407292366,-0.03707410395145416,1.3193265199661255,1.3193265199661255
132,7,125.23815155029297,767.1480102539062,125.23815155029297,767.1480102539062,125.23815155029297,767.1480102539062,,,,,0.0,0.0,0.0,-9.311214447021484,3.628089427947998,1.2426986694335938,1.2426986694335938
132,8,1465.6776123046875,439.8819274902344,1465.6776123046875,439.8819274902344,1465.6776123046875,439.8819274902344,,,,,0.0,0.0,0.0,-0.010133457370102406,0.0018480530707165599,1.2245198488235474,1.2245198488235474
132,9,1604.482177734375,429.97979736328125,1604.482177734375,429.97979736328125,1604.482177734375,429.97979736328125,,,,,0.0,0.0,0.0,0.028105711564421654,0.09051733464002609,1.0926483869552612,1.0926483869552612
132,10,1504.021728515625,271.14306640625,1504.021728515625,271.14306640625,1504.021728515625,271.14306640625,,,,,0.0,0.0,0.0,0.02997276559472084,-0.30987223982810974,21.885120391845703,21.885120391845703
132,11,958.81982421875,447.8448791503906,958.81982421875,447.8448791503906,958.81982421875,447.8448791503906,,,,,0.0,0.0,0.0,-5.295546054840088,2.051837682723999,1.0431640148162842,1.0431640148162842
132,12,172.3656768798828,855.4388427734375,172.3656768798828,855.4388427734375,172.3656768798828,855.4388427734375,,,,,0.0,0.0,0.0,1.7247108221054077,-1.2745836973190308,1.2489579916000366,1.2489579916000366
132,13,1498.229736328125,346.09100341796875,1498.229736328125,346.09100341796875,1498.229736328125,346.09100341796875,,,,,0.0,0.0,0.0,0.011685358360409737,0.1745881885290146,1.8819150924682617,1.8819150924682617
133,0,562.3413696289062,692.3539428710938,562.3413696289062,692.3539428710938,562.3413696289062,692.3539428710938,,,,,0.0,0.0,0.0,0.008383152075111866,0.001836629817262292,1.571943759918213,1.571943759918213
133,1,443.652099609375,744.6011962890625,443.652099609375,744.6011962890625,443.652099609375,744.6011962890625,,,,,0.0,0.0,0.0,0.6237441301345825,0.05659681558609009,1.3937511444091797,1.3937511444091797
133,2,704.246337890625,619.8734130859375,704.246337890625,619.8734130859375,704.246337890625,619.8734130859375,,,,,0.0,0.0,0.0,-0.0009664345416240394,-0.005594414658844471,1.6023582220077515,1.6023582220077515
133,3,344.1143798828125,641.6956787109375,344.1143798828125,641.6956787109375,344.1143798828125,641.6956787109375,,,,,0.0,0.0,0.0,-7.873744010925293,2.8559677600860596,1.1898295879364014,1.1898295879364014
133,5,1755.4949951171875,449.07733154296875,1755.4949951171875,449.07733154296875,1755.4949951171875,449.07733154296875,,,,,0.0,0.0,0.0,-0.08472081273794174,0.0009038712596520782,1.4266221523284912,1.4266221523284912
133,6,1745.0028076171875,465.0921630859375,1745.0028076171875,465.0921630859375,1745.0028076171875,465.0921630859375,,,,,0.0,0.0,0.0,0.01969895325601101,-0.035961881279945374,1.5583159923553467,1.5583159923553467
133,7,115.92694091796875,770.776123046875,115.92694091796875,770.776123046875,115.92694091796875,770.776123046875,,,,,0.0,0.0,0.0,-9.031878471374512,3.519246816635132,1.4501628875732422,1.4501628875732422
133,8,1465.66748046875,439.8837890625,1465.66748046875,439.8837890625,1465.66748046875,439.8837890625,,,,,0.0,0.0,0.0,-0.009829454123973846,0.0017926115542650223,1.4249128103256226,1.4249128103256226
133,9,1603.9183349609375,428.6090393066406,1603.9183349609375,428.6090393066406,1603.9183349609375,428.6090393066406,,,,,0.0,0.0,0.0,-0.01954006403684616,-0.02710789628326893,1.2398957014083862,1.2398957014083862
133,10,1504.0517578125,270.83319091796875,1504.0517578125,270.83319091796875,1504.0517578125,270.83319091796875,,,,,0.0,0.0,0.0,0.029073582962155342,-0.3005760908126831,23.587291717529297,23.587291717529297
133,11,953.1224975585938,450.1305847167969,953.1224975585938,450.1305847167969,953.1224975585938,450.1305847167969,,,,,0.0,0.0,0.0,-5.326269626617432,2.0697193145751953,1.1755237579345703,1.1755237579345703
133,12,172.97769165039062,853.4762573242188,172.97769165039062,853.4762573242188,172.97769165039062,853.4762573242188,,,,,0.0,0.0,0.0,1.6206326484680176,-1.3389363288879395,1.4507945775985718,1.4507945775985718
133,13,1498.2310791015625,346.7705383300781,1498.2310791015625,346.7705383300781,1498.2310791015625,346.7705383300781,,,,,0.0,0.0,0.0,0.007502871565520763,0.37800684571266174,4.088984489440918,4.088984489440918
134,0,562.3497314453125,692.3557739257812,562.3497314453125,692.3557739257812,562.3497314453125,692.3557739257812,,,,,0.0,0.0,0.0,0.008131657727062702,0.0017815310275182128,1.8580080270767212,1.8580080270767212
134,1,445.9984130859375,743.78173828125,445.9984130859375,743.78173828125,445.9984130859375,743.78173828125,,,,,0.0,0.0,0.0,0.7780939936637878,-0.021898562088608742,1.5953339338302612,1.5953339338302612
134,2,704.245361328125,619.8677978515625,704.245361328125,619.8677978515625,704.245361328125,619.8677978515625,,,,,0.0,0.0,0.0,-0.000937441538553685,-0.0054265824146568775,1.900177240371704,1.900177240371704
134,3,336.2498474121094,644.9340209960938,336.2498474121094,644.9340209960938,336.2498474121094,644.9340209960938,,,,,0.0,0.0,0.0,-7.8730340003967285,2.885462999343872,1.335377812385559,1.335377812385559
134,5,1755.4102783203125,449.0782470703125,1755.4102783203125,449.0782470703125,1755.4102783203125,449.0782470703125,,,,,0.0,0.0,0.0,-0.08217918872833252,0.0008767551626078784,1.6597447395324707,1.6597447395324707
134,6,1745.0224609375,465.05621337890625,1745.0224609375,465.05621337890625,1745.0224609375,465.05621337890625,,,,,0.0,0.0,0.0,0.019107984378933907,-0.03488302603363991,1.8390824794769287,1.8390824794769287
134,7,106.89506530761719,774.2953491210938,106.89506530761719,774.2953491210938,106.89506530761719,774.2953491210938,,,,,0.0,0.0,0.0,-8.7609224319458,3.4136695861816406,1.6913305521011353,1.6913305521011353
134,8,1465.6575927734375,439.8855895996094,1465.6575927734375,439.8855895996094,1465.6575927734375,439.8855895996094,,,,,0.0,0.0,0.0,-0.009534570388495922,0.001738833263516426,1.65726637840271,1.65726637840271
134,9,1603.259765625,427.00335693359375,1603.259765625,427.00335693359375,1603.259765625,427.00335693359375,,,,,0.0,0.0,0.0,-0.07080968469381332,-0.15375852584838867,1.3983113765716553,1.3983113765716553
134,10,1504.080810546875,270.5326232910156,1504.080810546875,270.5326232910156,1504.080810546875,270.5326232910156,,,,,0.0,0.0,0.0,0.028201377019286156,-0.29155880212783813,25.378263473510742,25.378263473510742
134,11,947.3153686523438,452.5086364746094,947.3153686523438,452.5086364746094,947.3153686523438,452.5086364746094,,,,,0.0,0.0,0.0,-5.362936019897461,2.093228816986084,1.317503571510315,1.317503571510315
134,12,172.99478149414062,851.513671875,172.99478149414062,851.513671875,172.99478149414062,851.513671875,,,,,0.0,0.0,0.0,1.471429705619812,-1.396966576576233,1.669852614402771,1.669852614402771
134,13,1498.159912109375,347.6435241699219,1498.159912109375,347.6435241699219,1498.159912109375,347.6435241699219,,,,,0.0,0.0,0.0,-0.0164219681173563,0.5286699533462524,6.475362777709961,6.475362777709961
135,0,562.3578491210938,692.3575439453125,562.3578491210938,692.3575439453125,562.3578491210938,692.3575439453125,,,,,0.0,0.0,0.0,0.007887708023190498,0.0017280851025134325,2.19041109085083,2.19041109085083
135,1,448.570068359375,742.8267211914062,448.570068359375,742.8267211914062,448.570068359375,742.8267211914062,,,,,0.0,0.0,0.0,0.9365981817245483,-0.10435913503170013,1.8071190118789673,1.8071190118789673
135,2,704.2444458007812,619.8623657226562,704.2444458007812,619.8623657226562,704.2444458007812,619.8623657226562,,,,,0.0,0.0,0.0,-0.0009093183325603604,-0.005263784900307655,2.2470874786376953,2.2470874786376953
135,3,328.28582763671875,648.2828979492188,328.28582763671875,648.2828979492188,328.28582763671875,648.2828979492188,,,,,0.0,0.0,0.0,-7.879981994628906,2.9208545684814453,1.4881912469863892,1.4881912469863892
135,5,1755.328125,449.0791320800781,1755.328125,449.0791320800781,1755.328125,449.0791320800781,,,,,0.0,0.0,0.0,-0.07971381396055222,0.0008504525176249444,1.9273542165756226,1.9273542165756226
135,6,1745.0416259765625,465.0213317871094,1745.0416259765625,465.0213317871094,1745.0416259765625,465.0213317871094,,,,,0.0,0.0,0.0,0.018534746021032333,-0.03383653610944748,2.164947032928467,2.164947032928467
135,7,98.13414001464844,777.7090454101562,98.13414001464844,777.7090454101562,98.13414001464844,777.7090454101562,,,,,0.0,0.0,0.0,-8.49809455871582,3.3112595081329346,1.96871018409729,1.96871018409729
135,8,1465.6480712890625,439.8873291015625,1465.6480712890625,439.8873291015625,1465.6480712890625,439.8873291015625,,,,,0.0,0.0,0.0,-0.00924853328615427,0.0016866683727130294,1.923918604850769,1.923918604850769
135,9,1602.4918212890625,425.148193359375,1602.4918212890625,425.148193359375,1602.4918212890625,425.148193359375,,,,,0.0,0.0,0.0,-0.12613233923912048,-0.28878119587898254,1.5647050142288208,1.5647050142288208
135,10,1504.1090087890625,270.2410583496094,1504.1090087890625,270.2410583496094,1504.1090087890625,270.2410583496094,,,,,0.0,0.0,0.0,0.027355335652828217,-0.28281205892562866,27.260305404663086,27.260305404663086
135,11,941.3982543945312,454.93585205078125,941.3982543945312,454.93585205078125,941.3982543945312,454.93585205078125,,,,,0.0,0.0,0.0,-5.404782295227051,2.118448257446289,1.466552972793579,1.466552972793579
135,12,172.4244384765625,849.6669921875,172.4244384765625,849.6669921875,172.4244384765625,849.6669921875,,,,,0.0,0.0,0.0,1.284269094467163,-1.4381910562515259,1.8999494314193726,1.8999494314193726
135,13,1497.95703125,348.5408630371094,1497.95703125,348.5408630371094,1497.95703125,348.5408630371094,,,,,0.0,0.0,0.0,-0.06119225174188614,0.6172483563423157,8.117012023925781,8.117012023925781
136,0,562.2176513671875,692.3846435546875,562.2176513671875,692.3846435546875,562.2176513671875,692.3846435546875,,,,,0.0,0.0,0.0,-0.003521957667544484,0.0036861447151750326,1.1252223253250122,1.1252223253250122
136,1,442.0848693847656,746.0802612304688,442.0848693847656,746.0802612304688,442.0848693847656,746.0802612304688,,,,,0.0,0.0,0.0,0.2934747338294983,0.18661697208881378,1.0406640768051147,1.0406640768051147
136,2,704.2556762695312,619.9298095703125,704.2556762695312,619.9298095703125,704.2556762695312,619.9298095703125,,,,,0.0,0.0,0.0,4.388544402900152e-05,0.00043092682608403265,1.1391905546188354,1.1391905546188354
136,3,316.64739990234375,650.66259765625,316.64739990234375,650.66259765625,316.64739990234375,650.66259765625,,,,,0.0,0.0,0.0,-8.162732124328613,2.8801462650299072,0.9306798577308655,0.9306798577308655
136,5,1753.09228515625,448.6758728027344,1753.09228515625,448.6758728027344,1753.09228515625,448.6758728027344,,,,,0.0,0.0,0.0,-0.23216544091701508,-0.027722563594579697,1.0547772645950317,1.0547772645950317
136,6,1745.0059814453125,465.126953125,1745.0059814453125,465.126953125,1745.0059814453125,465.126953125,,,,,0.0,0.0,0.0,0.014394879341125488,-0.023173639550805092,1.1187933683395386,1.1187933683395386
136,7,89.63604736328125,781.0203247070312,89.63604736328125,781.0203247070312,89.63604736328125,781.0203247070312,,,,,0.0,0.0,0.0,-8.243151664733887,3.2119219303131104,2.2848105430603027,2.2848105430603027
136,8,1465.5411376953125,439.931640625,1465.5411376953125,439.931640625,1465.5411376953125,439.931640625,,,,,0.0,0.0,0.0,-0.01613946445286274,0.0046952092088758945,1.0537489652633667,1.0537489652633667
136,9,1605.8658447265625,430.037109375,1605.8658447265625,430.037109375,1605.8658447265625,430.037109375,,,,,0.0,0.0,0.0,0.14719493687152863,0.11555729806423187,0.9588830471038818,0.9588830471038818
136,10,1504.1363525390625,269.958251953125,1504.1363525390625,269.958251953125,1504.1363525390625,269.958251953125,,,,,0.0,0.0,0.0,0.026534676551818848,-0.27432769536972046,29.235689163208008,29.235689163208008
136,11,930.6397705078125,458.1321716308594,930.6397705078125,458.1321716308594,930.6397705078125,458.1321716308594,,,,,0.0,0.0,0.0,-5.803147792816162,2.1986541748046875,0.9224814772605896,0.9224814772605896
136,12,176.1869659423828,853.7870483398438,176.1869659423828,853.7870483398438,176.1869659423828,853.7870483398438,,,,,0.0,0.0,0.0,1.506717562675476,-0.939285933971405,1.0692466497421265,1.0692466497421265
136,13,1496.232666015625,343.95953369140625,1496.232666015625,343.95953369140625,1496.232666015625,343.95953369140625,,,,,0.0,0.0,0.0,-0.38971272110939026,-0.4096146523952484,1.725181221961975,1.725181221961975
137,0,562.214111328125,692.3883056640625,562.214111328125,692.3883056640625,562.214111328125,692.3883056640625,,,,,0.0,0.0,0.0,-0.003416299121454358,0.0035755604039877653,1.3289676904678345,1.3289676904678345
137,1,443.70947265625,745.5489501953125,443.70947265625,745.5489501953125,443.70947265625,745.5489501953125,,,,,0.0,0.0,0.0,0.4122224748134613,0.12256599217653275,1.2071640491485596,1.2071640491485596
137,2,704.2557373046875,619.9302368164062,704.2557373046875,619.9302368164062,704.2557373046875,619.9302368164062,,,,,0.0,0.0,0.0,4.256888132658787e-05,0.00041799902101047337,1.3499294519424438,1.3499294519424438
137,3,308.4718017578125,653.9002685546875,308.4718017578125,653.9002685546875,308.4718017578125,653.9002685546875,,,,,0.0,0.0,0.0,-8.16372013092041,2.907608985900879,1.0541296005249023,1.0541296005249023
137,5,1752.860107421875,448.6481628417969,1752.860107421875,448.6481628417969,1752.860107421875,448.6481628417969,,,,,0.0,0.0,0.0,-0.22520048916339874,-0.026890886947512627,1.2260957956314087,1.2260957956314087
137,6,1745.0203857421875,465.1037902832031,1745.0203857421875,465.1037902832031,1745.0203857421875,465.1037902832031,,,,,0.0,0.0,0.0,0.013963033445179462,-0.022478431463241577,1.3193265199661255,1.3193265199661255
137,7,81.39289855957031,784.2322387695312,81.39289855957031,784.2322387695312,81.39289855957031,784.2322387695312,,,,,0.0,0.0,0.0,-7.995857238769531,3.1155643463134766,2.6421401500701904,2.6421401500701904
137,8,1465.5250244140625,439.93634033203125,1465.5250244140625,439.93634033203125,1465.5250244140625,439.93634033203125,,,,,0.0,0.0,0.0,-0.015655281022191048,0.004554353188723326,1.2245197296142578,1.2245197296142578
137,9,1605.423583984375,428.84576416015625,1605.423583984375,428.84576416015625,1605.423583984375,428.84576416015625,,,,,0.0,0.0,0.0,0.10010531544685364,0.011149655096232891,1.0923514366149902,1.0923514366149902
137,10,1504.162841796875,269.6839294433594,1504.162841796875,269.6839294433594,1504.162841796875,269.6839294433594,,,,,0.0,0.0,0.0,0.025738637894392014,-0.26609787344932556,31.306686401367188,31.306686401367188
137,11,924.5995483398438,460.5374450683594,924.5995483398438,460.5374450683594,924.5995483398438,460.5374450683594,,,,,0.0,0.0,0.0,-5.8211517333984375,2.2143452167510986,1.0431476831436157,1.0431476831436157
137,12,176.262451171875,852.5868530273438,176.262451171875,852.5868530273438,176.262451171875,852.5868530273438,,,,,0.0,0.0,0.0,1.3741180896759033,-0.9634583592414856,1.248957872390747,1.248957872390747
137,13,1495.951904296875,343.916259765625,1495.951904296875,343.916259765625,1495.951904296875,343.916259765625,,,,,0.0,0.0,0.0,-0.37030285596847534,-0.3443929851055145,2.3273065090179443,2.3273065090179443
138,0,562.210693359375,692.3919067382812,562.210693359375,692.3919067382812,562.210693359375,692.3919067382812,,,,,0.0,0.0,0.0,-0.003313810331746936,0.003468293696641922,1.5721795558929443,1.5721795558929443
138,1,445.6022644042969,744.869384765625,445.6022644042969,744.869384765625,445.6022644042969,744.869384765625,,,,,0.0,0.0,0.0,0.5454986095428467,0.050361134111881256,1.3932520151138306,1.3932520151138306
138,2,704.2557983398438,619.9306640625,704.2557983398438,619.9306640625,704.2557983398438,619.9306640625,,,,,0.0,0.0,0.0,4.129181616008282e-05,0.0004054590535815805,1.602358102798462,1.602358102798462
138,3,300.2928771972656,657.1815185546875,300.2928771972656,657.1815185546875,300.2928771972656,657.1815185546875,,,,,0.0,0.0,0.0,-8.164896011352539,2.936513900756836,1.1897114515304565,1.1897114515304565
138,5,1752.6348876953125,448.62127685546875,1752.6348876953125,448.62127685546875,1752.6348876953125,448.62127685546875,,,,,0.0,0.0,0.0,-0.21844448149204254,-0.026084160432219505,1.4272006750106812,1.4272006750106812
138,6,1745.0343017578125,465.081298828125,1745.0343017578125,465.081298828125,1745.0343017578125,465.081298828125,,,,,0.0,0.0,0.0,0.013544143177568913,-0.021804079413414,1.5583159923553467,1.5583159923553467
138,7,73.39704132080078,787.3477783203125,73.39704132080078,787.3477783203125,73.39704132080078,787.3477783203125,,,,,0.0,0.0,0.0,-7.755981922149658,3.022097587585449,3.043207883834839,3.043207883834839
138,8,1465.5093994140625,439.9408874511719,1465.5093994140625,439.9408874511719,1465.5093994140625,439.9408874511719,,,,,0.0,0.0,0.0,-0.015185623429715633,0.004417722579091787,1.424912691116333,1.424912691116333
138,9,1604.87060546875,427.42974853515625,1604.87060546875,427.42974853515625,1604.87060546875,427.42974853515625,,,,,0.0,0.0,0.0,0.04753345623612404,-0.10372910648584366,1.2395738363265991,1.2395738363265991
138,10,1504.1885986328125,269.4178466796875,1504.1885986328125,269.4178466796875,1504.1885986328125,269.4178466796875,,,,,0.0,0.0,0.0,0.02496648021042347,-0.25811493396759033,33.47556686401367,33.47556686401367
138,11,918.5007934570312,462.96331787109375,918.5007934570312,462.96331787109375,918.5007934570312,462.96331787109375,,,,,0.0,0.0,0.0,-5.842377662658691,2.2305188179016113,1.1755118370056152,1.1755118370056152
138,12,175.9419403076172,851.4896240234375,175.9419403076172,851.4896240234375,175.9419403076172,851.4896240234375,,,,,0.0,0.0,0.0,1.2156089544296265,-0.9759711623191833,1.4507943391799927,1.4507943391799927
138,13,1495.6409912109375,344.04193115234375,1495.6409912109375,344.04193115234375,1495.6409912109375,344.04193115234375,,,,,0.0,0.0,0.0,-0.36087536811828613,-0.2698996663093567,2.9464263916015625,2.9464263916015625
139,0,562.2073974609375,692.3953857421875,562.2073974609375,692.3953857421875,562.2073974609375,692.3953857421875,,,,,0.0,0.0,0.0,-0.003214396070688963,0.003364244941622019,1.8582963943481445,1.8582963943481445
139,1,447.77716064453125,744.0465698242188,447.77716064453125,744.0465698242188,447.77716064453125,744.0465698242188,,,,,0.0,0.0,0.0,0.6914897561073303,-0.02787313610315323,1.5947726964950562,1.5947726964950562
139,2,704.255859375,619.9310913085938,704.255859375,619.9310913085938,704.255859375,619.9310913085938,,,,,0.0,0.0,0.0,4.0053062548395246e-05,0.0003932952822651714,1.9001771211624146,1.9001771211624146
139,3,292.05303955078125,660.4863891601562,292.05303955078125,660.4863891601562,292.05303955078125,660.4863891601562,,,,,0.0,0.0,0.0,-8.170676231384277,2.964925527572632,1.3352433443069458,1.3352433443069458
139,5,1752.41650390625,448.5951843261719,1752.41650390625,448.5951843261719,1752.41650390625,448.5951843261719,,,,,0.0,0.0,0.0,-0.21189115941524506,-0.02530163712799549,1.6604480743408203,1.6604480743408203
139,6,1745.0478515625,465.05950927734375,1745.0478515625,465.05950927734375,1745.0478515625,465.05950927734375,,,,,0.0,0.0,0.0,0.01313781924545765,-0.021149957552552223,1.8390824794769287,1.8390824794769287
139,7,65.64105987548828,790.369873046875,65.64105987548828,790.369873046875,65.64105987548828,790.369873046875,,,,,0.0,0.0,0.0,-7.5233025550842285,2.9314346313476562,3.4905221462249756,3.4905221462249756
139,8,1465.4942626953125,439.9453125,1465.4942626953125,439.9453125,1465.4942626953125,439.9453125,,,,,0.0,0.0,0.0,-0.014730054885149002,0.004285191185772419,1.6572661399841309,1.6572661399841309
139,9,1604.213623046875,425.79095458984375,1604.213623046875,425.79095458984375,1604.213623046875,425.79095458984375,,,,,0.0,0.0,0.0,-0.008989185094833374,-0.2268902063369751,1.3979705572128296,1.3979705572128296
139,10,1504.213623046875,269.15972900390625,1504.213623046875,269.15972900390625,1504.213623046875,269.15972900390625,,,,,0.0,0.0,0.0,0.02421748638153076,-0.2503714859485626,35.744606018066406,35.744606018066406
139,11,912.266845703125,465.4258728027344,912.266845703125,465.4258728027344,912.266845703125,465.4258728027344,,,,,0.0,0.0,0.0,-5.872235298156738,2.2482118606567383,1.3174960613250732,1.3174960613250732
139,12,175.32882690429688,850.572021484375,175.32882690429688,850.572021484375,175.32882690429688,850.572021484375,,,,,0.0,0.0,0.0,1.045454502105713,-0.9705420732498169,1.669852375984192,1.669852375984192
139,13,1495.285888671875,344.1510314941406,1495.285888671875,344.1510314941406,1495.285888671875,344.1510314941406,,,,,0.0,0.0,0.0,-0.3600718677043915,-0.21630588173866272,3.5174899101257324,3.5174899101257324
140,0,562.2041625976562,692.3987426757812,562.2041625976562,692.3987426757812,562.2041625976562,692.3987426757812,,,,,0.0,0.0,0.0,-0.003117964370176196,0.003263317747041583,2.1907567977905273,2.1907567977905273
140,1,450.24822998046875,743.0765380859375,450.24822998046875,743.0765380859375,450.24822998046875,743.0765380859375,,,,,0.0,0.0,0.0,0.8487537503242493,-0.11113041639328003,1.8065111637115479,1.8065111637115479
140,2,704.2559204101562,619.9314575195312,704.2559204101562,619.9314575195312,704.2559204101562,619.9314575195312,,,,,0.0,0.0,0.0,3.885147089022212e-05,0.0003814964438788593,2.247087240219116,2.247087240219116
140,3,283.7854919433594,663.8724365234375,283.7854919433594,663.8724365234375,283.7854919433594,663.8724365234375,,,,,0.0,0.0,0.0,-8.17807388305664,2.9970850944519043,1.488042950630188,1.488042950630188
140,5,1752.20458984375,448.56988525390625,1752.20458984375,448.56988525390625,1752.20458984375,448.56988525390625,,,,,0.0,0.0,0.0,-0.205534428358078,-0.024542588740587234,1.9281941652297974,1.9281941652297974
140,6,1745.06103515625,465.0383605957031,1745.06103515625,465.0383605957031,1745.06103515625,465.0383605957031,,,,,0.0,0.0,0.0,0.012743685394525528,-0.020515458658337593,2.164947032928467,2.164947032928467
140,7,58.11775588989258,793.3013305664062,58.11775588989258,793.3013305664062,58.11775588989258,793.3013305664062,,,,,0.0,0.0,0.0,-7.297603607177734,2.843491792678833,3.9865915775299072,3.9865915775299072
140,8,1465.4794921875,439.9495849609375,1465.4794921875,439.9495849609375,1465.4794921875,439.9495849609375,,,,,0.0,0.0,0.0,-0.014288153499364853,0.004156635608524084,1.92391836643219,1.92391836643219
140,9,1603.4534912109375,423.93817138671875,1603.4534912109375,423.93817138671875,1603.4534912109375,423.93817138671875,,,,,0.0,0.0,0.0,-0.06860070675611496,-0.35592415928840637,1.5643523931503296,1.5643523931503296
140,10,1504.23779296875,268.90936279296875,1504.23779296875,268.90936279296875,1504.23779296875,268.90936279296875,,,,,0.0,0.0,0.0,0.023490961641073227,-0.242860347032547,38.11606979370117,38.11606979370117
140,11,905.8727416992188,467.9446105957031,905.8727416992188,467.9446105957031,905.8727416992188,467.9446105957031,,,,,0.0,0.0,0.0,-5.911639213562012,2.2686398029327393,1.4665495157241821,1.4665495157241821
140,12,174.512939453125,849.8524169921875,174.512939453125,849.8524169921875,174.512939453125,849.8524169921875,,,,,0.0,0.0,0.0,0.8748325109481812,-0.9475436210632324,1.8999489545822144,1.8999489545822144
140,13,1494.91845703125,344.4347839355469,1494.91845703125,344.4347839355469,1494.91845703125,344.4347839355469,,,,,0.0,0.0,0.0,-0.36099955439567566,-0.15274398028850555,3.994858980178833,3.994858980178833
141,0,562.1514892578125,692.445068359375,562.1514892578125,692.445068359375,562.1514892578125,692.445068359375,,,,,0.0,0.0,0.0,-0.006939108483493328,0.006584325805306435,1.125300407409668,1.125300407409668
141,1,442.7968444824219,746.3976440429688,442.7968444824219,746.3976440429688,442.7968444824219,746.3976440429688,,,,,0.0,0.0,0.0,0.1295212060213089,0.1862848401069641,1.0404956340789795,1.0404956340789795
141,2,704.2618408203125,619.965087890625,704.2618408203125,619.965087890625,704.2618408203125,619.965087890625,,,,,0.0,0.0,0.0,0.0004963892279192805,0.002987827407196164,1.139190673828125,1.139190673828125
141,3,271.89117431640625,667.1026611328125,271.89117431640625,667.1026611328125,271.89117431640625,667.1026611328125,,,,,0.0,0.0,0.0,-8.457643508911133,3.0146262645721436,0.9306290149688721,0.9306290149688721
141,5,1751.548095703125,448.4003601074219,1751.548095703125,448.4003601074219,1751.548095703125,448.4003601074219,,,,,0.0,0.0,0.0,-0.23741579055786133,-0.034794073551893234,1.0549979209899902,1.0549979209899902
141,6,1745.0074462890625,465.16302490234375,1745.0074462890625,465.16302490234375,1745.0074462890625,465.16302490234375,,,,,0.0,0.0,0.0,0.0076797883957624435,-0.009417954832315445,1.1187933683395386,1.1187933683395386
141,7,35.64680099487305,803.436767578125,35.64680099487305,803.436767578125,35.64680099487305,803.436767578125,,,,,0.0,0.0,0.0,-8.24341106414795,3.298023223876953,1.387810468673706,1.387810468673706
141,8,1465.4346923828125,439.95465087890625,1465.4346923828125,439.95465087890625,1465.4346923828125,439.95465087890625,,,,,0.0,0.0,0.0,-0.016444407403469086,0.00422018812969327,1.0537489652633667,1.0537489652633667
141,9,1605.4908447265625,430.7440185546875,1605.4908447265625,430.7440185546875,1605.4908447265625,430.7440185546875,,,,,0.0,0.0,0.0,0.09586634486913681,0.20337602496147156,0.9587741494178772,0.9587741494178772
141,10,1504.26123046875,268.66650390625,1504.26123046875,268.66650390625,1504.26123046875,268.66650390625,,,,,0.0,0.0,0.0,0.022786233574151993,-0.23557454347610474,40.592227935791016,40.592227935791016
141,11,895.6441650390625,470.4290466308594,895.6441650390625,470.4290466308594,895.6441650390625,470.4290466308594,,,,,0.0,0.0,0.0,-6.232867240905762,2.284696578979492,0.9224815368652344,0.9224815368652344
141,12,181.0664825439453,852.4197387695312,181.0664825439453,852.4197387695312,181.0664825439453,852.4197387695312,,,,,0.0,0.0,0.0,1.3845549821853638,-0.6320462226867676,1.069246530532837,1.069246530532837
141,13,1494.125,342.24224853515625,1494.125,342.24224853515625,1494.125,342.24224853515625,,,,,0.0,0.0,0.0,-0.4108349680900574,-0.3877851665019989,1.4364547729492188,1.4364547729492188
142,0,562.14453125,692.45166015625,562.14453125,692.45166015625,562.14453125,692.45166015625,,,,,0.0,0.0,0.0,-0.006730935536324978,0.00638679601252079,1.3290590047836304,1.3290590047836304
142,1,444.271728515625,745.85205078125,444.271728515625,745.85205078125,444.271728515625,745.85205078125,,,,,0.0,0.0,0.0,0.24954284727573395,0.12099408358335495,1.2069798707962036,1.2069798707962036
142,2,704.2623291015625,619.9680786132812,704.2623291015625,619.9680786132812,704.2623291015625,619.9680786132812,,,,,0.0,0.0,0.0,0.00048149755457416177,0.0028981927316635847,1.3499295711517334,1.3499295711517334
142,3,263.3865051269531,670.4677734375,263.3865051269531,670.4677734375,263.3865051269531,670.4677734375,,,,,0.0,0.0,0.0,-8.46125602722168,3.0415446758270264,1.054072618484497,1.054072618484497
142,5,1751.3106689453125,448.3655700683594,1751.3106689453125,448.3655700683594,1751.3106689453125,448.3655700683594,,,,,0.0,0.0,0.0,-0.23029331862926483,-0.033750250935554504,1.226356029510498,1.226356029510498
142,6,1745.01513671875,465.1535949707031,1745.01513671875,465.1535949707031,1745.01513671875,465.1535949707031,,,,,0.0,0.0,0.0,0.007449395023286343,-0.009135416708886623,1.3193265199661255,1.3193265199661255
142,7,27.258020401000977,808.0812377929688,27.258020401000977,808.0812377929688,27.258020401000977,808.0812377929688,,,,,0.0,0.0,0.0,-8.252750396728516,3.3845269680023193,1.5049887895584106,1.5049887895584106
142,8,1465.418212890625,439.9588623046875,1465.418212890625,439.9588623046875,1465.418212890625,439.9588623046875,,,,,0.0,0.0,0.0,-0.01595107652246952,0.00409358274191618,1.2245198488235474,1.2245198488235474
142,9,1605.0137939453125,429.61669921875,1605.0137939453125,429.61669921875,1605.0137939453125,429.61669921875,,,,,0.0,0.0,0.0,0.050093621015548706,0.09706583619117737,1.0922399759292603,1.0922399759292603
142,10,1504.2840576171875,268.4309387207031,1504.2840576171875,268.4309387207031,1504.2840576171875,268.4309387207031,,,,,0.0,0.0,0.0,0.02210264652967453,-0.22850731015205383,43.175357818603516,43.175357818603516
142,11,889.1678466796875,472.93255615234375,889.1678466796875,472.93255615234375,889.1678466796875,472.93255615234375,,,,,0.0,0.0,0.0,-6.251355171203613,2.301313877105713,1.0431495904922485,1.0431495904922485
142,12,182.70848083496094,852.3228149414062,182.70848083496094,852.3228149414062,182.70848083496094,852.3228149414062,,,,,0.0,0.0,0.0,1.4084066152572632,-0.582473635673523,1.2489577531814575,1.2489577531814575
142,13,1493.7349853515625,342.16064453125,1493.7349853515625,342.16064453125,1493.7349853515625,342.16064453125,,,,,0.0,0.0,0.0,-0.4085523784160614,-0.3542911410331726,1.7048498392105103,1.7048498392105103
143,0,562.1378173828125,692.4580688476562,562.1378173828125,692.4580688476562,562.1378173828125,692.4580688476562,,,,,0.0,0.0,0.0,-0.006529007572680712,0.006195192225277424,1.5722848176956177,1.5722848176956177
143,1,446.0048522949219,745.1591796875,446.0048522949219,745.1591796875,446.0048522949219,745.1591796875,,,,,0.0,0.0,0.0,0.38309505581855774,0.04773207753896713,1.3930565118789673,1.3930565118789673
143,2,704.2628173828125,619.970947265625,704.2628173828125,619.970947265625,704.2628173828125,619.970947265625,,,,,0.0,0.0,0.0,0.0004670526541303843,0.002811247017234564,1.602358341217041,1.602358341217041
143,3,254.79359436035156,673.8934936523438,254.79359436035156,673.8934936523438,254.79359436035156,673.8934936523438,,,,,0.0,0.0,0.0,-8.471440315246582,3.0712618827819824,1.1896493434906006,1.1896493434906006
143,5,1751.080322265625,448.3318176269531,1751.080322265625,448.3318176269531,1751.080322265625,448.3318176269531,,,,,0.0,0.0,0.0,-0.2233845293521881,-0.032737743109464645,1.4275035858154297,1.4275035858154297
143,6,1745.0225830078125,465.14447021484375,1745.0225830078125,465.14447021484375,1745.0225830078125,465.14447021484375,,,,,0.0,0.0,0.0,0.0072259134612977505,-0.008861354552209377,1.5583159923553467,1.5583159923553467
143,7,18.779977798461914,812.8320922851562,18.779977798461914,812.8320922851562,18.779977798461914,812.8320922851562,,,,,0.0,0.0,0.0,-8.2675142288208,3.474062204360962,1.6293686628341675,1.6293686628341675
143,8,1465.4022216796875,439.96295166015625,1465.4022216796875,439.96295166015625,1465.4022216796875,439.96295166015625,,,,,0.0,0.0,0.0,-0.015472544357180595,0.0039707752875983715,1.4249128103256226,1.4249128103256226
143,9,1604.4368896484375,428.2545166015625,1604.4368896484375,428.2545166015625,1604.4368896484375,428.2545166015625,,,,,0.0,0.0,0.0,-0.0003751219774130732,-0.020403370261192322,1.2394614219665527,1.2394614219665527
143,10,1504.30615234375,268.2024230957031,1504.30615234375,268.2024230957031,1504.30615234375,268.2024230957031,,,,,0.0,0.0,0.0,0.0214395672082901,-0.221652090549469,45.86772537231445,45.86772537231445
143,11,882.5931396484375,475.59649658203125,882.5931396484375,475.59649658203125,882.5931396484375,475.59649658203125,,,,,0.0,0.0,0.0,-6.276082515716553,2.329045057296753,1.1755152940750122,1.1755152940750122
143,12,184.44125366210938,852.3002319335938,184.44125366210938,852.3002319335938,184.44125366210938,852.3002319335938,,,,,0.0,0.0,0.0,1.438746690750122,-0.5301039814949036,1.4507942199707031,1.4507942199707031
143,13,1493.3319091796875,342.1227111816406,1493.3319091796875,342.1227111816406,1493.3319091796875,342.1227111816406,,,,,0.0,0.0,0.0,-0.40798062086105347,-0.3216306269168854,1.9782100915908813,1.9782100915908813
144,0,562.1312866210938,692.4642944335938,562.1312866210938,692.4642944335938,562.1312866210938,692.4642944335938,,,,,0.0,0.0,0.0,-0.006333137396723032,0.006009336560964584,1.8584163188934326,1.8584163188934326
144,1,447.9892883300781,744.3113403320312,447.9892883300781,744.3113403320312,447.9892883300781,744.3113403320312,,,,,0.0,0.0,0.0,0.5265791416168213,-0.03251245245337486,1.5945708751678467,1.5945708751678467
144,2,704.2633056640625,619.9737548828125,704.2633056640625,619.9737548828125,704.2633056640625,619.9737548828125,,,,,0.0,0.0,0.0,0.0004530410806182772,0.0027269097045063972,1.9001774787902832,1.9001774787902832
144,3,246.13424682617188,677.3665161132812,246.13424682617188,677.3665161132812,246.13424682617188,677.3665161132812,,,,,0.0,0.0,0.0,-8.485934257507324,3.102250814437866,1.3351774215698242,1.3351774215698242
144,5,1750.85693359375,448.299072265625,1750.85693359375,448.299072265625,1750.85693359375,448.299072265625,,,,,0.0,0.0,0.0,-0.21668300032615662,-0.031755611300468445,1.6607966423034668,1.6607966423034668
144,6,1745.02978515625,465.1356201171875,1745.02978515625,465.1356201171875,1745.02978515625,465.1356201171875,,,,,0.0,0.0,0.0,0.007009136490523815,-0.008595514111220837,1.8390824794769287,1.8390824794769287
144,7,10.375886917114258,818.06591796875,10.375886917114258,818.06591796875,10.375886917114258,818.06591796875,,,,,0.0,0.0,0.0,-8.276567459106445,3.590705156326294,1.7588095664978027,1.7588095664978027
144,8,1465.38671875,439.9669189453125,1465.38671875,439.9669189453125,1465.38671875,439.9669189453125,,,,,0.0,0.0,0.0,-0.015008368529379368,0.003851652145385742,1.65726637840271,1.65726637840271
144,9,1603.7586669921875,426.65728759765625,1603.7586669921875,426.65728759765625,1603.7586669921875,426.65728759765625,,,,,0.0,0.0,0.0,-0.05476158857345581,-0.14691823720932007,1.3978594541549683,1.3978594541549683
144,10,1504.32763671875,267.98077392578125,1504.32763671875,267.98077392578125,1504.32763671875,267.98077392578125,,,,,0.0,0.0,0.0,0.020796380937099457,-0.21500253677368164,48.67160415649414,48.67160415649414
144,11,875.951416015625,478.33795166015625,875.951416015625,478.33795166015625,875.951416015625,478.33795166015625,,,,,0.0,0.0,0.0,-6.303964614868164,2.3604941368103027,1.3175005912780762,1.3175005912780762
144,12,186.2053985595703,852.395751953125,186.2053985595703,852.395751953125,186.2053985595703,852.395751953125,,,,,0.0,0.0,0.0,1.4690227508544922,-0.47189512848854065,1.6698522567749023,1.6698522567749023
144,13,1492.96435546875,342.1435852050781,1492.96435546875,342.1435852050781,1492.96435546875,342.1435852050781,,,,,0.0,0.0,0.0,-0.40404877066612244,-0.2883058488368988,2.244837760925293,2.244837760925293
145,0,562.1249389648438,692.4702758789062,562.1249389648438,692.4702758789062,562.1249389648438,692.4702758789062,,,,,0.0,0.0,0.0,-0.006143143400549889,0.005829056724905968,2.190891981124878,2.190891981124878
145,1,450.20611572265625,743.3214721679688,450.20611572265625,743.3214721679688,450.20611572265625,743.3214721679688,,,,,0.0,0.0,0.0,0.6759546399116516,-0.11711834371089935,1.8063085079193115,1.8063085079193115
145,2,704.2637329101562,619.9765014648438,704.2637329101562,619.9765014648438,704.2637329101562,619.9765014648438,,,,,0.0,0.0,0.0,0.00043944985372945666,0.0026451025623828173,2.2470877170562744,2.2470877170562744
145,3,237.4021759033203,680.8903198242188,237.4021759033203,680.8903198242188,237.4021759033203,680.8903198242188,,,,,0.0,0.0,0.0,-8.504730224609375,3.134443998336792,1.4879744052886963,1.4879744052886963
145,5,1750.6402587890625,448.2673034667969,1750.6402587890625,448.2673034667969,1750.6402587890625,448.2673034667969,,,,,0.0,0.0,0.0,-0.21018251776695251,-0.03080294467508793,1.9285913705825806,1.9285913705825806
145,6,1745.0367431640625,465.12701416015625,1745.0367431640625,465.12701416015625,1745.0367431640625,465.12701416015625,,,,,0.0,0.0,0.0,0.006798862479627132,-0.008337648585438728,2.164947032928467,2.164947032928467
145,7,2.0993194580078125,821.6566162109375,2.0993194580078125,821.6566162109375,2.0993194580078125,821.6566162109375,,,,,0.0,0.0,0.0,-8.028270721435547,3.4829840660095215,2.018174171447754,2.018174171447754
145,8,1465.3717041015625,439.97076416015625,1465.3717041015625,439.97076416015625,1465.3717041015625,439.97076416015625,,,,,0.0,0.0,0.0,-0.014558117836713791,0.003736102720722556,1.923918604850769,1.923918604850769
145,9,1602.9835205078125,424.83575439453125,1602.9835205078125,424.83575439453125,1602.9835205078125,424.83575439453125,,,,,0.0,0.0,0.0,-0.11192985624074936,-0.2798239588737488,1.5642446279525757,1.5642446279525757
145,10,1504.348388671875,267.7657775878906,1504.348388671875,267.7657775878906,1504.348388671875,267.7657775878906,,,,,0.0,0.0,0.0,0.020172489807009697,-0.20855246484279633,51.589263916015625,51.589263916015625
145,11,869.202392578125,481.1253967285156,869.202392578125,481.1253967285156,869.202392578125,481.1253967285156,,,,,0.0,0.0,0.0,-6.337573051452637,2.3927323818206787,1.4665546417236328,1.4665546417236328
145,12,187.92446899414062,852.5919189453125,187.92446899414062,852.5919189453125,187.92446899414062,852.5919189453125,,,,,0.0,0.0,0.0,1.491943597793579,-0.4106549024581909,1.8999489545822144,1.8999489545822144
145,13,1492.58740234375,342.23333740234375,1492.58740234375,342.23333740234375,1492.58740234375,342.23333740234375,,,,,0.0,0.0,0.0,-0.4015565514564514,-0.2536068260669708,2.494612693786621,2.494612693786621
146,0,562.119384765625,692.44189453125,562.119384765625,692.44189453125,562.119384765625,692.44189453125,,,,,0.0,0.0,0.0,-0.00609815726056695,0.003190751187503338,1.1253294944763184,1.1253294944763184
146,1,442.83447265625,746.3828125,442.83447265625,746.3828125,442.83447265625,746.3828125,,,,,0.0,0.0,0.0,-0.021421391516923904,0.15831676125526428,1.0404433012008667,1.0404433012008667
146,2,704.2236328125,619.98291015625,704.2236328125,619.98291015625,704.2236328125,619.98291015625,,,,,0.0,0.0,0.0,-0.002736080437898636,0.002939234022051096,1.139190673828125,1.139190673828125
146,3,225.25308227539062,684.3097534179688,225.25308227539062,684.3097534179688,225.25308227539062,684.3097534179688,,,,,0.0,0.0,0.0,-8.778895378112793,3.155881881713867,0.9306068420410156,0.9306068420410156
146,5,1750.8067626953125,448.30035400390625,1750.8067626953125,448.30035400390625,1750.8067626953125,448.30035400390625,,,,,0.0,0.0,0.0,-0.18354931473731995,-0.026288185268640518,1.0550981760025024,1.0550981760025024
146,6,1745.0599365234375,464.94482421875,1745.0599365234375,464.94482421875,1745.0599365234375,464.94482421875,,,,,0.0,0.0,0.0,0.008046564646065235,-0.021629072725772858,1.1187933683395386,1.1187933683395386
146,7,-5.928951263427734,825.1395874023438,-5.928951263427734,825.1395874023438,-5.928951263427734,825.1395874023438,,,,,0.0,0.0,0.0,-7.7874226570129395,3.3784947395324707,2.3144752979278564,2.3144752979278564
146,8,1465.3916015625,439.9594421386719,1465.3916015625,439.9594421386719,1465.3916015625,439.9594421386719,,,,,0.0,0.0,0.0,-0.012129494920372963,0.002673863898962736,1.0537489652633667,1.0537489652633667
146,9,1606.127197265625,429.89385986328125,1606.127197265625,429.89385986328125,1606.127197265625,429.89385986328125,,,,,0.0,0.0,0.0,0.14233016967773438,0.13705605268478394,0.9587428569793701,0.9587428569793701
146,10,1504.3685302734375,267.5572204589844,1504.3685302734375,267.5572204589844,1504.3685302734375,267.5572204589844,,,,,0.0,0.0,0.0,0.01956731639802456,-0.20229589939117432,54.62297439575195,54.62297439575195
146,11,858.9962768554688,484.6881103515625,858.9962768554688,484.6881103515625,858.9962768554688,484.6881103515625,,,,,0.0,0.0,0.0,-6.625431537628174,2.4797916412353516,0.9224833250045776,0.9224833250045776
146,12,190.87034606933594,852.1724243164062,190.87034606933594,852.1724243164062,190.87034606933594,852.1724243164062,,,,,0.0,0.0,0.0,1.6224493980407715,-0.4114486575126648,1.069246530532837,1.069246530532837
146,13,1491.1817626953125,341.52978515625,1491.1817626953125,341.52978515625,1491.1817626953125,341.52978515625,,,,,0.0,0.0,0.0,-0.4886799454689026,-0.29265332221984863,1.1985585689544678,1.1985585689544678
147,0,562.11328125,692.445068359375,562.11328125,692.445068359375,562.11328125,692.445068359375,,,,,0.0,0.0,0.0,-0.005915212910622358,0.0030950286891311407,1.3290895223617554,1.3290895223617554
147,1,444.1688537597656,745.8120727539062,444.1688537597656,745.8120727539062,444.1688537597656,745.8120727539062,,,,,0.0,0.0,0.0,0.09953499585390091,0.09327518194913864,1.2069295644760132,1.2069295644760132
147,2,704.2208862304688,619.98583984375,704.2208862304688,619.98583984375,704.2208862304688,619.98583984375,,,,,0.0,0.0,0.0,-0.002653998089954257,0.0028510570991784334,1.3499295711517334,1.3499295711517334
147,3,216.35748291015625,687.8275756835938,216.35748291015625,687.8275756835938,216.35748291015625,687.8275756835938,,,,,0.0,0.0,0.0,-8.787859916687012,3.1836845874786377,1.0540499687194824,1.0540499687194824
147,5,1750.6231689453125,448.2740783691406,1750.6231689453125,448.2740783691406,1750.6231689453125,448.2740783691406,,,,,0.0,0.0,0.0,-0.17804284393787384,-0.02549954131245613,1.2264658212661743,1.2264658212661743
147,6,1745.0679931640625,464.9231872558594,1745.0679931640625,464.9231872558594,1745.0679931640625,464.9231872558594,,,,,0.0,0.0,0.0,0.00780516816303134,-0.02098020166158676,1.3193265199661255,1.3193265199661255
147,7,-13.716373443603516,828.51806640625,-13.716373443603516,828.51806640625,-13.716373443603516,828.51806640625,,,,,0.0,0.0,0.0,-7.553800106048584,3.277139902114868,2.650221586227417,2.650221586227417
147,8,1465.3795166015625,439.9621276855469,1465.3795166015625,439.9621276855469,1465.3795166015625,439.9621276855469,,,,,0.0,0.0,0.0,-0.011765610426664352,0.0025936481542885303,1.2245198488235474,1.2245198488235474
147,9,1605.6715087890625,428.73504638671875,1605.6715087890625,428.73504638671875,1605.6715087890625,428.73504638671875,,,,,0.0,0.0,0.0,0.09455543011426926,0.033523935824632645,1.0922112464904785,1.0922112464904785
147,10,1504.3880615234375,267.35491943359375,1504.3880615234375,267.35491943359375,1504.3880615234375,267.35491943359375,,,,,0.0,0.0,0.0,0.018980298191308975,-0.19622702896595,57.7750129699707,57.7750129699707
147,11,852.1709594726562,487.4459533691406,852.1709594726562,487.4459533691406,852.1709594726562,487.4459533691406,,,,,0.0,0.0,0.0,-6.6406121253967285,2.500906467437744,1.0431512594223022,1.0431512594223022
147,12,192.51480102539062,852.1683959960938,192.51480102539062,852.1683959960938,192.51480102539062,852.1683959960938,,,,,0.0,0.0,0.0,1.6244885921478271,-0.3737008571624756,1.248957633972168,1.248957633972168
147,13,1490.7752685546875,341.4541015625,1490.7752685546875,341.4541015625,1490.7752685546875,341.4541015625,,,,,0.0,0.0,0.0,-0.4816683232784271,-0.27413544058799744,1.3674144744873047,1.3674144744873047
148,0,562.1073608398438,692.4481811523438,562.1073608398438,692.4481811523438,562.1073608398438,692.4481811523438,,,,,0.0,0.0,0.0,-0.005737756844609976,0.0030021779239177704,1.5723166465759277,1.5723166465759277
148,1,445.7844543457031,745.094970703125,445.7844543457031,745.094970703125,445.7844543457031,745.094970703125,,,,,0.0,0.0,0.0,0.23601409792900085,0.020325781777501106,1.3930091857910156,1.3930091857910156
148,2,704.21826171875,619.9887084960938,704.21826171875,619.9887084960938,704.21826171875,619.9887084960938,,,,,0.0,0.0,0.0,-0.0025743781588971615,0.0027655253652483225,1.6023582220077515,1.6023582220077515
148,3,207.5145721435547,691.424560546875,207.5145721435547,691.424560546875,207.5145721435547,691.424560546875,,,,,0.0,0.0,0.0,-8.792119026184082,3.2156589031219482,1.1896264553070068,1.1896264553070068
148,5,1750.445068359375,448.2485656738281,1750.445068359375,448.2485656738281,1750.445068359375,448.2485656738281,,,,,0.0,0.0,0.0,-0.17270156741142273,-0.024734556674957275,1.4276231527328491,1.4276231527328491
148,6,1745.0758056640625,464.9022216796875,1745.0758056640625,464.9022216796875,1745.0758056640625,464.9022216796875,,,,,0.0,0.0,0.0,0.007571013178676367,-0.020350797101855278,1.5583159923553467,1.5583159923553467
148,7,-21.270174026489258,831.7952270507812,-21.270174026489258,831.7952270507812,-21.270174026489258,831.7952270507812,,,,,0.0,0.0,0.0,-7.327186107635498,3.178825855255127,3.027921676635742,3.027921676635742
148,8,1465.3677978515625,439.9647216796875,1465.3677978515625,439.9647216796875,1465.3677978515625,439.9647216796875,,,,,0.0,0.0,0.0,-0.011412642896175385,0.0025158387143164873,1.4249128103256226,1.4249128103256226
148,9,1605.0992431640625,427.3553161621094,1605.0992431640625,427.3553161621094,1605.0992431640625,427.3553161621094,,,,,0.0,0.0,0.0,0.040873926132917404,-0.08024679869413376,1.2394355535507202,1.2394355535507202
148,10,1504.406982421875,267.15869140625,1504.406982421875,267.15869140625,1504.406982421875,267.15869140625,,,,,0.0,0.0,0.0,0.01841088943183422,-0.19034022092819214,61.04764175415039,61.04764175415039
148,11,845.2581176757812,490.29913330078125,845.2581176757812,490.29913330078125,845.2581176757812,490.29913330078125,,,,,0.0,0.0,0.0,-6.6614274978637695,2.527843952178955,1.1755167245864868,1.1755167245864868
148,12,194.1660919189453,852.2410278320312,194.1660919189453,852.2410278320312,194.1660919189453,852.2410278320312,,,,,0.0,0.0,0.0,1.6269967555999756,-0.3319483697414398,1.450793981552124,1.450793981552124
148,13,1490.371826171875,341.4227600097656,1490.371826171875,341.4227600097656,1490.371826171875,341.4227600097656,,,,,0.0,0.0,0.0,-0.47514694929122925,-0.2538950741291046,1.5439075231552124,1.5439075231552124
149,0,562.1016235351562,692.451171875,562.1016235351562,692.451171875,562.1016235351562,692.451171875,,,,,0.0,0.0,0.0,-0.005565624218434095,0.002912112744525075,1.8584493398666382,1.8584493398666382
149,1,447.6552734375,744.2352294921875,447.6552734375,744.2352294921875,447.6552734375,744.2352294921875,,,,,0.0,0.0,0.0,0.3824988007545471,-0.05853382125496864,1.5945274829864502,1.5945274829864502
149,2,704.2156982421875,619.991455078125,704.2156982421875,619.991455078125,704.2156982421875,619.991455078125,,,,,0.0,0.0,0.0,-0.002497146837413311,0.002682559657841921,1.900177240371704,1.900177240371704
149,3,198.60226440429688,695.13623046875,198.60226440429688,695.13623046875,198.60226440429688,695.13623046875,,,,,0.0,0.0,0.0,-8.801389694213867,3.2539222240448,1.3351547718048096,1.3351547718048096
149,5,1750.2723388671875,448.22381591796875,1750.2723388671875,448.22381591796875,1750.2723388671875,448.22381591796875,,,,,0.0,0.0,0.0,-0.16752052307128906,-0.023992519825696945,1.6609262228012085,1.6609262228012085
149,6,1745.0833740234375,464.8818664550781,1745.0833740234375,464.8818664550781,1745.0833740234375,464.8818664550781,,,,,0.0,0.0,0.0,0.0073438831605017185,-0.01974027417600155,1.8390824794769287,1.8390824794769287
149,7,-28.597360610961914,834.9740600585938,-28.597360610961914,834.9740600585938,-28.597360610961914,834.9740600585938,,,,,0.0,0.0,0.0,-7.107370853424072,3.083461284637451,3.4500844478607178,3.4500844478607178
149,8,1465.3564453125,439.96722412109375,1465.3564453125,439.96722412109375,1465.3564453125,439.96722412109375,,,,,0.0,0.0,0.0,-0.01107026357203722,0.002440363634377718,1.65726637840271,1.65726637840271
149,9,1604.3951416015625,425.7735595703125,1604.3951416015625,425.7735595703125,1604.3951416015625,425.7735595703125,,,,,0.0,0.0,0.0,-0.018905209377408028,-0.20072272419929504,1.397836446762085,1.397836446762085
149,10,1504.4254150390625,266.9683532714844,1504.4254150390625,266.9683532714844,1504.4254150390625,266.9683532714844,,,,,0.0,0.0,0.0,0.017858562991023064,-0.18463002145290375,64.4431381225586,64.4431381225586
149,11,838.2435913085938,493.2484436035156,838.2435913085938,493.2484436035156,838.2435913085938,493.2484436035156,,,,,0.0,0.0,0.0,-6.688352584838867,2.559983730316162,1.317501425743103,1.317501425743103
149,12,195.7964630126953,852.38427734375,195.7964630126953,852.38427734375,195.7964630126953,852.38427734375,,,,,0.0,0.0,0.0,1.627310872077942,-0.28773224353790283,1.6698520183563232,1.6698520183563232
149,13,1490.0001220703125,341.4314880371094,1490.0001220703125,341.4314880371094,1490.0001220703125,341.4314880371094,,,,,0.0,0.0,0.0,-0.4667603373527527,-0.23259982466697693,1.7236778736114502,1.7236778736114502
150,0,562.0960693359375,692.4541015625,562.0960693359375,692.4541015625,562.0960693359375,692.4541015625,,,,,0.0,0.0,0.0,-0.005398655775934458,0.002824749331921339,2.1909260749816895,2.1909260749816895
150,1,449.78179931640625,743.2379760742188,449.78179931640625,743.2379760742188,449.78179931640625,743.2379760742188,,,,,0.0,0.0,0.0,0.5366303324699402,-0.14149543642997742,1.806269884109497,1.806269884109497
150,2,704.2131958007812,619.994140625,704.2131958007812,619.994140625,704.2131958007812,619.994140625,,,,,0.0,0.0,0.0,-0.00242223241366446,0.002602082910016179,2.2470874786376953,2.2470874786376953
150,3,189.73341369628906,698.9382934570312,189.73341369628906,698.9382934570312,189.73341369628906,698.9382934570312,,,,,0.0,0.0,0.0,-8.806541442871094,3.295783758163452,1.487952470779419,1.487952470779419
150,5,1750.1048583984375,448.1998291015625,1750.1048583984375,448.1998291015625,1750.1048583984375,448.1998291015625,,,,,0.0,0.0,0.0,-0.16249491274356842,-0.023272745311260223,1.9287314414978027,1.9287314414978027
150,6,1745.0906982421875,464.86212158203125,1745.0906982421875,464.86212158203125,1745.0906982421875,464.86212158203125,,,,,0.0,0.0,0.0,0.007123566698282957,-0.019148066639900208,2.164947032928467,2.164947032928467
150,7,-35.70473098754883,838.0574951171875,-35.70473098754883,838.0574951171875,-35.70473098754883,838.0574951171875,,,,,0.0,0.0,0.0,-6.8941497802734375,2.990957498550415,3.9192183017730713,3.9192183017730713
150,8,1465.3453369140625,439.96966552734375,1465.3453369140625,439.96966552734375,1465.3453369140625,439.96966552734375,,,,,0.0,0.0,0.0,-0.01073815580457449,0.0023671528324484825,1.923918604850769,1.923918604850769
150,9,1603.567626953125,423.97735595703125,1603.567626953125,423.97735595703125,1603.567626953125,423.97735595703125,,,,,0.0,0.0,0.0,-0.0830807015299797,-0.3273513913154602,1.5642246007919312,1.5642246007919312
150,10,1504.4432373046875,266.7837219238281,1504.4432373046875,266.7837219238281,1504.4432373046875,266.7837219238281,,,,,0.0,0.0,0.0,0.017322806641459465,-0.17909112572669983,67.96377563476562,67.96377563476562
150,11,831.1749267578125,496.2859191894531,831.1749267578125,496.2859191894531,831.1749267578125,496.2859191894531,,,,,0.0,0.0,0.0,-6.717072010040283,2.596039295196533,1.466554880142212,1.466554880142212
150,12,197.352294921875,852.5802001953125,197.352294921875,852.5802001953125,197.352294921875,852.5802001953125,,,,,0.0,0.0,0.0,1.6207590103149414,-0.24339815974235535,1.8999488353729248,1.8999488353729248
150,13,1489.6292724609375,341.48406982421875,1489.6292724609375,341.48406982421875,1489.6292724609375,341.48406982421875,,,,,0.0,0.0,0.0,-0.45920854806900024,-0.2101593017578125,1.9023247957229614,1.9023247957229614
151,0,562.0860595703125,692.4658203125,562.0860595703125,692.4658203125,562.0860595703125,692.4658203125,,,,,0.0,0.0,0.0,-0.005755896680057049,0.003512769006192684,1.1253361701965332,1.1253361701965332
151,1,442.5882568359375,746.3748779296875,442.5882568359375,746.3748779296875,442.5882568359375,746.3748779296875,,,,,0.0,0.0,0.0,-0.13324867188930511,0.14260151982307434,1.04043447971344,1.04043447971344
151,2,704.3062133789062,620.067138671875,704.3062133789062,620.067138671875,704.3062133789062,620.067138671875,,,,,0.0,0.0,0.0,0.005053607281297445,0.008117047138512135,1.1391905546188354,1.1391905546188354
151,3,177.45945739746094,702.474853515625,177.45945739746094,702.474853515625,177.45945739746094,702.474853515625,,,,,0.0,0.0,0.0,-9.067397117614746,3.313899278640747,0.9306001663208008,0.9306001663208008
151,5,1750.5760498046875,448.2035217285156,1750.5760498046875,448.2035217285156,1750.5760498046875,448.2035217285156,,,,,0.0,0.0,0.0,-0.11768887937068939,-0.02136598527431488,1.0551317930221558,1.0551317930221558
151,6,1745.0283203125,464.97991943359375,1745.0283203125,464.97991943359375,1745.0283203125,464.97991943359375,,,,,0.0,0.0,0.0,0.0018090851372107863,-0.008678329177200794,1.1187933683395386,1.1187933683395386
151,7,-42.598880767822266,841.0484619140625,-42.598880767822266,841.0484619140625,-42.598880767822266,841.0484619140625,,,,,0.0,0.0,0.0,-6.687325477600098,2.901228904724121,4.437831878662109,4.437831878662109
151,8,1465.3575439453125,439.98431396484375,1465.3575439453125,439.98431396484375,1465.3575439453125,439.98431396484375,,,,,0.0,0.0,0.0,-0.009117561392486095,0.0032330588437616825,1.0537489652633667,1.0537489652633667
151,9,1605.5213623046875,430.75384521484375,1605.5213623046875,430.75384521484375,1605.5213623046875,430.75384521484375,,,,,0.0,0.0,0.0,0.0759953185915947,0.22745296359062195,0.9587376713752747,0.9587376713752747
151,10,1504.4605712890625,266.6046447753906,1504.4605712890625,266.6046447753906,1504.4605712890625,266.6046447753906,,,,,0.0,0.0,0.0,0.01680312305688858,-0.1737183928489685,71.61181640625,71.61181640625
151,11,820.4193115234375,499.7839050292969,820.4193115234375,499.7839050292969,820.4193115234375,499.7839050292969,,,,,0.0,0.0,0.0,-7.017580032348633,2.6631546020507812,0.9224831461906433,0.9224831461906433
151,12,199.57826232910156,850.390869140625,199.57826232910156,850.390869140625,199.57826232910156,850.390869140625,,,,,0.0,0.0,0.0,1.6750822067260742,-0.4180629551410675,1.069246530532837,1.069246530532837
151,13,1488.73779296875,339.9058532714844,1488.73779296875,339.9058532714844,1488.73779296875,339.9058532714844,,,,,0.0,0.0,0.0,-0.49218666553497314,-0.3145323395729065,1.0543755292892456,1.0543755292892456
152,0,562.080322265625,692.4693603515625,562.080322265625,692.4693603515625,562.080322265625,692.4693603515625,,,,,0.0,0.0,0.0,-0.005583220161497593,0.0034073861315846443,1.3290952444076538,1.3290952444076538
152,1,444.26708984375,745.8280639648438,444.26708984375,745.8280639648438,444.26708984375,745.8280639648438,,,,,0.0,0.0,0.0,0.02841424196958542,0.08109752833843231,1.206923246383667,1.206923246383667
152,2,704.311279296875,620.0752563476562,704.311279296875,620.0752563476562,704.311279296875,620.0752563476562,,,,,0.0,0.0,0.0,0.004901999142020941,0.007873536087572575,1.3499294519424438,1.3499294519424438
152,3,168.2814178466797,706.2144775390625,168.2814178466797,706.2144775390625,168.2814178466797,706.2144775390625,,,,,0.0,0.0,0.0,-9.075896263122559,3.3466007709503174,1.0540440082550049,1.0540440082550049
152,5,1750.4583740234375,448.1821594238281,1750.4583740234375,448.1821594238281,1750.4583740234375,448.1821594238281,,,,,0.0,0.0,0.0,-0.11415821313858032,-0.020725006237626076,1.226499080657959,1.226499080657959
152,6,1745.0301513671875,464.97125244140625,1745.0301513671875,464.97125244140625,1745.0301513671875,464.97125244140625,,,,,0.0,0.0,0.0,0.0017548126634210348,-0.008417979814112186,1.3193265199661255,1.3193265199661255
152,7,-49.28620529174805,843.94970703125,-49.28620529174805,843.94970703125,-49.28620529174805,843.94970703125,,,,,0.0,0.0,0.0,-6.486705780029297,2.814192056655884,5.008433818817139,5.008433818817139
152,8,1465.348388671875,439.987548828125,1465.348388671875,439.987548828125,1465.348388671875,439.987548828125,,,,,0.0,0.0,0.0,-0.008844034746289253,0.003136067185550928,1.2245197296142578,1.2245197296142578
152,9,1604.9169921875,429.6270751953125,1604.9169921875,429.6270751953125,1604.9169921875,429.6270751953125,,,,,0.0,0.0,0.0,0.021635180339217186,0.11925694346427917,1.0922073125839233,1.0922073125839233
152,10,1504.4774169921875,266.4309387207031,1504.4774169921875,266.4309387207031,1504.4774169921875,266.4309387207031,,,,,0.0,0.0,0.0,0.01629902981221676,-0.16850684583187103,75.38954162597656,75.38954162597656
152,11,813.1884155273438,502.8443603515625,813.1884155273438,502.8443603515625,813.1884155273438,502.8443603515625,,,,,0.0,0.0,0.0,-7.033778190612793,2.6933257579803467,1.043150544166565,1.043150544166565
152,12,201.44696044921875,850.1729125976562,201.44696044921875,850.1729125976562,201.44696044921875,850.1729125976562,,,,,0.0,0.0,0.0,1.693020224571228,-0.39952242374420166,1.248957633972168,1.248957633972168
152,13,1488.3629150390625,339.6888732910156,1488.3629150390625,339.6888732910156,1488.3629150390625,339.6888732910156,,,,,0.0,0.0,0.0,-0.483161062002182,-0.3070283830165863,1.1888529062271118,1.1888529062271118
153,0,562.0747680664062,692.4727783203125,562.0747680664062,692.4727783203125,562.0747680664062,692.4727783203125,,,,,0.0,0.0,0.0,-0.005415723659098148,0.0033051646314561367,1.5723214149475098,1.5723214149475098
153,1,446.2745666503906,745.1396484375,446.2745666503906,745.1396484375,446.2745666503906,745.1396484375,,,,,0.0,0.0,0.0,0.20657503604888916,0.011821260675787926,1.393005132675171,1.393005132675171
153,2,704.316162109375,620.0831298828125,704.316162109375,620.0831298828125,704.316162109375,620.0831298828125,,,,,0.0,0.0,0.0,0.004754939116537571,0.0076373303309082985,1.602358102798462,1.602358102798462
153,3,158.74783325195312,710.1866455078125,158.74783325195312,710.1866455078125,158.74783325195312,710.1866455078125,,,,,0.0,0.0,0.0,-9.111303329467773,3.3949923515319824,1.1896212100982666,1.1896212100982666
153,5,1750.34423828125,448.16143798828125,1750.34423828125,448.16143798828125,1750.34423828125,448.16143798828125,,,,,0.0,0.0,0.0,-0.11073347181081772,-0.02010325714945793,1.4276560544967651,1.4276560544967651
153,6,1745.0318603515625,464.96282958984375,1745.0318603515625,464.96282958984375,1745.0318603515625,464.96282958984375,,,,,0.0,0.0,0.0,0.0017021683743223548,-0.008165440522134304,1.5583159923553467,1.5583159923553467
153,7,-55.772911071777344,846.763916015625,-55.772911071777344,846.763916015625,-55.772911071777344,846.763916015625,,,,,0.0,0.0,0.0,-6.292104721069336,2.729766368865967,5.633533000946045,5.633533000946045
153,8,1465.339599609375,439.9906921386719,1465.339599609375,439.9906921386719,1465.339599609375,439.9906921386719,,,,,0.0,0.0,0.0,-0.008578713983297348,0.003041985211893916,1.424912691116333,1.424912691116333
153,9,1604.256103515625,428.2529296875,1604.256103515625,428.2529296875,1604.256103515625,428.2529296875,,,,,0.0,0.0,0.0,-0.03330510854721069,-0.0009645248064771295,1.23943293094635,1.23943293094635
153,10,1504.4937744140625,266.2624206542969,1504.4937744140625,266.2624206542969,1504.4937744140625,266.2624206542969,,,,,0.0,0.0,0.0,0.015810059383511543,-0.1634516417980194,79.29920959472656,79.29920959472656
153,11,805.5546875,506.0746765136719,805.5546875,506.0746765136719,805.5546875,506.0746765136719,,,,,0.0,0.0,0.0,-7.079655647277832,2.734388589859009,1.1755154132843018,1.1755154132843018
153,12,203.19383239746094,850.058349609375,203.19383239746094,850.058349609375,203.19383239746094,850.058349609375,,,,,0.0,0.0,0.0,1.698056697845459,-0.37286576628685,1.450793981552124,1.450793981552124
153,13,1488.025390625,339.4798278808594,1488.025390625,339.4798278808594,1488.025390625,339.4798278808594,,,,,0.0,0.0,0.0,-0.4719841182231903,-0.29950547218322754,1.3332874774932861,1.3332874774932861
154,0,562.0693359375,692.47607421875,562.0693359375,692.47607421875,562.0693359375,692.47607421875,,,,,0.0,0.0,0.0,-0.005253252107650042,0.003206009743735194,1.8584529161453247,1.8584529161453247
154,1,448.59796142578125,744.3167114257812,448.59796142578125,744.3167114257812,448.59796142578125,744.3167114257812,,,,,0.0,0.0,0.0,0.3962516784667969,-0.06297566741704941,1.5945255756378174,1.5945255756378174
154,2,704.3209228515625,620.0907592773438,704.3209228515625,620.0907592773438,704.3209228515625,620.0907592773438,,,,,0.0,0.0,0.0,0.004612291231751442,0.007408210542052984,1.900177240371704,1.900177240371704
154,3,149.55027770996094,714.10986328125,149.55027770996094,714.10986328125,149.55027770996094,714.10986328125,,,,,0.0,0.0,0.0,-9.11795711517334,3.4357378482818604,1.3351502418518066,1.3351502418518066
154,5,1750.2335205078125,448.1413269042969,1750.2335205078125,448.1413269042969,1750.2335205078125,448.1413269042969,,,,,0.0,0.0,0.0,-0.1074114739894867,-0.019500160589814186,1.6609587669372559,1.6609587669372559
154,6,1745.0335693359375,464.95465087890625,1745.0335693359375,464.95465087890625,1745.0335693359375,464.95465087890625,,,,,0.0,0.0,0.0,0.001651103375479579,-0.007920477539300919,1.8390824794769287,1.8390824794769287
154,7,-62.06501770019531,849.49365234375,-62.06501770019531,849.49365234375,-62.06501770019531,849.49365234375,,,,,0.0,0.0,0.0,-6.103341579437256,2.6478734016418457,6.315637588500977,6.315637588500977
154,8,1465.3310546875,439.9937438964844,1465.3310546875,439.9937438964844,1465.3310546875,439.9937438964844,,,,,0.0,0.0,0.0,-0.008321353234350681,0.00295072584412992,1.6572661399841309,1.6572661399841309
154,9,1604.2227783203125,428.251953125,1604.2227783203125,428.251953125,1604.2227783203125,428.251953125,,,,,0.0,0.0,0.0,-0.03230595588684082,-0.0009355890797451138,1.4661492109298706,1.4661492109298706
154,10,1504.5096435546875,266.0989685058594,1504.5096435546875,266.0989685058594,1504.5096435546875,266.0989685058594,,,,,0.0,0.0,0.0,0.015335758216679096,-0.15854810178279877,83.34310150146484,83.34310150146484
154,11,798.1380615234375,509.2676086425781,798.1380615234375,509.2676086425781,798.1380615234375,509.2676086425781,,,,,0.0,0.0,0.0,-7.105349540710449,2.769355535507202,1.3174995183944702,1.3174995183944702
154,12,204.85269165039062,850.0176391601562,204.85269165039062,850.0176391601562,204.85269165039062,850.0176391601562,,,,,0.0,0.0,0.0,1.694409728050232,-0.3419579565525055,1.6698520183563232,1.6698520183563232
154,13,1487.692626953125,339.3220520019531,1487.692626953125,339.3220520019531,1487.692626953125,339.3220520019531,,,,,0.0,0.0,0.0,-0.4613940417766571,-0.28872451186180115,1.4850361347198486,1.4850361347198486
155,0,562.0640869140625,692.4793090820312,562.0640869140625,692.4793090820312,562.0640869140625,692.4793090820312,,,,,0.0,0.0,0.0,-0.005095654632896185,0.0031098295003175735,2.1909286975860596,2.1909286975860596
155,1,451.1669921875,743.3687744140625,451.1669921875,743.3687744140625,451.1669921875,743.3687744140625,,,,,0.0,0.0,0.0,0.5882775187492371,-0.14118722081184387,1.806269645690918,1.806269645690918
155,2,704.3255615234375,620.09814453125,704.3255615234375,620.09814453125,704.3255615234375,620.09814453125,,,,,0.0,0.0,0.0,0.004473922774195671,0.0071859643794596195,2.2470874786376953,2.2470874786376953
155,3,140.27642822265625,718.0990600585938,140.27642822265625,718.0990600585938,140.27642822265625,718.0990600585938,,,,,0.0,0.0,0.0,-9.129861831665039,3.4780020713806152,1.4879487752914429,1.4879487752914429
155,5,1750.1260986328125,448.121826171875,1750.1260986328125,448.121826171875,1750.1260986328125,448.121826171875,,,,,0.0,0.0,0.0,-0.10418913513422012,-0.01891515590250492,1.9287633895874023,1.9287633895874023
155,6,1745.0352783203125,464.94671630859375,1745.0352783203125,464.94671630859375,1745.0352783203125,464.94671630859375,,,,,0.0,0.0,0.0,0.0016015702858567238,-0.007682863622903824,2.164947032928467,2.164947032928467
155,7,-68.1683578491211,852.1415405273438,-68.1683578491211,852.1415405273438,-68.1683578491211,852.1415405273438,,,,,0.0,0.0,0.0,-5.920241355895996,2.568437337875366,7.05725622177124,7.05725622177124
155,8,1465.32275390625,439.9967041015625,1465.32275390625,439.9967041015625,1465.32275390625,439.9967041015625,,,,,0.0,0.0,0.0,-0.008071713149547577,0.002862204099074006,1.92391836643219,1.92391836643219
155,9,1604.1904296875,428.2510070800781,1604.1904296875,428.2510070800781,1604.1904296875,428.2510070800781,,,,,0.0,0.0,0.0,-0.03133677691221237,-0.0009075214620679617,1.7299869060516357,1.7299869060516357
155,10,1504.5250244140625,265.9404296875,1504.5250244140625,265.9404296875,1504.5250244140625,265.9404296875,,,,,0.0,0.0,0.0,0.014875685796141624,-0.1537916660308838,87.52349090576172,87.52349090576172
155,11,790.6289672851562,512.5435791015625,790.6289672851562,512.5435791015625,790.6289672851562,512.5435791015625,,,,,0.0,0.0,0.0,-7.135834693908691,2.8076064586639404,1.4665523767471313,1.4665523767471313
155,12,206.43679809570312,850.0283203125,206.43679809570312,850.0283203125,206.43679809570312,850.0283203125,,,,,0.0,0.0,0.0,1.6842985153198242,-0.30963245034217834,1.8999488353729248,1.8999488353729248
155,13,1487.3946533203125,339.1871643066406,1487.3946533203125,339.1871643066406,1487.3946533203125,339.1871643066406,,,,,0.0,0.0,0.0,-0.44913250207901,-0.2771872282028198,1.6411006450653076,1.6411006450653076
156,0,562.2105102539062,692.8779907226562,562.2105102539062,692.8779907226562,562.2105102539062,692.8779907226562,,,,,0.0,0.0,0.0,0.0065794712863862514,0.03358900174498558,1.1253364086151123,1.1253364086151123
156,1,443.0918273925781,746.057861328125,443.0918273925781,746.057861328125,443.0918273925781,746.057861328125,,,,,0.0,0.0,0.0,-0.16248120367527008,0.10407853871583939,1.040434718132019,1.040434718132019
156,2,704.201904296875,620.2250366210938,704.201904296875,620.2250366210938,704.201904296875,620.2250366210938,,,,,0.0,0.0,0.0,-0.005561951082199812,0.016560042276978493,1.1391905546188354,1.1391905546188354
156,3,122.46271514892578,723.435302734375,122.46271514892578,723.435302734375,122.46271514892578,723.435302734375,,,,,0.0,0.0,0.0,-9.78315258026123,3.6177947521209717,0.9305992126464844,0.9305992126464844
156,5,1748.77099609375,451.447998046875,1748.77099609375,451.447998046875,1748.77099609375,451.447998046875,,,,,0.0,0.0,0.0,-0.1926301121711731,0.2175983339548111,1.0551388263702393,1.0551388263702393
156,6,1667.5447998046875,451.385986328125,1667.5447998046875,451.385986328125,1667.5447998046875,451.385986328125,,,,,0.0,0.0,0.0,-5.922745227813721,-1.043826699256897,1.1187933683395386,1.1187933683395386
156,7,-74.0886001586914,854.7099609375,-74.0886001586914,854.7099609375,-74.0886001586914,854.7099609375,,,,,0.0,0.0,0.0,-5.742634296417236,2.491384267807007,7.860898017883301,7.860898017883301
156,8,1464.96875,439.52239990234375,1464.96875,439.52239990234375,1464.96875,439.52239990234375,,,,,0.0,0.0,0.0,-0.03248504549264908,-0.030816208571195602,1.0537489652633667,1.0537489652633667
156,9,1607.02587890625,430.706298828125,1607.02587890625,430.706298828125,1607.02587890625,430.706298828125,,,,,0.0,0.0,0.0,0.19075509905815125,0.1893719732761383,1.0083636045455933,1.0083636045455933
156,10,1504.5399169921875,265.7866516113281,1504.5399169921875,265.7866516113281,1504.5399169921875,265.7866516113281,,,,,0.0,0.0,0.0,0.014429415576159954,-0.1491779237985611,91.84264373779297,91.84264373779297
156,11,775.3878784179688,517.8580322265625,775.3878784179688,517.8580322265625,775.3878784179688,517.8580322265625,,,,,0.0,0.0,0.0,-7.738949775695801,2.9941396713256836,0.9224821329116821,0.9224821329116821
156,12,207.2867889404297,847.07275390625,207.2867889404297,847.07275390625,207.2867889404297,847.07275390625,,,,,0.0,0.0,0.0,1.6094112396240234,-0.5471319556236267,1.069246530532837,1.069246530532837
156,13,1487.3907470703125,337.8629455566406,1487.3907470703125,337.8629455566406,1487.3907470703125,337.8629455566406,,,,,0.0,0.0,0.0,-0.4163324236869812,-0.3543267846107483,0.9777615666389465,0.9777615666389465
157,0,562.2171020507812,692.9115600585938,562.2171020507812,692.9115600585938,562.2171020507812,692.9115600585938,,,,,0.0,0.0,0.0,0.006382087245583534,0.03258133307099342,1.3290948867797852,1.3290948867797852
157,1,444.6181335449219,745.4844360351562,444.6181335449219,745.4844360351562,444.6181335449219,745.4844360351562,,,,,0.0,0.0,0.0,-0.011815411038696766,0.043637316673994064,1.2069239616394043,1.2069239616394043
157,2,704.1963500976562,620.2415771484375,704.1963500976562,620.2415771484375,704.1963500976562,620.2415771484375,,,,,0.0,0.0,0.0,-0.005395092535763979,0.01606324128806591,1.3499294519424438,1.3499294519424438
157,3,112.83052825927734,727.388916015625,112.83052825927734,727.388916015625,112.83052825927734,727.388916015625,,,,,0.0,0.0,0.0,-9.77155590057373,3.643590211868286,1.0540432929992676,1.0540432929992676
157,5,1748.578369140625,451.66558837890625,1748.578369140625,451.66558837890625,1748.578369140625,451.66558837890625,,,,,0.0,0.0,0.0,-0.18685121834278107,0.21107038855552673,1.226504921913147,1.226504921913147
157,6,1661.6220703125,450.3421630859375,1661.6220703125,450.3421630859375,1661.6220703125,450.3421630859375,,,,,0.0,0.0,0.0,-5.745062828063965,-1.012511968612671,1.3193265199661255,1.3193265199661255
157,7,-79.83123779296875,857.2013549804688,-79.83123779296875,857.2013549804688,-79.83123779296875,857.2013549804688,,,,,0.0,0.0,0.0,-5.570355415344238,2.416642904281616,8.729070663452148,8.729070663452148
157,8,1464.936279296875,439.4915771484375,1464.936279296875,439.4915771484375,1464.936279296875,439.4915771484375,,,,,0.0,0.0,0.0,-0.03151049464941025,-0.02989172376692295,1.2245198488235474,1.2245198488235474
157,9,1607.2166748046875,430.8956604003906,1607.2166748046875,430.8956604003906,1607.2166748046875,430.8956604003906,,,,,0.0,0.0,0.0,0.185032457113266,0.18369081616401672,1.1897923946380615,1.1897923946380615
157,11,767.601806640625,521.1331787109375,767.601806640625,521.1331787109375,767.601806640625,521.1331787109375,,,,,0.0,0.0,0.0,-7.74252986907959,3.0154786109924316,1.0431492328643799,1.0431492328643799
157,12,208.880615234375,846.8103637695312,208.880615234375,846.8103637695312,208.880615234375,846.8103637695312,,,,,0.0,0.0,0.0,1.6079683303833008,-0.5207532048225403,1.248957633972168,1.248957633972168
157,13,1487.0216064453125,337.65411376953125,1487.0216064453125,337.65411376953125,1487.0216064453125,337.65411376953125,,,,,0.0,0.0,0.0,-0.4127821922302246,-0.34338417649269104,1.1016795635223389,1.1016795635223389
158,0,562.2235107421875,692.9441528320312,562.2235107421875,692.9441528320312,562.2235107421875,692.9441528320312,,,,,0.0,0.0,0.0,0.0061906250193715096,0.031603895127773285,1.5723203420639038,1.5723203420639038
158,1,446.48095703125,744.76220703125,446.48095703125,744.76220703125,446.48095703125,744.76220703125,,,,,0.0,0.0,0.0,0.15694531798362732,-0.025309396907687187,1.3930062055587769,1.3930062055587769
158,2,704.1909790039062,620.2576293945312,704.1909790039062,620.2576293945312,704.1909790039062,620.2576293945312,,,,,0.0,0.0,0.0,-0.005233239848166704,0.0155813442543149,1.602358102798462,1.602358102798462
158,3,102.78070831298828,731.4908447265625,102.78070831298828,731.4908447265625,102.78070831298828,731.4908447265625,,,,,0.0,0.0,0.0,-9.793083190917969,3.679046630859375,1.1896209716796875,1.1896209716796875
158,5,1748.3914794921875,451.87664794921875,1748.3914794921875,451.87664794921875,1748.3914794921875,451.87664794921875,,,,,0.0,0.0,0.0,-0.18124568462371826,0.2047382891178131,1.427660584449768,1.427660584449768
158,6,1655.876953125,449.32965087890625,1655.876953125,449.32965087890625,1655.876953125,449.32965087890625,,,,,0.0,0.0,0.0,-5.572710990905762,-0.9821366667747498,1.5583159923553467,1.5583159923553467
158,7,-85.40159606933594,859.6179809570312,-85.40159606933594,859.6179809570312,-85.40159606933594,859.6179809570312,,,,,0.0,0.0,0.0,-5.403244972229004,2.3441436290740967,9.664283752441406,9.664283752441406
158,8,1464.90478515625,439.4617004394531,1464.90478515625,439.4617004394531,1464.90478515625,439.4617004394531,,,,,0.0,0.0,0.0,-0.030565179884433746,-0.028994973748922348,1.4249128103256226,1.4249128103256226
158,9,1607.4017333984375,431.079345703125,1607.4017333984375,431.079345703125,1607.4017333984375,431.079345703125,,,,,0.0,0.0,0.0,0.17948149144649506,0.17818009853363037,1.404405951499939,1.404405951499939
158,11,759.5005493164062,524.5694580078125,759.5005493164062,524.5694580078125,759.5005493164062,524.5694580078125,,,,,0.0,0.0,0.0,-7.769956588745117,3.047654151916504,1.175513744354248,1.175513744354248
158,12,210.43582153320312,846.621826171875,210.43582153320312,846.621826171875,210.43582153320312,846.621826171875,,,,,0.0,0.0,0.0,1.603033185005188,-0.48967862129211426,1.450793981552124,1.450793981552124
158,13,1486.65087890625,337.48077392578125,1486.65087890625,337.48077392578125,1486.65087890625,337.48077392578125,,,,,0.0,0.0,0.0,-0.4095943570137024,-0.3304990828037262,1.236971378326416,1.236971378326416
159,0,562.2296752929688,692.9757690429688,562.2296752929688,692.9757690429688,562.2296752929688,692.9757690429688,,,,,0.0,0.0,0.0,0.0060049062594771385,0.03065577894449234,1.85845148563385,1.85845148563385
159,1,448.65570068359375,743.9066162109375,448.65570068359375,743.9066162109375,448.65570068359375,743.9066162109375,,,,,0.0,0.0,0.0,0.3377479910850525,-0.09970227628946304,1.5945266485214233,1.5945266485214233
159,2,704.1857299804688,620.273193359375,704.1857299804688,620.273193359375,704.1857299804688,620.273193359375,,,,,0.0,0.0,0.0,-0.005076242610812187,0.015113904140889645,1.900177240371704,1.900177240371704
159,3,93.12334442138672,735.5,93.12334442138672,735.5,93.12334442138672,735.5,,,,,0.0,0.0,0.0,-9.782613754272461,3.7045063972473145,1.3351503610610962,1.3351503610610962
159,5,1748.210205078125,452.0813903808594,1748.210205078125,452.0813903808594,1748.210205078125,452.0813903808594,,,,,0.0,0.0,0.0,-0.17580832540988922,0.19859614968299866,1.6609619855880737,1.6609619855880737
159,6,1650.30419921875,448.3475036621094,1650.30419921875,448.3475036621094,1650.30419921875,448.3475036621094,,,,,0.0,0.0,0.0,-5.405529975891113,-0.9526726007461548,1.8390824794769287,1.8390824794769287
159,7,-90.80484008789062,861.9620971679688,-90.80484008789062,861.9620971679688,-90.80484008789062,861.9620971679688,,,,,0.0,0.0,0.0,-5.241147994995117,2.2738194465637207,10.669046401977539,10.669046401977539
159,8,1464.874267578125,439.4327087402344,1464.874267578125,439.4327087402344,1464.874267578125,439.4327087402344,,,,,0.0,0.0,0.0,-0.029648225754499435,-0.028125125914812088,1.65726637840271,1.65726637840271
159,9,1607.5811767578125,431.2575378417969,1607.5811767578125,431.2575378417969,1607.5811767578125,431.2575378417969,,,,,0.0,0.0,0.0,0.17409704625606537,0.17283469438552856,1.6549944877624512,1.6549944877624512
159,11,751.6823120117188,527.9361572265625,751.6823120117188,527.9361572265625,751.6823120117188,527.9361572265625,,,,,0.0,0.0,0.0,-7.773636817932129,3.0719804763793945,1.3174976110458374,1.3174976110458374
159,12,211.8649444580078,846.52392578125,211.8649444580078,846.52392578125,211.8649444580078,846.52392578125,,,,,0.0,0.0,0.0,1.5868529081344604,-0.45322665572166443,1.6698520183563232,1.6698520183563232
159,13,1486.2762451171875,337.3395080566406,1486.2762451171875,337.3395080566406,1486.2762451171875,337.3395080566406,,,,,0.0,0.0,0.0,-0.4069554805755615,-0.31618714332580566,1.381422519683838,1.381422519683838
160,0,562.2356567382812,693.0064086914062,562.2356567382812,693.0064086914062,562.2356567382812,693.0064086914062,,,,,0.0,0.0,0.0,0.005824759136885405,0.0297361072152853,2.1909267902374268,2.1909267902374268
160,1,451.0303955078125,742.917724609375,451.0303955078125,742.917724609375,451.0303955078125,742.917724609375,,,,,0.0,0.0,0.0,0.5177688002586365,-0.17828144133090973,1.8062705993652344,1.8062705993652344
160,2,704.1806640625,620.288330078125,704.1806640625,620.288330078125,704.1806640625,620.288330078125,,,,,0.0,0.0,0.0,-0.004923955537378788,0.01466048788279295,2.2470874786376953,2.2470874786376953
160,3,83.46954345703125,739.6044311523438,83.46954345703125,739.6044311523438,83.46954345703125,739.6044311523438,,,,,0.0,0.0,0.0,-9.77277660369873,3.735044240951538,1.4879491329193115,1.4879491329193115
160,5,1748.034423828125,452.2799987792969,1748.034423828125,452.2799987792969,1748.034423828125,452.2799987792969,,,,,0.0,0.0,0.0,-0.17053407430648804,0.19263827800750732,1.9287654161453247,1.9287654161453247
160,6,1644.898681640625,447.39483642578125,1644.898681640625,447.39483642578125,1644.898681640625,447.39483642578125,,,,,0.0,0.0,0.0,-5.243364334106445,-0.9240924715995789,2.164947032928467,2.164947032928467
160,7,-96.04598999023438,864.2359008789062,-96.04598999023438,864.2359008789062,-96.04598999023438,864.2359008789062,,,,,0.0,0.0,0.0,-5.083913803100586,2.2056050300598145,11.745865821838379,11.745865821838379
160,8,1464.8446044921875,439.4045715332031,1464.8446044921875,439.4045715332031,1464.8446044921875,439.4045715332031,,,,,0.0,0.0,0.0,-0.028758779168128967,-0.027281373739242554,1.923918604850769,1.923918604850769
160,9,1607.7552490234375,431.43035888671875,1607.7552490234375,431.43035888671875,1607.7552490234375,431.43035888671875,,,,,0.0,0.0,0.0,0.16887414455413818,0.16764965653419495,1.9443482160568237,1.9443482160568237
160,11,743.772705078125,531.40234375,743.772705078125,531.40234375,743.772705078125,531.40234375,,,,,0.0,0.0,0.0,-7.783905982971191,3.101750135421753,1.4665502309799194,1.4665502309799194
160,12,213.17010498046875,846.501708984375,213.17010498046875,846.501708984375,213.17010498046875,846.501708984375,,,,,0.0,0.0,0.0,1.5610307455062866,-0.4137157201766968,1.8999488353729248,1.8999488353729248
160,13,1485.94287109375,337.2228698730469,1485.94287109375,337.2228698730469,1485.94287109375,337.2228698730469,,,,,0.0,0.0,0.0,-0.40143871307373047,-0.3012247383594513,1.5323642492294312,1.5323642492294312
161,0,562.3160400390625,693.1373901367188,562.3160400390625,693.1373901367188,562.3160400390625,693.1373901367188,,,,,0.0,0.0,0.0,0.011569702066481113,0.03753716126084328,1.1253361701965332,1.1253361701965332
161,1,442.9835510253906,745.7728271484375,442.9835510253906,745.7728271484375,442.9835510253906,745.7728271484375,,,,,0.0,0.0,0.0,-0.22442223131656647,0.08458831906318665,1.0404349565505981,1.0404349565505981
161,2,704.0517578125,620.0545654296875,704.0517578125,620.0545654296875,704.0517578125,620.0545654296875,,,,,0.0,0.0,0.0,-0.014633014798164368,-0.004801206756383181,1.1391905546188354,1.1391905546188354
161,3,72.33610534667969,742.7882080078125,72.33610534667969,742.7882080078125,72.33610534667969,742.7882080078125,,,,,0.0,0.0,0.0,-9.875140190124512,3.6935722827911377,0.9305993914604187,0.9305993914604187
161,5,1747.7852783203125,453.4912109375,1747.7852783203125,453.4912109375,1747.7852783203125,453.4912109375,,,,,0.0,0.0,0.0,-0.17609377205371857,0.2646559476852417,1.0551389455795288,1.0551389455795288
161,6,1621.1673583984375,443.6268615722656,1621.1673583984375,443.6268615722656,1621.1673583984375,443.6268615722656,,,,,0.0,0.0,0.0,-6.656786918640137,-1.1415098905563354,1.1187933683395386,1.1187933683395386
161,7,-101.1299057006836,866.4415283203125,-101.1299057006836,866.4415283203125,-101.1299057006836,866.4415283203125,,,,,0.0,0.0,0.0,-4.931396484375,2.139436960220337,12.897252082824707,12.897252082824707
161,8,1464.807861328125,439.26104736328125,1464.807861328125,439.26104736328125,1464.807861328125,439.26104736328125,,,,,0.0,0.0,0.0,-0.029317134991288185,-0.03548535332083702,1.0537489652633667,1.0537489652633667
161,9,1608.9605712890625,431.9268493652344,1608.9605712890625,431.9268493652344,1608.9605712890625,431.9268493652344,,,,,0.0,0.0,0.0,0.24701672792434692,0.19244085252285004,1.064383864402771,1.064383864402771
161,11,734.0086669921875,533.9783325195312,734.0086669921875,533.9783325195312,734.0086669921875,533.9783325195312,,,,,0.0,0.0,0.0,-7.931247234344482,3.0626277923583984,0.9224814176559448,0.9224814176559448
161,12,212.6826629638672,844.3179931640625,212.6826629638672,844.3179931640625,212.6826629638672,844.3179931640625,,,,,0.0,0.0,0.0,1.377158761024475,-0.5725935101509094,1.069246530532837,1.069246530532837
161,13,1486.6851806640625,335.5899963378906,1486.6851806640625,335.5899963378906,1486.6851806640625,335.5899963378906,,,,,0.0,0.0,0.0,-0.31684407591819763,-0.3997160792350769,0.9438437223434448,0.9438437223434448
162,0,562.32763671875,693.1749267578125,562.32763671875,693.1749267578125,562.32763671875,693.1749267578125,,,,,0.0,0.0,0.0,0.01122261118143797,0.03641104698181152,1.329094648361206,1.329094648361206
162,1,444.36761474609375,745.1731567382812,444.36761474609375,745.1731567382812,444.36761474609375,745.1731567382812,,,,,0.0,0.0,0.0,-0.08092091977596283,0.02354213036596775,1.2069239616394043,1.2069239616394043
162,2,704.037109375,620.0497436523438,704.037109375,620.0497436523438,704.037109375,620.0497436523438,,,,,0.0,0.0,0.0,-0.014194024726748466,-0.004657170735299587,1.3499294519424438,1.3499294519424438
162,3,62.341793060302734,746.842041015625,62.341793060302734,746.842041015625,62.341793060302734,746.842041015625,,,,,0.0,0.0,0.0,-9.884294509887695,3.7212460041046143,1.0540436506271362,1.0540436506271362
162,5,1747.609130859375,453.755859375,1747.609130859375,453.755859375,1747.609130859375,453.755859375,,,,,0.0,0.0,0.0,-0.17081096768379211,0.2567162811756134,1.2265044450759888,1.2265044450759888
162,6,1614.5106201171875,442.4853515625,1614.5106201171875,442.4853515625,1614.5106201171875,442.4853515625,,,,,0.0,0.0,0.0,-6.457083702087402,-1.1072646379470825,1.3193265199661255,1.3193265199661255
162,7,-106.0613021850586,868.5809936523438,-106.0613021850586,868.5809936523438,-106.0613021850586,868.5809936523438,,,,,0.0,0.0,0.0,-4.783454895019531,2.075253963470459,14.125713348388672,14.125713348388672
162,8,1464.778564453125,439.2255554199219,1464.778564453125,439.2255554199219,1464.778564453125,439.2255554199219,,,,,0.0,0.0,0.0,-0.028437621891498566,-0.034420792013406754,1.2245198488235474,1.2245198488235474
162,9,1609.2076416015625,432.1192932128906,1609.2076416015625,432.1192932128906,1609.2076416015625,432.1192932128906,,,,,0.0,0.0,0.0,0.23960623145103455,0.18666763603687286,1.250169277191162,1.250169277191162
162,11,725.6629638671875,537.4790649414062,725.6629638671875,537.4790649414062,725.6629638671875,537.4790649414062,,,,,0.0,0.0,0.0,-7.962719440460205,3.0958950519561768,1.043148398399353,1.043148398399353
162,12,213.9213104248047,844.0581665039062,213.9213104248047,844.0581665039062,213.9213104248047,844.0581665039062,,,,,0.0,0.0,0.0,1.3643263578414917,-0.5436159372329712,1.248957633972168,1.248957633972168
162,13,1486.38037109375,335.3439636230469,1486.38037109375,335.3439636230469,1486.38037109375,335.3439636230469,,,,,0.0,0.0,0.0,-0.3159278333187103,-0.38807928562164307,1.0659359693527222,1.0659359693527222
163,0,562.3388671875,693.2113647460938,562.3388671875,693.2113647460938,562.3388671875,693.2113647460938,,,,,0.0,0.0,0.0,0.0108859334141016,0.03531871736049652,1.5723202228546143,1.5723202228546143
163,1,446.07989501953125,744.41845703125,446.07989501953125,744.41845703125,446.07989501953125,744.41845703125,,,,,0.0,0.0,0.0,0.08050975948572159,-0.04652014002203941,1.3930058479309082,1.3930058479309082
163,2,704.0228881835938,620.0451049804688,704.0228881835938,620.0451049804688,704.0228881835938,620.0451049804688,,,,,0.0,0.0,0.0,-0.013768204487860203,-0.004517455585300922,1.6023582220077515,1.6023582220077515
163,3,52.71561050415039,750.80859375,52.71561050415039,750.80859375,52.71561050415039,750.80859375,,,,,0.0,0.0,0.0,-9.864326477050781,3.740220546722412,1.1896213293075562,1.1896213293075562
163,5,1747.4383544921875,454.0125732421875,1747.4383544921875,454.0125732421875,1747.4383544921875,454.0125732421875,,,,,0.0,0.0,0.0,-0.16568663716316223,0.24901479482650757,1.4276596307754517,1.4276596307754517
163,6,1608.0535888671875,441.3780822753906,1608.0535888671875,441.3780822753906,1608.0535888671875,441.3780822753906,,,,,0.0,0.0,0.0,-6.263371467590332,-1.0740467309951782,1.5583159923553467,1.5583159923553467
163,7,-110.84475708007812,870.65625,-110.84475708007812,870.65625,-110.84475708007812,870.65625,,,,,0.0,0.0,0.0,-4.639951229095459,2.0129964351654053,15.433757781982422,15.433757781982422
163,8,1464.7501220703125,439.1911315917969,1464.7501220703125,439.1911315917969,1464.7501220703125,439.1911315917969,,,,,0.0,0.0,0.0,-0.027584493160247803,-0.0333881676197052,1.4249128103256226,1.4249128103256226
163,9,1609.447265625,432.30596923828125,1609.447265625,432.30596923828125,1609.447265625,432.30596923828125,,,,,0.0,0.0,0.0,0.23241804540157318,0.18106761574745178,1.4693245887756348,1.4693245887756348
163,11,717.562255859375,540.9302978515625,717.562255859375,540.9302978515625,717.562255859375,540.9302978515625,,,,,0.0,0.0,0.0,-7.973272800445557,3.1230664253234863,1.1755129098892212,1.1755129098892212
163,12,215.0653076171875,843.8897094726562,215.0653076171875,843.8897094726562,215.0653076171875,843.8897094726562,,,,,0.0,0.0,0.0,1.3437187671661377,-0.5085253715515137,1.450793981552124,1.450793981552124
163,13,1486.0902099609375,335.1382751464844,1486.0902099609375,335.1382751464844,1486.0902099609375,335.1382751464844,,,,,0.0,0.0,0.0,-0.31395775079727173,-0.3741389214992523,1.2000477313995361,1.2000477313995361
164,0,562.3497314453125,693.2467041015625,562.3497314453125,693.2467041015625,562.3497314453125,693.2467041015625,,,,,0.0,0.0,0.0,0.010559355840086937,0.03425915539264679,1.85845148563385,1.85845148563385
164,1,448.1220703125,743.506103515625,448.1220703125,743.506103515625,448.1220703125,743.506103515625,,,,,0.0,0.0,0.0,0.2562832832336426,-0.1241031065583229,1.5945258140563965,1.5945258140563965
164,2,704.0090942382812,620.0405883789062,704.0090942382812,620.0405883789062,704.0090942382812,620.0405883789062,,,,,0.0,0.0,0.0,-0.01335515920072794,-0.0043819318525493145,1.9001773595809937,1.9001773595809937
164,3,43.03934097290039,754.85888671875,43.03934097290039,754.85888671875,43.03934097290039,754.85888671875,,,,,0.0,0.0,0.0,-9.849820137023926,3.7641353607177734,1.3351507186889648,1.3351507186889648
164,5,1747.272705078125,454.2615966796875,1747.272705078125,454.2615966796875,1747.272705078125,454.2615966796875,,,,,0.0,0.0,0.0,-0.16071604192256927,0.24154435098171234,1.6609609127044678,1.6609609127044678
164,6,1601.7901611328125,440.3040466308594,1601.7901611328125,440.3040466308594,1601.7901611328125,440.3040466308594,,,,,0.0,0.0,0.0,-6.075470447540283,-1.0418254137039185,1.8390824794769287,1.8390824794769287
164,7,-115.48471069335938,872.6692504882812,-115.48471069335938,872.6692504882812,-115.48471069335938,872.6692504882812,,,,,0.0,0.0,0.0,-4.500752925872803,1.9526065587997437,16.82389259338379,16.82389259338379
164,8,1464.7225341796875,439.1577453613281,1464.7225341796875,439.1577453613281,1464.7225341796875,439.1577453613281,,,,,0.0,0.0,0.0,-0.026756959035992622,-0.032386522740125656,1.65726637840271,1.65726637840271
164,9,1609.6796875,432.4870300292969,1609.6796875,432.4870300292969,1609.6796875,432.4870300292969,,,,,0.0,0.0,0.0,0.22544550895690918,0.17563559114933014,1.724640130996704,1.724640130996704
164,11,708.9464111328125,544.565185546875,708.9464111328125,544.565185546875,708.9464111328125,544.565185546875,,,,,0.0,0.0,0.0,-8.022272109985352,3.162097454071045,1.3174965381622314,1.3174965381622314
164,12,216.11117553710938,843.7988891601562,216.11117553710938,843.7988891601562,216.11117553710938,843.7988891601562,,,,,0.0,0.0,0.0,1.3160054683685303,-0.46965551376342773,1.6698520183563232,1.6698520183563232
164,13,1485.794677734375,334.9569091796875,1485.794677734375,334.9569091796875,1485.794677734375,334.9569091796875,,,,,0.0,0.0,0.0,-0.3125489056110382,-0.35941940546035767,1.344027042388916,1.344027042388916
165,0,562.3602905273438,693.2809448242188,562.3602905273438,693.2809448242188,562.3602905273438,693.2809448242188,,,,,0.0,0.0,0.0,0.010242575779557228,0.033231381326913834,2.190927028656006,2.190927028656006
165,1,450.47821044921875,742.4434204101562,450.47821044921875,742.4434204101562,450.47821044921875,742.4434204101562,,,,,0.0,0.0,0.0,0.44186192750930786,-0.20705455541610718,1.8062692880630493,1.8062692880630493
165,2,703.9957275390625,620.0361938476562,703.9957275390625,620.0361938476562,703.9957275390625,620.0361938476562,,,,,0.0,0.0,0.0,-0.012954505160450935,-0.0042504738084971905,2.2470877170562744,2.2470877170562744
165,3,33.86959457397461,758.7786254882812,33.86959457397461,758.7786254882812,33.86959457397461,758.7786254882812,,,,,0.0,0.0,0.0,-9.797884941101074,3.7760140895843506,1.4879494905471802,1.4879494905471802
165,5,1747.1119384765625,454.5031433105469,1747.1119384765625,454.5031433105469,1747.1119384765625,454.5031433105469,,,,,0.0,0.0,0.0,-0.15589456260204315,0.23429802060127258,1.9287642240524292,1.9287642240524292
165,6,1595.7147216796875,439.26220703125,1595.7147216796875,439.26220703125,1595.7147216796875,439.26220703125,,,,,0.0,0.0,0.0,-5.893206596374512,-1.0105706453323364,2.164947032928467,2.164947032928467
165,7,-119.98546600341797,874.6218872070312,-119.98546600341797,874.6218872070312,-119.98546600341797,874.6218872070312,,,,,0.0,0.0,0.0,-4.365730285644531,1.8940284252166748,18.298629760742188,18.298629760742188
165,8,1464.69580078125,439.1253662109375,1464.69580078125,439.1253662109375,1464.69580078125,439.1253662109375,,,,,0.0,0.0,0.0,-0.025954250246286392,-0.031414929777383804,1.923918604850769,1.923918604850769
165,9,1609.9051513671875,432.66265869140625,1609.9051513671875,432.66265869140625,1609.9051513671875,432.66265869140625,,,,,0.0,0.0,0.0,0.2186821550130844,0.17036652565002441,2.0189061164855957,2.0189061164855957
165,11,700.6453857421875,548.1142578125,700.6453857421875,548.1142578125,700.6453857421875,548.1142578125,,,,,0.0,0.0,0.0,-8.04332160949707,3.1913163661956787,1.466549038887024,1.466549038887024
165,12,217.03453063964844,843.8121948242188,217.03453063964844,843.8121948242188,217.03453063964844,843.8121948242188,,,,,0.0,0.0,0.0,1.2800132036209106,-0.4253809452056885,1.8999488353729248,1.8999488353729248
165,13,1485.491455078125,334.8310852050781,1485.491455078125,334.8310852050781,1485.491455078125,334.8310852050781,,,,,0.0,0.0,0.0,-0.31184273958206177,-0.34173449873924255,1.495231032371521,1.495231032371521
166,0,562.3361206054688,693.2573852539062,562.3361206054688,693.2573852539062,562.3361206054688,693.2573852539062,,,,,0.0,0.0,0.0,0.007588414940983057,0.0288598220795393,1.1253360509872437,1.1253360509872437
166,1,442.7084045410156,745.5474243164062,442.7084045410156,745.5474243164062,442.7084045410156,745.5474243164062,,,,,0.0,0.0,0.0,-0.269743412733078,0.07987134158611298,1.04043447971344,1.04043447971344
166,2,704.0867919921875,620.1917724609375,704.0867919921875,620.1917724609375,704.0867919921875,620.1917724609375,,,,,0.0,0.0,0.0,-0.0048059746623039246,0.0082719000056386,1.139190673828125,1.139190673828125
166,3,32.29975891113281,761.7730102539062,32.29975891113281,761.7730102539062,32.29975891113281,761.7730102539062,,,,,0.0,0.0,0.0,-9.17888355255127,3.717210531234741,0.9305993914604187,0.9305993914604187
166,5,1747.286865234375,454.60528564453125,1747.286865234375,454.60528564453125,1747.286865234375,454.60528564453125,,,,,0.0,0.0,0.0,-0.1325082927942276,0.22495557367801666,1.0551388263702393,1.0551388263702393
166,6,1599.1795654296875,439.9975891113281,1599.1795654296875,439.9975891113281,1599.1795654296875,439.9975891113281,,,,,0.0,0.0,0.0,-5.177777290344238,-0.8770925998687744,1.1187933683395386,1.1187933683395386
166,7,-124.3511962890625,876.5159301757812,-124.3511962890625,876.5159301757812,-124.3511962890625,876.5159301757812,,,,,0.0,0.0,0.0,-4.234758377075195,1.8372076749801636,19.860477447509766,19.860477447509766
166,8,1464.675048828125,439.1267395019531,1464.675048828125,439.1267395019531,1464.675048828125,439.1267395019531,,,,,0.0,0.0,0.0,-0.02558201365172863,-0.02910093031823635,1.0537489652633667,1.0537489652633667
166,9,1609.9881591796875,432.5783996582031,1609.9881591796875,432.5783996582031,1609.9881591796875,432.5783996582031,,,,,0.0,0.0,0.0,0.20865628123283386,0.15153628587722778,1.081497073173523,1.081497073173523
166,11,688.9489135742188,551.4400634765625,688.9489135742188,551.4400634765625,688.9489135742188,551.4400634765625,,,,,0.0,0.0,0.0,-8.315154075622559,3.2013211250305176,0.9224810004234314,0.9224810004234314
166,12,216.56900024414062,841.6911010742188,216.56900024414062,841.6911010742188,216.56900024414062,841.6911010742188,,,,,0.0,0.0,0.0,1.1233328580856323,-0.5775924324989319,1.069246530532837,1.069246530532837
166,13,1485.216796875,332.7540283203125,1485.216796875,332.7540283203125,1485.216796875,332.7540283203125,,,,,0.0,0.0,0.0,-0.3090585172176361,-0.4713486135005951,0.9324169754981995,0.9324169754981995
167,0,562.3436889648438,693.2862548828125,562.3436889648438,693.2862548828125,562.3436889648438,693.2862548828125,,,,,0.0,0.0,0.0,0.007360762916505337,0.027994027361273766,1.329094648361206,1.329094648361206
167,1,444.0744934082031,744.9111328125,444.0744934082031,744.9111328125,444.0744934082031,744.9111328125,,,,,0.0,0.0,0.0,-0.12380236387252808,0.015979139134287834,1.206923246383667,1.206923246383667
167,2,704.0819702148438,620.2000732421875,704.0819702148438,620.2000732421875,704.0819702148438,620.2000732421875,,,,,0.0,0.0,0.0,-0.004661795683205128,0.008023743517696857,1.3499295711517334,1.3499295711517334
167,3,23.58143424987793,765.5750122070312,23.58143424987793,765.5750122070312,23.58143424987793,765.5750122070312,,,,,0.0,0.0,0.0,-9.143506050109863,3.723721981048584,1.0540435314178467,1.0540435314178467
167,5,1747.154296875,454.8302307128906,1747.154296875,454.8302307128906,1747.154296875,454.8302307128906,,,,,0.0,0.0,0.0,-0.12853305041790009,0.21820691227912903,1.2265045642852783,1.2265045642852783
167,6,1594.0018310546875,439.1204833984375,1594.0018310546875,439.1204833984375,1594.0018310546875,439.1204833984375,,,,,0.0,0.0,0.0,-5.022444248199463,-0.8507798314094543,1.3193265199661255,1.3193265199661255
167,7,-128.58595275878906,878.3531494140625,-128.58595275878906,878.3531494140625,-128.58595275878906,878.3531494140625,,,,,0.0,0.0,0.0,-4.107715606689453,1.782091498374939,21.51194190979004,21.51194190979004
167,8,1464.6494140625,439.0976257324219,1464.6494140625,439.0976257324219,1464.6494140625,439.0976257324219,,,,,0.0,0.0,0.0,-0.024814553558826447,-0.028227902948856354,1.2245197296142578,1.2245197296142578
167,9,1610.19677734375,432.7299499511719,1610.19677734375,432.7299499511719,1610.19677734375,432.7299499511719,,,,,0.0,0.0,0.0,0.20239660143852234,0.14699019491672516,1.2667428255081177,1.2667428255081177
167,11,680.3823852539062,554.91455078125,680.3823852539062,554.91455078125,680.3823852539062,554.91455078125,,,,,0.0,0.0,0.0,-8.334244728088379,3.2220652103424072,1.0431479215621948,1.0431479215621948
167,12,217.46914672851562,841.4944458007812,217.46914672851562,841.4944458007812,217.46914672851562,841.4944458007812,,,,,0.0,0.0,0.0,1.1026548147201538,-0.5423033237457275,1.248957633972168,1.248957633972168
167,13,1484.915771484375,332.5062255859375,1484.915771484375,332.5062255859375,1484.915771484375,332.5062255859375,,,,,0.0,0.0,0.0,-0.30844059586524963,-0.4542691707611084,1.0550175905227661,1.0550175905227661
168,0,562.35107421875,693.3142700195312,562.35107421875,693.3142700195312,562.35107421875,693.3142700195312,,,,,0.0,0.0,0.0,0.007139940280467272,0.027154207229614258,1.5723204612731934,1.5723204612731934
168,1,445.77728271484375,744.1259155273438,445.77728271484375,744.1259155273438,445.77728271484375,744.1259155273438,,,,,0.0,0.0,0.0,0.040634579956531525,-0.05614654719829559,1.3930047750473022,1.3930047750473022
168,2,704.0773315429688,620.2080688476562,704.0773315429688,620.2080688476562,704.0773315429688,620.2080688476562,,,,,0.0,0.0,0.0,-0.004521941766142845,0.007783031556755304,1.602358341217041,1.602358341217041
168,3,14.825465202331543,769.5361328125,14.825465202331543,769.5361328125,14.825465202331543,769.5361328125,,,,,0.0,0.0,0.0,-9.113525390625,3.7420878410339355,1.1896212100982666,1.1896212100982666
168,5,1747.0257568359375,455.0484313964844,1747.0257568359375,455.0484313964844,1747.0257568359375,455.0484313964844,,,,,0.0,0.0,0.0,-0.12467706203460693,0.2116607129573822,1.4276602268218994,1.4276602268218994
168,6,1588.9793701171875,438.26971435546875,1588.9793701171875,438.26971435546875,1588.9793701171875,438.26971435546875,,,,,0.0,0.0,0.0,-4.871770858764648,-0.8252564668655396,1.5583159923553467,1.5583159923553467
168,7,-132.69366455078125,880.13525390625,-132.69366455078125,880.13525390625,-132.69366455078125,880.13525390625,,,,,0.0,0.0,0.0,-3.9844841957092285,1.7286287546157837,23.25553321838379,23.25553321838379
168,8,1464.6246337890625,439.06939697265625,1464.6246337890625,439.06939697265625,1464.6246337890625,439.06939697265625,,,,,0.0,0.0,0.0,-0.024070117622613907,-0.027381066232919693,1.424912691116333,1.424912691116333
168,9,1610.399169921875,432.876953125,1610.399169921875,432.876953125,1610.399169921875,432.876953125,,,,,0.0,0.0,0.0,0.19632470607757568,0.14258049428462982,1.4853835105895996,1.4853835105895996
168,11,671.325439453125,558.668212890625,671.325439453125,558.668212890625,671.325439453125,558.668212890625,,,,,0.0,0.0,0.0,-8.389509201049805,3.2627177238464355,1.1755121946334839,1.1755121946334839
168,12,218.3145294189453,841.34765625,218.3145294189453,841.34765625,218.3145294189453,841.34765625,,,,,0.0,0.0,0.0,1.0785906314849854,-0.5053105354309082,1.450793981552124,1.450793981552124
168,13,1484.6131591796875,332.2952880859375,1484.6131591796875,332.2952880859375,1484.6131591796875,332.2952880859375,,,,,0.0,0.0,0.0,-0.30798962712287903,-0.43552184104919434,1.1898106336593628,1.1898106336593628
169,0,562.3582153320312,693.3414306640625,562.3582153320312,693.3414306640625,562.3582153320312,693.3414306640625,,,,,0.0,0.0,0.0,0.006925742141902447,0.026339581236243248,1.8584519624710083,1.8584519624710083
169,1,447.9732360839844,742.9592895507812,447.9732360839844,742.9592895507812,447.9732360839844,742.9592895507812,,,,,0.0,0.0,0.0,0.23375938832759857,-0.15564940869808197,1.5945245027542114,1.5945245027542114
169,2,704.0728149414062,620.2158813476562,704.0728149414062,620.2158813476562,704.0728149414062,620.2158813476562,,,,,0.0,0.0,0.0,-0.004386283457279205,0.007549540605396032,1.9001774787902832,1.9001774787902832
169,3,6.53523588180542,773.3675537109375,6.53523588180542,773.3675537109375,6.53523588180542,773.3675537109375,,,,,0.0,0.0,0.0,-9.050019264221191,3.748979091644287,1.3351505994796753,1.3351505994796753
169,5,1746.901123046875,455.2601013183594,1746.901123046875,455.2601013183594,1746.901123046875,455.2601013183594,,,,,0.0,0.0,0.0,-0.12093675136566162,0.2053108960390091,1.6609619855880737,1.6609619855880737
169,6,1584.1075439453125,437.4444580078125,1584.1075439453125,437.4444580078125,1584.1075439453125,437.4444580078125,,,,,0.0,0.0,0.0,-4.7256178855896,-0.8004987835884094,1.8390824794769287,1.8390824794769287
169,7,-136.6781463623047,881.8638916015625,-136.6781463623047,881.8638916015625,-136.6781463623047,881.8638916015625,,,,,0.0,0.0,0.0,-3.8649497032165527,1.6767699718475342,25.09375762939453,25.09375762939453
169,8,1464.6005859375,439.0420227050781,1464.6005859375,439.0420227050781,1464.6005859375,439.0420227050781,,,,,0.0,0.0,0.0,-0.023348014801740646,-0.026559634134173393,1.6572661399841309,1.6572661399841309
169,9,1610.595458984375,433.01953125,1610.595458984375,433.01953125,1610.595458984375,433.01953125,,,,,0.0,0.0,0.0,0.19043497741222382,0.13830308616161346,1.7402095794677734,1.7402095794677734
169,11,662.5186767578125,562.3583374023438,662.5186767578125,562.3583374023438,662.5186767578125,562.3583374023438,,,,,0.0,0.0,0.0,-8.421324729919434,3.29531192779541,1.3174958229064941,1.3174958229064941
169,12,219.036865234375,841.306884765625,219.036865234375,841.306884765625,219.036865234375,841.306884765625,,,,,0.0,0.0,0.0,1.0454415082931519,-0.4620878994464874,1.6698520183563232,1.6698520183563232
169,13,1484.3250732421875,332.14068603515625,1484.3250732421875,332.14068603515625,1484.3250732421875,332.14068603515625,,,,,0.0,0.0,0.0,-0.3064640462398529,-0.4139193892478943,1.334626317024231,1.334626317024231
170,0,562.3651123046875,693.3677978515625,562.3651123046875,693.3677978515625,562.3651123046875,693.3677978515625,,,,,0.0,0.0,0.0,0.0067179701291024685,0.025549395009875298,2.190927743911743,2.190927743911743
170,1,450.4875793457031,741.628662109375,450.4875793457031,741.628662109375,450.4875793457031,741.628662109375,,,,,0.0,0.0,0.0,0.43531015515327454,-0.2594911456108093,1.8062678575515747,1.8062678575515747
170,2,704.0684204101562,620.2234497070312,704.0684204101562,620.2234497070312,704.0684204101562,620.2234497070312,,,,,0.0,0.0,0.0,-0.004254695028066635,0.007323054596781731,2.2470877170562744,2.2470877170562744
170,3,-1.405287504196167,777.1049194335938,-1.405287504196167,777.1049194335938,-1.405287504196167,777.1049194335938,,,,,0.0,0.0,0.0,-8.965291023254395,3.748091459274292,1.4879493713378906,1.4879493713378906
170,5,1746.7801513671875,455.4654235839844,1746.7801513671875,455.4654235839844,1746.7801513671875,455.4654235839844,,,,,0.0,0.0,0.0,-0.11730865389108658,0.19915157556533813,1.928765892982483,1.928765892982483
170,6,1579.3819580078125,436.6439514160156,1579.3819580078125,436.6439514160156,1579.3819580078125,436.6439514160156,,,,,0.0,0.0,0.0,-4.5838494300842285,-0.7764838337898254,2.164947032928467,2.164947032928467
170,7,-140.5430908203125,883.5406494140625,-140.5430908203125,883.5406494140625,-140.5430908203125,883.5406494140625,,,,,0.0,0.0,0.0,-3.7490012645721436,1.6264668703079224,27.02912712097168,27.02912712097168
170,8,1464.5772705078125,439.0154724121094,1464.5772705078125,439.0154724121094,1464.5772705078125,439.0154724121094,,,,,0.0,0.0,0.0,-0.022647574543952942,-0.02576284669339657,1.92391836643219,1.92391836643219
170,9,1610.785888671875,433.1578369140625,1610.785888671875,433.1578369140625,1610.785888671875,433.1578369140625,,,,,0.0,0.0,0.0,0.1847219318151474,0.13415399193763733,2.034011125564575,2.034011125564575
170,11,653.5863037109375,566.0658569335938,653.5863037109375,566.0658569335938,653.5863037109375,566.0658569335938,,,,,0.0,0.0,0.0,-8.459915161132812,3.326437473297119,1.466548204421997,1.466548204421997
170,12,219.66583251953125,841.3450317382812,219.66583251953125,841.3450317382812,219.66583251953125,841.3450317382812,,,,,0.0,0.0,0.0,1.0072647333145142,-0.41623514890670776,1.8999488353729248,1.8999488353729248
170,13,1484.05859375,332.0209045410156,1484.05859375,332.0209045410156,1484.05859375,332.0209045410156,,,,,0.0,0.0,0.0,-0.3034171760082245,-0.39150798320770264,1.4867937564849854,1.4867937564849854
171,0,562.3446044921875,693.3815307617188,562.3446044921875,693.3815307617188,562.3446044921875,693.3815307617188,,,,,0.0,0.0,0.0,0.004622161388397217,0.02463909424841404,1.1253362894058228,1.1253362894058228
171,1,442.70849609375,745.2454833984375,442.70849609375,745.2454833984375,442.70849609375,745.2454833984375,,,,,0.0,0.0,0.0,-0.2765312194824219,0.07642531394958496,1.0404341220855713,1.0404341220855713
171,2,704.1559448242188,620.62451171875,704.1559448242188,620.62451171875,704.1559448242188,620.62451171875,,,,,0.0,0.0,0.0,0.0029379071202129126,0.03816600143909454,1.139190673828125,1.139190673828125
171,3,-10.37057876586914,780.85302734375,-10.37057876586914,780.85302734375,-10.37057876586914,780.85302734375,,,,,0.0,0.0,0.0,-8.696332931518555,3.635648727416992,1.7404130697250366,1.7404130697250366
171,5,1747.1995849609375,454.9850158691406,1747.1995849609375,454.9850158691406,1747.1995849609375,454.9850158691406,,,,,0.0,0.0,0.0,-0.07936053723096848,0.15110285580158234,1.0551393032073975,1.0551393032073975
171,6,1592.5875244140625,438.96759033203125,1592.5875244140625,438.96759033203125,1592.5875244140625,438.96759033203125,,,,,0.0,0.0,0.0,-3.223827600479126,-0.5394765138626099,1.1187933683395386,1.1187933683395386
171,7,-144.29209899902344,885.1671142578125,-144.29209899902344,885.1671142578125,-144.29209899902344,885.1671142578125,,,,,0.0,0.0,0.0,-3.636531352996826,1.5776729583740234,29.064149856567383,29.064149856567383
171,8,1464.6966552734375,439.12249755859375,1464.6966552734375,439.12249755859375,1464.6966552734375,439.12249755859375,,,,,0.0,0.0,0.0,-0.012619860470294952,-0.01638995297253132,1.0537489652633667,1.0537489652633667
171,9,1610.373779296875,432.80743408203125,1610.373779296875,432.80743408203125,1610.373779296875,432.80743408203125,,,,,0.0,0.0,0.0,0.14091502130031586,0.09858881682157516,1.0845799446105957,1.0845799446105957
171,11,634.5195922851562,571.8980712890625,634.5195922851562,571.8980712890625,634.5195922851562,571.8980712890625,,,,,0.0,0.0,0.0,-9.24916934967041,3.512892723083496,0.922480583190918,0.922480583190918
171,12,221.49647521972656,839.3009033203125,221.49647521972656,839.3009033203125,221.49647521972656,839.3009033203125,,,,,0.0,0.0,0.0,1.0811707973480225,-0.5623515248298645,1.069246530532837,1.069246530532837
171,13,1482.3248291015625,329.9988098144531,1482.3248291015625,329.9988098144531,1482.3248291015625,329.9988098144531,,,,,0.0,0.0,0.0,-0.4108363687992096,-0.5139714479446411,0.9300565719604492,0.9300565719604492
172,0,562.3492431640625,693.4061889648438,562.3492431640625,693.4061889648438,562.3492431640625,693.4061889648438,,,,,0.0,0.0,0.0,0.004483496770262718,0.023899922147393227,1.3290950059890747,1.3290950059890747
172,1,444.1611633300781,744.4401245117188,444.1611633300781,744.4401245117188,444.1611633300781,744.4401245117188,,,,,0.0,0.0,0.0,-0.12226179987192154,-0.002240449655801058,1.2069227695465088,1.2069227695465088
172,2,704.1588745117188,620.6626586914062,704.1588745117188,620.6626586914062,704.1588745117188,620.6626586914062,,,,,0.0,0.0,0.0,0.002849770011380315,0.03702102228999138,1.3499295711517334,1.3499295711517334
172,3,-17.25048828125,784.9998168945312,-17.25048828125,784.9998168945312,-17.25048828125,784.9998168945312,,,,,0.0,0.0,0.0,-8.562544822692871,3.673297882080078,1.9001740217208862,1.9001740217208862
172,5,1747.1202392578125,455.1361083984375,1747.1202392578125,455.1361083984375,1747.1202392578125,455.1361083984375,,,,,0.0,0.0,0.0,-0.07697972655296326,0.14656977355480194,1.2265052795410156,1.2265052795410156
172,6,1589.3636474609375,438.4281005859375,1589.3636474609375,438.4281005859375,1589.3636474609375,438.4281005859375,,,,,0.0,0.0,0.0,-3.127112865447998,-0.5232922434806824,1.3193265199661255,1.3193265199661255
172,7,-147.9286346435547,886.7448120117188,-147.9286346435547,886.7448120117188,-147.9286346435547,886.7448120117188,,,,,0.0,0.0,0.0,-3.527435541152954,1.5303428173065186,31.20133399963379,31.20133399963379
172,8,1464.68408203125,439.1061096191406,1464.68408203125,439.1061096191406,1464.68408203125,439.1061096191406,,,,,0.0,0.0,0.0,-0.012241264805197716,-0.01589825563132763,1.2245198488235474,1.2245198488235474
172,9,1610.5146484375,432.9060363769531,1610.5146484375,432.9060363769531,1610.5146484375,432.9060363769531,,,,,0.0,0.0,0.0,0.13668757677078247,0.09563115239143372,1.26914644241333,1.26914644241333
172,11,625.1234130859375,575.7101440429688,625.1234130859375,575.7101440429688,625.1234130859375,575.7101440429688,,,,,0.0,0.0,0.0,-9.260336875915527,3.535614252090454,1.0431474447250366,1.0431474447250366
172,12,222.22642517089844,839.1400146484375,222.22642517089844,839.1400146484375,222.22642517089844,839.1400146484375,,,,,0.0,0.0,0.0,1.0486308336257935,-0.5251541137695312,1.248957633972168,1.248957633972168
172,13,1481.99755859375,329.74951171875,1481.99755859375,329.74951171875,1481.99755859375,329.74951171875,,,,,0.0,0.0,0.0,-0.40442362427711487,-0.49366137385368347,1.0532130002975464,1.0532130002975464
173,0,562.3536987304688,693.4301147460938,562.3536987304688,693.4301147460938,562.3536987304688,693.4301147460938,,,,,0.0,0.0,0.0,0.00434899190440774,0.023182924836874008,1.572320818901062,1.572320818901062
173,1,445.9573974609375,743.4588012695312,445.9573974609375,743.4588012695312,445.9573974609375,743.4588012695312,,,,,0.0,0.0,0.0,0.05044655129313469,-0.09037717431783676,1.3930041790008545,1.3930041790008545
173,2,704.1617431640625,620.69970703125,704.1617431640625,620.69970703125,704.1617431640625,620.69970703125,,,,,0.0,0.0,0.0,0.0027642769273370504,0.03591039404273033,1.602358341217041,1.602358341217041
173,3,-25.813034057617188,788.673095703125,-25.813034057617188,788.673095703125,-25.813034057617188,788.673095703125,,,,,0.0,0.0,0.0,-8.305668830871582,3.5630991458892822,2.206965923309326,2.206965923309326
173,5,1747.043212890625,455.2826843261719,1747.043212890625,455.2826843261719,1747.043212890625,455.2826843261719,,,,,0.0,0.0,0.0,-0.07467033714056015,0.1421726793050766,1.4276612997055054,1.4276612997055054
173,6,1586.236572265625,437.9048156738281,1586.236572265625,437.9048156738281,1586.236572265625,437.9048156738281,,,,,0.0,0.0,0.0,-3.033299684524536,-0.5075935125350952,1.5583159923553467,1.5583159923553467
173,7,-151.45606994628906,888.275146484375,-151.45606994628906,888.275146484375,-151.45606994628906,888.275146484375,,,,,0.0,0.0,0.0,-3.421612501144409,1.484432578086853,33.44318771362305,33.44318771362305
173,8,1464.671875,439.0902099609375,1464.671875,439.0902099609375,1464.671875,439.0902099609375,,,,,0.0,0.0,0.0,-0.01187402755022049,-0.0154213085770607,1.4249128103256226,1.4249128103256226
173,9,1610.6513671875,433.0016784667969,1610.6513671875,433.0016784667969,1610.6513671875,433.0016784667969,,,,,0.0,0.0,0.0,0.13258695602416992,0.09276221692562103,1.4872136116027832,1.4872136116027832
173,11,615.7388916015625,579.5778198242188,615.7388916015625,579.5778198242188,615.7388916015625,579.5778198242188,,,,,0.0,0.0,0.0,-9.269834518432617,3.561002731323242,1.1755117177963257,1.1755117177963257
173,12,222.82310485839844,839.0961303710938,222.82310485839844,839.0961303710938,222.82310485839844,839.0961303710938,,,,,0.0,0.0,0.0,1.0063564777374268,-0.4801391065120697,1.450793981552124,1.450793981552124
173,13,1481.6934814453125,329.5654296875,1481.6934814453125,329.5654296875,1481.6934814453125,329.5654296875,,,,,0.0,0.0,0.0,-0.3966699540615082,-0.4697294533252716,1.1885452270507812,1.1885452270507812
174,0,562.3580322265625,693.4533081054688,562.3580322265625,693.4533081054688,562.3580322265625,693.4533081054688,,,,,0.0,0.0,0.0,0.00421852245926857,0.02248743735253811,1.8584524393081665,1.8584524393081665
174,1,448.1004943847656,742.3045654296875,448.1004943847656,742.3045654296875,448.1004943847656,742.3045654296875,,,,,0.0,0.0,0.0,0.23795512318611145,-0.1857025921344757,1.5945237874984741,1.5945237874984741
174,2,704.1644897460938,620.735595703125,704.1644897460938,620.735595703125,704.1644897460938,620.735595703125,,,,,0.0,0.0,0.0,0.002681348705664277,0.03483308479189873,1.9001774787902832,1.9001774787902832
174,3,-34.11870193481445,792.2362060546875,-34.11870193481445,792.2362060546875,-34.11870193481445,792.2362060546875,,,,,0.0,0.0,0.0,-8.056498527526855,3.4562063217163086,2.55289626121521,2.55289626121521
174,5,1746.968505859375,455.42486572265625,1746.968505859375,455.42486572265625,1746.968505859375,455.42486572265625,,,,,0.0,0.0,0.0,-0.07243023067712784,0.1379075050354004,1.6609634160995483,1.6609634160995483
174,6,1583.2032470703125,437.397216796875,1583.2032470703125,437.397216796875,1583.2032470703125,437.397216796875,,,,,0.0,0.0,0.0,-2.942300796508789,-0.4923657178878784,1.8390824794769287,1.8390824794769287
174,7,-154.877685546875,889.7595825195312,-154.877685546875,889.7595825195312,-154.877685546875,889.7595825195312,,,,,0.0,0.0,0.0,-3.3189642429351807,1.4398996829986572,35.79222106933594,35.79222106933594
174,8,1464.6600341796875,439.0747985839844,1464.6600341796875,439.0747985839844,1464.6600341796875,439.0747985839844,,,,,0.0,0.0,0.0,-0.01151780690997839,-0.014958669431507587,1.65726637840271,1.65726637840271
174,9,1610.783935546875,433.0944519042969,1610.783935546875,433.0944519042969,1610.783935546875,433.0944519042969,,,,,0.0,0.0,0.0,0.12860934436321259,0.08997935056686401,1.7415716648101807,1.7415716648101807
174,11,605.849365234375,583.7191772460938,605.849365234375,583.7191772460938,605.849365234375,583.7191772460938,,,,,0.0,0.0,0.0,-9.317086219787598,3.6052589416503906,1.317495346069336,1.317495346069336
174,12,223.39247131347656,839.0532836914062,223.39247131347656,839.0532836914062,223.39247131347656,839.0532836914062,,,,,0.0,0.0,0.0,0.9656957983970642,-0.43944817781448364,1.6698520183563232,1.6698520183563232
174,13,1481.4156494140625,329.4374694824219,1481.4156494140625,329.4374694824219,1481.4156494140625,329.4374694824219,,,,,0.0,0.0,0.0,-0.38750579953193665,-0.44337767362594604,1.3338693380355835,1.3338693380355835
175,0,562.3622436523438,693.4757690429688,562.3622436523438,693.4757690429688,562.3622436523438,693.4757690429688,,,,,0.0,0.0,0.0,0.004091966897249222,0.021812815219163895,2.1909282207489014,2.1909282207489014
175,1,450.5513610839844,740.9916381835938,450.5513610839844,740.9916381835938,450.5513610839844,740.9916381835938,,,,,0.0,0.0,0.0,0.43352779746055603,-0.2853218615055084,1.8062669038772583,1.8062669038772583
175,2,704.1671752929688,620.7704467773438,704.1671752929688,620.7704467773438,704.1671752929688,620.7704467773438,,,,,0.0,0.0,0.0,0.0026009082794189453,0.03378809243440628,2.2470877170562744,2.2470877170562744
175,3,-42.175201416015625,795.6923828125,-42.175201416015625,795.6923828125,-42.175201416015625,795.6923828125,,,,,0.0,0.0,0.0,-7.814803600311279,3.352520227432251,2.940335750579834,2.940335750579834
175,5,1746.8961181640625,455.5627746582031,1746.8961181640625,455.5627746582031,1746.8961181640625,455.5627746582031,,,,,0.0,0.0,0.0,-0.07025732845067978,0.13377028703689575,1.9287679195404053,1.9287679195404053
175,6,1580.260986328125,436.90484619140625,1580.260986328125,436.90484619140625,1580.260986328125,436.90484619140625,,,,,0.0,0.0,0.0,-2.854031801223755,-0.4775947630405426,2.164947032928467,2.164947032928467
175,7,-158.1966552734375,891.199462890625,-158.1966552734375,891.199462890625,-158.1966552734375,891.199462890625,,,,,0.0,0.0,0.0,-3.219395399093628,1.396702766418457,38.25094223022461,38.25094223022461
175,8,1464.6485595703125,439.0598449707031,1464.6485595703125,439.0598449707031,1464.6485595703125,439.0598449707031,,,,,0.0,0.0,0.0,-0.011172273196280003,-0.01450990978628397,1.923918604850769,1.923918604850769
175,9,1610.91259765625,433.1844177246094,1610.91259765625,433.1844177246094,1610.91259765625,433.1844177246094,,,,,0.0,0.0,0.0,0.12475106865167618,0.08727997541427612,2.035011053085327,2.035011053085327
175,11,596.3270263671875,587.7642822265625,596.3270263671875,587.7642822265625,596.3270263671875,587.7642822265625,,,,,0.0,0.0,0.0,-9.332587242126465,3.638467788696289,1.4665477275848389,1.4665477275848389
175,12,223.81988525390625,839.111572265625,223.81988525390625,839.111572265625,223.81988525390625,839.111572265625,,,,,0.0,0.0,0.0,0.9163541793823242,-0.3938239812850952,1.8999488353729248,1.8999488353729248
175,13,1481.168701171875,329.372802734375,1481.168701171875,329.372802734375,1481.168701171875,329.372802734375,,,,,0.0,0.0,0.0,-0.3767754137516022,-0.41446349024772644,1.48650062084198,1.48650062084198
176,0,562.2047729492188,693.483154296875,562.2047729492188,693.483154296875,562.2047729492188,693.483154296875,,,,,0.0,0.0,0.0,-0.008358517661690712,0.020701400935649872,1.1253364086151123,1.1253364086151123
176,1,442.68524169921875,744.8710327148438,442.68524169921875,744.8710327148438,442.68524169921875,744.8710327148438,,,,,0.0,0.0,0.0,-0.28570255637168884,0.07558377087116241,1.040433645248413,1.040433645248413
176,2,704.245849609375,620.3143920898438,704.245849609375,620.3143920898438,704.245849609375,620.3143920898438,,,,,0.0,0.0,0.0,0.00855979323387146,-0.004585168324410915,1.139190673828125,1.139190673828125
176,3,-49.99000549316406,799.044921875,-49.99000549316406,799.044921875,-49.99000549316406,799.044921875,,,,,0.0,0.0,0.0,-7.580359935760498,3.2519447803497314,3.371654987335205,3.371654987335205
176,5,1747.2071533203125,455.02392578125,1747.2071533203125,455.02392578125,1747.2071533203125,455.02392578125,,,,,0.0,0.0,0.0,-0.04329655319452286,0.08621441572904587,1.0551398992538452,1.0551398992538452
176,6,1593.7059326171875,439.21331787109375,1593.7059326171875,439.21331787109375,1593.7059326171875,439.21331787109375,,,,,0.0,0.0,0.0,-1.607958197593689,-0.2645978629589081,1.1187933683395386,1.1187933683395386
176,7,-161.41604614257812,892.59619140625,-161.41604614257812,892.59619140625,-161.41604614257812,892.59619140625,,,,,0.0,0.0,0.0,-3.1228137016296387,1.3548017740249634,40.82185745239258,40.82185745239258
176,8,1464.70263671875,439.1281433105469,1464.70263671875,439.1281433105469,1464.70263671875,439.1281433105469,,,,,0.0,0.0,0.0,-0.006560159847140312,-0.008665326982736588,1.0537489652633667,1.0537489652633667
176,9,1610.3958740234375,432.976318359375,1610.3958740234375,432.976318359375,1610.3958740234375,432.976318359375,,,,,0.0,0.0,0.0,0.07770971953868866,0.06562002748250961,1.0847357511520386,1.0847357511520386
176,11,578.4418334960938,593.0863647460938,578.4418334960938,593.0863647460938,578.4418334960938,593.0863647460938,,,,,0.0,0.0,0.0,-9.968989372253418,3.763746738433838,0.9224805235862732,0.9224805235862732
176,12,225.64715576171875,837.0559692382812,225.64715576171875,837.0559692382812,225.64715576171875,837.0559692382812,,,,,0.0,0.0,0.0,0.9981179237365723,-0.5429893732070923,1.069246530532837,1.069246530532837
176,13,1480.229248046875,327.76611328125,1480.229248046875,327.76611328125,1480.229248046875,327.76611328125,,,,,0.0,0.0,0.0,-0.4190921187400818,-0.5041420459747314,0.9300929307937622,0.9300929307937622
177,0,562.1964111328125,693.5038452148438,562.1964111328125,693.5038452148438,562.1964111328125,693.5038452148438,,,,,0.0,0.0,0.0,-0.008107762783765793,0.020080359652638435,1.3290952444076538,1.3290952444076538
177,1,444.17041015625,744.0442504882812,444.17041015625,744.0442504882812,444.17041015625,744.0442504882812,,,,,0.0,0.0,0.0,-0.12771543860435486,-0.0049179489724338055,1.206922173500061,1.206922173500061
177,2,704.25439453125,620.309814453125,704.25439453125,620.309814453125,704.25439453125,620.309814453125,,,,,0.0,0.0,0.0,0.008302999660372734,-0.004447613377124071,1.3499295711517334,1.3499295711517334
177,3,-57.57036590576172,802.296875,-57.57036590576172,802.296875,-57.57036590576172,802.296875,,,,,0.0,0.0,0.0,-7.352949142456055,3.154386520385742,3.84922456741333,3.84922456741333
177,5,1747.163818359375,455.1101379394531,1747.163818359375,455.1101379394531,1747.163818359375,455.1101379394531,,,,,0.0,0.0,0.0,-0.04199765622615814,0.08362798392772675,1.2265061140060425,1.2265061140060425
177,6,1592.0980224609375,438.94873046875,1592.0980224609375,438.94873046875,1592.0980224609375,438.94873046875,,,,,0.0,0.0,0.0,-1.559719443321228,-0.25665992498397827,1.3193265199661255,1.3193265199661255
177,7,-164.5388641357422,893.9509887695312,-164.5388641357422,893.9509887695312,-164.5388641357422,893.9509887695312,,,,,0.0,0.0,0.0,-3.0291292667388916,1.3141577243804932,43.507476806640625,43.507476806640625
177,8,1464.696044921875,439.1194763183594,1464.696044921875,439.1194763183594,1464.696044921875,439.1194763183594,,,,,0.0,0.0,0.0,-0.006363355088979006,-0.008405367843806744,1.2245198488235474,1.2245198488235474
177,9,1610.4736328125,433.04193115234375,1610.4736328125,433.04193115234375,1610.4736328125,433.04193115234375,,,,,0.0,0.0,0.0,0.0753784328699112,0.0636514276266098,1.2692441940307617,1.2692441940307617
177,11,568.4529418945312,597.2340087890625,568.4529418945312,597.2340087890625,568.4529418945312,597.2340087890625,,,,,0.0,0.0,0.0,-9.970499992370605,3.7928998470306396,1.0431474447250366,1.0431474447250366
177,12,226.27635192871094,836.90771484375,226.27635192871094,836.90771484375,226.27635192871094,836.90771484375,,,,,0.0,0.0,0.0,0.9639372825622559,-0.5064177513122559,1.248957633972168,1.248957633972168
177,13,1479.94287109375,327.5677490234375,1479.94287109375,327.5677490234375,1479.94287109375,327.5677490234375,,,,,0.0,0.0,0.0,-0.4088989198207855,-0.4806562066078186,1.0534418821334839,1.0534418821334839
178,0,562.1882934570312,693.52392578125,562.1882934570312,693.52392578125,562.1882934570312,693.52392578125,,,,,0.0,0.0,0.0,-0.007864530198276043,0.019477948546409607,1.5723212957382202,1.5723212957382202
178,1,446.02398681640625,743.0322265625,446.02398681640625,743.0322265625,446.02398681640625,743.0322265625,,,,,0.0,0.0,0.0,0.05064556375145912,-0.09557738900184631,1.3930035829544067,1.3930035829544067
178,2,704.2626953125,620.3053588867188,704.2626953125,620.3053588867188,704.2626953125,620.3053588867188,,,,,0.0,0.0,0.0,0.008053909987211227,-0.004314185120165348,1.6023582220077515,1.6023582220077515
178,3,-64.9233169555664,805.4512329101562,-64.9233169555664,805.4512329101562,-64.9233169555664,805.4512329101562,,,,,0.0,0.0,0.0,-7.132360935211182,3.0597550868988037,4.375415325164795,4.375415325164795
178,5,1747.121826171875,455.1937561035156,1747.121826171875,455.1937561035156,1747.121826171875,455.1937561035156,,,,,0.0,0.0,0.0,-0.04073772951960564,0.08111914992332458,1.4276623725891113,1.4276623725891113
178,6,1590.538330078125,438.69207763671875,1590.538330078125,438.69207763671875,1590.538330078125,438.69207763671875,,,,,0.0,0.0,0.0,-1.5129278898239136,-0.24896013736724854,1.5583159923553467,1.5583159923553467
178,7,-167.5679931640625,895.26513671875,-167.5679931640625,895.26513671875,-167.5679931640625,895.26513671875,,,,,0.0,0.0,0.0,-2.938255548477173,1.274733066558838,46.31031036376953,46.31031036376953
178,8,1464.689697265625,439.111083984375,1464.689697265625,439.111083984375,1464.689697265625,439.111083984375,,,,,0.0,0.0,0.0,-0.006172454450279474,-0.008153206668794155,1.4249128103256226,1.4249128103256226
178,9,1610.549072265625,433.1055908203125,1610.549072265625,433.1055908203125,1610.549072265625,433.1055908203125,,,,,0.0,0.0,0.0,0.07311708480119705,0.06174188479781151,1.487377643585205,1.487377643585205
178,11,558.0107421875,601.6337890625,558.0107421875,601.6337890625,558.0107421875,601.6337890625,,,,,0.0,0.0,0.0,-10.006566047668457,3.8393044471740723,1.1755117177963257,1.1755117177963257
178,12,226.78182983398438,836.8555908203125,226.78182983398438,836.8555908203125,226.78182983398438,836.8555908203125,,,,,0.0,0.0,0.0,0.9210541844367981,-0.4639234244823456,1.450793981552124,1.450793981552124
178,13,1479.6907958984375,327.4106750488281,1479.6907958984375,327.4106750488281,1479.6907958984375,327.4106750488281,,,,,0.0,0.0,0.0,-0.3967687487602234,-0.45562613010406494,1.1889197826385498,1.1889197826385498
179,0,562.180419921875,693.5433959960938,562.180419921875,693.5433959960938,562.180419921875,693.5433959960938,,,,,0.0,0.0,0.0,-0.007628594525158405,0.018893610686063766,1.8584529161453247,1.8584529161453247
179,1,448.2166748046875,741.8458862304688,448.2166748046875,741.8458862304688,448.2166748046875,741.8458862304688,,,,,0.0,0.0,0.0,0.24258027970790863,-0.1933133900165558,1.5945230722427368,1.5945230722427368
179,2,704.270751953125,620.301025390625,704.270751953125,620.301025390625,704.270751953125,620.301025390625,,,,,0.0,0.0,0.0,0.007812292780727148,-0.004184759687632322,1.900177240371704,1.900177240371704
179,3,-72.05567932128906,808.510986328125,-72.05567932128906,808.510986328125,-72.05567932128906,808.510986328125,,,,,0.0,0.0,0.0,-6.918390274047852,2.9679625034332275,4.952597618103027,4.952597618103027
179,5,1747.0810546875,455.2748718261719,1747.0810546875,455.2748718261719,1747.0810546875,455.2748718261719,,,,,0.0,0.0,0.0,-0.039515599608421326,0.07868557423353195,1.660964846611023,1.660964846611023
179,6,1589.025390625,438.443115234375,1589.025390625,438.443115234375,1589.025390625,438.443115234375,,,,,0.0,0.0,0.0,-1.4675401449203491,-0.24149134755134583,1.8390824794769287,1.8390824794769287
179,7,-170.50625610351562,896.5398559570312,-170.50625610351562,896.5398559570312,-170.50625610351562,896.5398559570312,,,,,0.0,0.0,0.0,-2.8501079082489014,1.236491084098816,49.23286437988281,49.23286437988281
179,8,1464.6834716796875,439.1029357910156,1464.6834716796875,439.1029357910156,1464.6834716796875,439.1029357910156,,,,,0.0,0.0,0.0,-0.005987280979752541,-0.007908610627055168,1.65726637840271,1.65726637840271
179,9,1610.6221923828125,433.1673278808594,1610.6221923828125,433.1673278808594,1610.6221923828125,433.1673278808594,,,,,0.0,0.0,0.0,0.0709235742688179,0.05988962948322296,1.7419264316558838,1.7419264316558838
179,11,547.9385375976562,605.9606323242188,547.9385375976562,605.9606323242188,547.9385375976562,605.9606323242188,,,,,0.0,0.0,0.0,-10.011567115783691,3.8764827251434326,1.317495346069336,1.317495346069336
179,12,227.1686248779297,836.90283203125,227.1686248779297,836.90283203125,227.1686248779297,836.90283203125,,,,,0.0,0.0,0.0,0.8713443875312805,-0.41636353731155396,1.6698520183563232,1.6698520183563232
179,13,1479.483154296875,327.32391357421875,1479.483154296875,327.32391357421875,1479.483154296875,327.32391357421875,,,,,0.0,0.0,0.0,-0.38218197226524353,-0.4271773397922516,1.3343417644500732,1.3343417644500732
180,0,562.1727905273438,693.5623168945312,562.1727905273438,693.5623168945312,562.1727905273438,693.5623168945312,,,,,0.0,0.0,0.0,-0.007399736903607845,0.01832680217921734,2.1909289360046387,2.1909289360046387
180,1,448.4592590332031,741.652587890625,448.4592590332031,741.652587890625,448.4592590332031,741.652587890625,,,,,0.0,0.0,0.0,0.2353028804063797,-0.18751399219036102,1.9219868183135986,1.9219868183135986
180,2,704.278564453125,620.2968139648438,704.278564453125,620.2968139648438,704.278564453125,620.2968139648438,,,,,0.0,0.0,0.0,0.007577924057841301,-0.0040592169389128685,2.2470874786376953,2.2470874786376953
180,3,-78.97406768798828,811.4789428710938,-78.97406768798828,811.4789428710938,-78.97406768798828,811.4789428710938,,,,,0.0,0.0,0.0,-6.710838794708252,2.8789236545562744,5.583142280578613,5.583142280578613
180,5,1747.04150390625,455.3535461425781,1747.04150390625,455.3535461425781,1747.04150390625,455.3535461425781,,,,,0.0,0.0,0.0,-0.03833013400435448,0.07632500678300858,1.9287697076797485,1.9287697076797485
180,6,1587.557861328125,438.2016296386719,1587.557861328125,438.2016296386719,1587.557861328125,438.2016296386719,,,,,0.0,0.0,0.0,-1.4235140085220337,-0.2342466115951538,2.164947032928467,2.164947032928467
180,7,-173.3563690185547,897.7763671875,-173.3563690185547,897.7763671875,-173.3563690185547,897.7763671875,,,,,0.0,0.0,0.0,-2.7646048069000244,1.1993963718414307,52.27764892578125,52.27764892578125
180,8,1464.677490234375,439.09503173828125,1464.677490234375,439.09503173828125,1464.677490234375,439.09503173828125,,,,,0.0,0.0,0.0,-0.005807662848383188,-0.0076713524758815765,1.923918604850769,1.923918604850769
180,9,1610.693115234375,433.2272033691406,1610.693115234375,433.2272033691406,1610.693115234375,433.2272033691406,,,,,0.0,0.0,0.0,0.06879586726427078,0.05809294059872627,2.0356807708740234,2.0356807708740234
180,11,537.9269409179688,609.8370971679688,537.9269409179688,609.8370971679688,537.9269409179688,609.8370971679688,,,,,0.0,0.0,0.0,-9.711220741271973,3.760188341140747,1.5419247150421143,1.5419247150421143
180,12,227.49478149414062,836.955810546875,227.49478149414062,836.955810546875,227.49478149414062,836.955810546875,,,,,0.0,0.0,0.0,0.8213698863983154,-0.3733386993408203,1.8999488353729248,1.8999488353729248
180,13,1479.31005859375,327.2718811035156,1479.31005859375,327.2718811035156,1479.31005859375,327.2718811035156,,,,,0.0,0.0,0.0,-0.36621618270874023,-0.39853549003601074,1.4870243072509766,1.4870243072509766
181,0,562.281005859375,693.5623168945312,562.281005859375,693.5623168945312,562.281005859375,693.5623168945312,,,,,0.0,0.0,0.0,0.0015074536204338074,0.01691371761262417,1.1253366470336914,1.1253366470336914
181,1,441.3479309082031,745.4029541015625,441.3479309082031,745.4029541015625,441.3479309082031,745.4029541015625,,,,,0.0,0.0,0.0,-0.39895591139793396,0.1524564027786255,1.0709834098815918,1.0709834098815918
181,2,704.378662109375,620.0256958007812,704.378662109375,620.0256958007812,704.378662109375,620.0256958007812,,,,,0.0,0.0,0.0,0.014827718026936054,-0.024977950379252434,1.1391905546188354,1.1391905546188354
181,3,-85.68490600585938,814.3578491210938,-85.68490600585938,814.3578491210938,-85.68490600585938,814.3578491210938,,,,,0.0,0.0,0.0,-6.509513854980469,2.792556047439575,6.269420146942139,6.269420146942139
181,5,1747.358642578125,454.8404846191406,1747.358642578125,454.8404846191406,1747.358642578125,454.8404846191406,,,,,0.0,0.0,0.0,-0.013195259496569633,0.034652113914489746,1.055140495300293,1.055140495300293
181,6,1586.1343994140625,437.9673767089844,1586.1343994140625,437.9673767089844,1586.1343994140625,437.9673767089844,,,,,0.0,0.0,0.0,-1.3808085918426514,-0.22721922397613525,2.5392303466796875,2.5392303466796875
181,7,-176.1209716796875,898.9757690429688,-176.1209716796875,898.9757690429688,-176.1209716796875,898.9757690429688,,,,,0.0,0.0,0.0,-2.681666851043701,1.163414478302002,55.447174072265625,55.447174072265625
181,8,1464.557861328125,439.07733154296875,1464.557861328125,439.07733154296875,1464.557861328125,439.07733154296875,,,,,0.0,0.0,0.0,-0.013838004320859909,-0.00838064681738615,1.0537489652633667,1.0537489652633667
181,9,1608.5137939453125,437.7035217285156,1608.5137939453125,437.7035217285156,1608.5137939453125,437.7035217285156,,,,,0.0,0.0,0.0,-0.09623165428638458,0.38240846991539,1.0849677324295044,1.0849677324295044
181,11,524.8042602539062,614.2301025390625,524.8042602539062,614.2301025390625,524.8042602539062,614.2301025390625,,,,,0.0,0.0,0.0,-9.964371681213379,3.807147979736328,0.9472078680992126,0.9472078680992126
181,12,227.94320678710938,835.491943359375,227.94320678710938,835.491943359375,227.94320678710938,835.491943359375,,,,,0.0,0.0,0.0,0.7878942489624023,-0.4712211489677429,1.069246530532837,1.069246530532837
181,13,1478.5245361328125,325.5307312011719,1478.5245361328125,325.5307312011719,1478.5245361328125,325.5307312011719,,,,,0.0,0.0,0.0,-0.39774855971336365,-0.49951574206352234,0.9302631616592407,0.9302631616592407
182,0,562.2825317382812,693.5792236328125,562.2825317382812,693.5792236328125,562.2825317382812,693.5792236328125,,,,,0.0,0.0,0.0,0.0014622301096096635,0.016406306996941566,1.329095482826233,1.329095482826233
182,1,440.948974609375,745.555419921875,440.948974609375,745.555419921875,440.948974609375,745.555419921875,,,,,0.0,0.0,0.0,-0.38698723912239075,0.14788271486759186,1.2928357124328613,1.2928357124328613
182,2,704.3934936523438,620.000732421875,704.3934936523438,620.000732421875,704.3934936523438,620.000732421875,,,,,0.0,0.0,0.0,0.014382886700332165,-0.024228611961007118,1.3499294519424438,1.3499294519424438
182,3,-92.19441986083984,817.150390625,-92.19441986083984,817.150390625,-92.19441986083984,817.150390625,,,,,0.0,0.0,0.0,-6.314228534698486,2.7087793350219727,7.013801574707031,7.013801574707031
182,5,1747.345458984375,454.8751220703125,1747.345458984375,454.8751220703125,1747.345458984375,454.8751220703125,,,,,0.0,0.0,0.0,-0.012799401767551899,0.03361255303025246,1.2265068292617798,1.2265068292617798
182,6,1584.7535400390625,437.7401428222656,1584.7535400390625,437.7401428222656,1584.7535400390625,437.7401428222656,,,,,0.0,0.0,0.0,-1.3393843173980713,-0.22040265798568726,2.9652531147003174,2.9652531147003174
182,7,-178.80264282226562,900.13916015625,-178.80264282226562,900.13916015625,-178.80264282226562,900.13916015625,,,,,0.0,0.0,0.0,-2.601217031478882,1.1285120248794556,58.74394607543945,58.74394607543945
182,8,1464.5440673828125,439.0689392089844,1464.5440673828125,439.0689392089844,1464.5440673828125,439.0689392089844,,,,,0.0,0.0,0.0,-0.013422864489257336,-0.00812922790646553,1.2245197296142578,1.2245197296142578
182,9,1608.4176025390625,438.0859375,1608.4176025390625,438.0859375,1608.4176025390625,438.0859375,,,,,0.0,0.0,0.0,-0.09334471076726913,0.37093621492385864,1.2697092294692993,1.2697092294692993
182,11,514.05078125,620.23681640625,514.05078125,620.23681640625,514.05078125,620.23681640625,,,,,0.0,0.0,0.0,-10.024024963378906,3.9734256267547607,1.0693328380584717,1.0693328380584717
182,12,228.43199157714844,835.3765869140625,228.43199157714844,835.3765869140625,228.43199157714844,835.3765869140625,,,,,0.0,0.0,0.0,0.760182797908783,-0.4382528066635132,1.248957633972168,1.248957633972168
182,13,1478.30029296875,325.32110595703125,1478.30029296875,325.32110595703125,1478.30029296875,325.32110595703125,,,,,0.0,0.0,0.0,-0.3844330906867981,-0.4772564470767975,1.0535945892333984,1.0535945892333984
183,0,562.2839965820312,693.5956420898438,562.2839965820312,693.5956420898438,562.2839965820312,693.5956420898438,,,,,0.0,0.0,0.0,0.0014183633029460907,0.01591411791741848,1.5723215341567993,1.5723215341567993
183,1,440.5619812011719,745.7033081054688,440.5619812011719,745.7033081054688,440.5619812011719,745.7033081054688,,,,,0.0,0.0,0.0,-0.3753776252269745,0.14344623684883118,1.5612975358963013,1.5612975358963013
183,2,704.4078979492188,619.9765014648438,704.4078979492188,619.9765014648438,704.4078979492188,619.9765014648438,,,,,0.0,0.0,0.0,0.01395140029489994,-0.02350175380706787,1.602358102798462,1.602358102798462
183,3,-98.50865173339844,819.8591918945312,-98.50865173339844,819.8591918945312,-98.50865173339844,819.8591918945312,,,,,0.0,0.0,0.0,-6.1248016357421875,2.627516031265259,7.818656921386719,7.818656921386719
183,5,1747.3326416015625,454.9087219238281,1747.3326416015625,454.9087219238281,1747.3326416015625,454.9087219238281,,,,,0.0,0.0,0.0,-0.012415420264005661,0.03260417655110359,1.4276633262634277,1.4276633262634277
183,6,1583.4141845703125,437.5197448730469,1583.4141845703125,437.5197448730469,1583.4141845703125,437.5197448730469,,,,,0.0,0.0,0.0,-1.299202799797058,-0.21379058063030243,3.4463367462158203,3.4463367462158203
183,7,-181.4038543701172,901.2677001953125,-181.4038543701172,901.2677001953125,-181.4038543701172,901.2677001953125,,,,,0.0,0.0,0.0,-2.5231804847717285,1.0946567058563232,62.170475006103516,62.170475006103516
183,8,1464.5306396484375,439.0608215332031,1464.5306396484375,439.0608215332031,1464.5306396484375,439.0608215332031,,,,,0.0,0.0,0.0,-0.013020179234445095,-0.007885350845754147,1.424912691116333,1.424912691116333
183,9,1608.32421875,438.4568786621094,1608.32421875,438.4568786621094,1608.32421875,438.4568786621094,,,,,0.0,0.0,0.0,-0.09054437279701233,0.35980814695358276,1.4881635904312134,1.4881635904312134
183,11,503.5638732910156,626.4140014648438,503.5638732910156,626.4140014648438,503.5638732910156,626.4140014648438,,,,,0.0,0.0,0.0,-10.059223175048828,4.141000747680664,1.20274817943573,1.20274817943573
183,12,228.81849670410156,835.3505859375,228.81849670410156,835.3505859375,228.81849670410156,835.3505859375,,,,,0.0,0.0,0.0,0.7252301573753357,-0.39969518780708313,1.450793981552124,1.450793981552124
183,13,1478.1199951171875,325.1784362792969,1478.1199951171875,325.1784362792969,1478.1199951171875,325.1784362792969,,,,,0.0,0.0,0.0,-0.3686542212963104,-0.4513855576515198,1.189026951789856,1.189026951789856
184,0,562.285400390625,693.611572265625,562.285400390625,693.611572265625,562.285400390625,693.611572265625,,,,,0.0,0.0,0.0,0.0013758124550804496,0.015436694957315922,1.8584532737731934,1.8584532737731934
184,1,442.8213195800781,744.4999389648438,442.8213195800781,744.4999389648438,442.8213195800781,744.4999389648438,,,,,0.0,0.0,0.0,-0.14326979219913483,0.02479587309062481,1.7698317766189575,1.7698317766189575
184,2,704.421875,619.9530029296875,704.421875,619.9530029296875,704.421875,619.9530029296875,,,,,0.0,0.0,0.0,0.013532858341932297,-0.02279670163989067,1.900177240371704,1.900177240371704
184,3,-104.63345336914062,822.4866943359375,-104.63345336914062,822.4866943359375,-104.63345336914062,822.4866943359375,,,,,0.0,0.0,0.0,-5.9410576820373535,2.5486905574798584,8.686357498168945,8.686357498168945
184,5,1747.3201904296875,454.9413146972656,1747.3201904296875,454.9413146972656,1747.3201904296875,454.9413146972656,,,,,0.0,0.0,0.0,-0.012042958289384842,0.031626053154468536,1.660965919494629,1.660965919494629
184,6,1582.114990234375,437.30596923828125,1582.114990234375,437.30596923828125,1582.114990234375,437.30596923828125,,,,,0.0,0.0,0.0,-1.2602267265319824,-0.2073768675327301,3.9858014583587646,3.9858014583587646
184,7,-183.92703247070312,902.3623657226562,-183.92703247070312,902.3623657226562,-183.92703247070312,902.3623657226562,,,,,0.0,0.0,0.0,-2.4474852085113525,1.0618170499801636,65.7292709350586,65.7292709350586
184,8,1464.517578125,439.0529479980469,1464.517578125,439.0529479980469,1464.517578125,439.0529479980469,,,,,0.0,0.0,0.0,-0.012629574164748192,-0.007648790720850229,1.6572661399841309,1.6572661399841309
184,9,1608.233642578125,438.8166809082031,1608.233642578125,438.8166809082031,1608.233642578125,438.8166809082031,,,,,0.0,0.0,0.0,-0.08782804757356644,0.34901392459869385,1.7431212663650513,1.7431212663650513
184,11,493.2406921386719,630.97021484375,493.2406921386719,630.97021484375,493.2406921386719,630.97021484375,,,,,0.0,0.0,0.0,-10.079225540161133,4.17246675491333,1.3453164100646973,1.3453164100646973
184,12,229.0737762451172,835.408935546875,229.0737762451172,835.408935546875,229.0737762451172,835.408935546875,,,,,0.0,0.0,0.0,0.6815031170845032,-0.35707569122314453,1.6698520183563232,1.6698520183563232
184,13,1477.977294921875,325.0650329589844,1477.977294921875,325.0650329589844,1477.977294921875,325.0650329589844,,,,,0.0,0.0,0.0,-0.35123905539512634,-0.42532968521118164,1.3343805074691772,1.3343805074691772
185,0,562.2868041992188,693.6270141601562,562.2868041992188,693.6270141601562,562.2868041992188,693.6270141601562,,,,,0.0,0.0,0.0,0.0013345381012186408,0.014973594807088375,2.190929412841797,2.190929412841797
185,1,445.43280029296875,743.1075439453125,445.43280029296875,743.1075439453125,445.43280029296875,743.1075439453125,,,,,0.0,0.0,0.0,0.09517967700958252,-0.09787557274103165,1.9838758707046509,1.9838758707046509
185,2,704.4354248046875,619.93017578125,704.4354248046875,619.93017578125,704.4354248046875,619.93017578125,,,,,0.0,0.0,0.0,0.013126873411238194,-0.022112801671028137,2.2470874786376953,2.2470874786376953
185,3,-110.57450866699219,825.035400390625,-110.57450866699219,825.035400390625,-110.57450866699219,825.035400390625,,,,,0.0,0.0,0.0,-5.762825965881348,2.4722299575805664,9.61927318572998,9.61927318572998
185,5,1747.30810546875,454.9729309082031,1747.30810546875,454.9729309082031,1747.30810546875,454.9729309082031,,,,,0.0,0.0,0.0,-0.01168167032301426,0.030677272006869316,1.9287710189819336,1.9287710189819336
185,6,1580.854736328125,437.0986022949219,1580.854736328125,437.0986022949219,1580.854736328125,437.0986022949219,,,,,0.0,0.0,0.0,-1.2224199771881104,-0.20115557312965393,4.586968421936035,4.586968421936035
185,7,-186.37451171875,903.4241943359375,-186.37451171875,903.4241943359375,-186.37451171875,903.4241943359375,,,,,0.0,0.0,0.0,-2.37406063079834,1.0299625396728516,69.42283630371094,69.42283630371094
185,8,1464.5050048828125,439.0452880859375,1464.5050048828125,439.0452880859375,1464.5050048828125,439.0452880859375,,,,,0.0,0.0,0.0,-0.0122506869956851,-0.007419327273964882,1.92391836643219,1.92391836643219
185,9,1608.1458740234375,439.1656799316406,1608.1458740234375,439.1656799316406,1608.1458740234375,439.1656799316406,,,,,0.0,0.0,0.0,-0.0851932093501091,0.33854350447654724,2.037372350692749,2.037372350692749
185,11,482.8541259765625,635.619384765625,482.8541259765625,635.619384765625,482.8541259765625,635.619384765625,,,,,0.0,0.0,0.0,-10.10228443145752,4.2082295417785645,1.4944515228271484,1.4944515228271484
185,12,229.23648071289062,835.5827026367188,229.23648071289062,835.5827026367188,229.23648071289062,835.5827026367188,,,,,0.0,0.0,0.0,0.6339471340179443,-0.30841487646102905,1.8999488353729248,1.8999488353729248
185,13,1477.8773193359375,324.9904479980469,1477.8773193359375,324.9904479980469,1477.8773193359375,324.9904479980469,,,,,0.0,0.0,0.0,-0.332070529460907,-0.3985620439052582,1.486977219581604,1.486977219581604
186,0,562.2206420898438,693.447265625,562.2206420898438,693.447265625,562.2206420898438,693.447265625,,,,,0.0,0.0,0.0,-0.003867939580231905,-3.0498842534143478e-05,1.1253365278244019,1.1253365278244019
186,1,439.8260498046875,746.1024169921875,439.8260498046875,746.1024169921875,439.8260498046875,746.1024169921875,,,,,0.0,0.0,0.0,-0.3877929747104645,0.16409222781658173,1.084913730621338,1.084913730621338
186,2,704.4619750976562,619.8646240234375,704.4619750976562,619.8646240234375,704.4619750976562,619.8646240234375,,,,,0.0,0.0,0.0,0.014178121462464333,-0.02551710046827793,1.1391905546188354,1.1391905546188354
186,3,-116.33733367919922,827.5076293945312,-116.33733367919922,827.5076293945312,-116.33733367919922,827.5076293945312,,,,,0.0,0.0,0.0,-5.589941501617432,2.3980631828308105,10.61977481842041,10.61977481842041
186,5,1747.4925537109375,454.6283264160156,1747.4925537109375,454.6283264160156,1747.4925537109375,454.6283264160156,,,,,0.0,0.0,0.0,0.0021880476269870996,0.004143354017287493,1.055140733718872,1.055140733718872
186,6,1579.63232421875,436.8974609375,1579.63232421875,436.8974609375,1579.63232421875,436.8974609375,,,,,0.0,0.0,0.0,-1.1857473850250244,-0.1951209157705307,5.253158092498779,5.253158092498779
186,7,-188.74856567382812,904.4541625976562,-188.74856567382812,904.4541625976562,-188.74856567382812,904.4541625976562,,,,,0.0,0.0,0.0,-2.3028388023376465,0.9990636706352234,73.2536849975586,73.2536849975586
186,8,1464.61328125,439.12255859375,1464.61328125,439.12255859375,1464.61328125,439.12255859375,,,,,0.0,0.0,0.0,-0.0037436990533024073,-0.0014419652288779616,1.0537489652633667,1.0537489652633667
186,9,1607.258544921875,440.54449462890625,1607.258544921875,440.54449462890625,1607.258544921875,440.54449462890625,,,,,0.0,0.0,0.0,-0.14411967992782593,0.4149697721004486,1.0854439735412598,1.0854439735412598
186,11,460.782958984375,641.2056884765625,460.782958984375,641.2056884765625,460.782958984375,641.2056884765625,,,,,0.0,0.0,0.0,-10.987140655517578,4.310107231140137,0.9313281178474426,0.9313281178474426
186,12,231.2482452392578,833.6776123046875,231.2482452392578,833.6776123046875,231.2482452392578,833.6776123046875,,,,,0.0,0.0,0.0,0.7576204538345337,-0.4517311453819275,1.069246530532837,1.069246530532837
186,13,1477.324462890625,322.7100524902344,1477.324462890625,322.7100524902344,1477.324462890625,322.7100524902344,,,,,0.0,0.0,0.0,-0.3486705720424652,-0.5400390625,0.9302171468734741,0.9302171468734741
187,0,562.216796875,693.447265625,562.216796875,693.447265625,562.216796875,693.447265625,,,,,0.0,0.0,0.0,-0.0037519014440476894,-2.9583878131234087e-05,1.3290953636169434,1.3290953636169434
187,1,441.2465515136719,745.2991333007812,441.2465515136719,745.2991333007812,441.2465515136719,745.2991333007812,,,,,0.0,0.0,0.0,-0.22989331185817719,0.07962296903133392,1.2510933876037598,1.2510933876037598
187,2,704.4761352539062,619.839111328125,704.4761352539062,619.839111328125,704.4761352539062,619.839111328125,,,,,0.0,0.0,0.0,0.013752778060734272,-0.024751588702201843,1.3499294519424438,1.3499294519424438
187,3,-121.92727661132812,829.9057006835938,-121.92727661132812,829.9057006835938,-121.92727661132812,829.9057006835938,,,,,0.0,0.0,0.0,-5.422243595123291,2.3261213302612305,11.69023323059082,11.69023323059082
187,5,1747.4947509765625,454.6324768066406,1747.4947509765625,454.6324768066406,1747.4947509765625,454.6324768066406,,,,,0.0,0.0,0.0,0.0021224061492830515,0.004019053652882576,1.2265071868896484,1.2265071868896484
187,6,1578.446533203125,436.70233154296875,1578.446533203125,436.70233154296875,1578.446533203125,436.70233154296875,,,,,0.0,0.0,0.0,-1.1501749753952026,-0.18926729261875153,5.987691879272461,5.987691879272461
187,7,-191.05140686035156,905.4532470703125,-191.05140686035156,905.4532470703125,-191.05140686035156,905.4532470703125,,,,,0.0,0.0,0.0,-2.2337536811828613,0.9690917730331421,77.22432708740234,77.22432708740234
187,8,1464.6094970703125,439.1211242675781,1464.6094970703125,439.1211242675781,1464.6094970703125,439.1211242675781,,,,,0.0,0.0,0.0,-0.0036313883028924465,-0.001398706343024969,1.2245198488235474,1.2245198488235474
187,9,1607.1143798828125,440.95947265625,1607.1143798828125,440.95947265625,1607.1143798828125,440.95947265625,,,,,0.0,0.0,0.0,-0.13979609310626984,0.40252068638801575,1.2704124450683594,1.2704124450683594
187,11,449.788818359375,645.8604736328125,449.788818359375,645.8604736328125,449.788818359375,645.8604736328125,,,,,0.0,0.0,0.0,-10.987667083740234,4.336124420166016,1.0517852306365967,1.0517852306365967
187,12,231.6162567138672,833.63818359375,231.6162567138672,833.63818359375,231.6162567138672,833.63818359375,,,,,0.0,0.0,0.0,0.7215243577957153,-0.4135311245918274,1.248957633972168,1.248957633972168
187,13,1477.1630859375,322.4783020019531,1477.1630859375,322.4783020019531,1477.1630859375,322.4783020019531,,,,,0.0,0.0,0.0,-0.33430179953575134,-0.5163764357566833,1.053484320640564,1.053484320640564
188,0,562.2130737304688,693.447265625,562.2130737304688,693.447265625,562.2130737304688,693.447265625,,,,,0.0,0.0,0.0,-0.0036393445916473866,-2.8696362278424203e-05,1.5723214149475098,1.5723214149475098
188,1,441.461669921875,742.8010864257812,441.461669921875,742.8010864257812,441.461669921875,742.8010864257812,,,,,0.0,0.0,0.0,-0.19060693681240082,-0.14793556928634644,1.4360190629959106,1.4360190629959106
188,2,704.4898681640625,619.8143310546875,704.4898681640625,619.8143310546875,704.4898681640625,619.8143310546875,,,,,0.0,0.0,0.0,0.013340194709599018,-0.024009041488170624,1.602358102798462,1.602358102798462
188,3,-127.34951782226562,832.2318115234375,-127.34951782226562,832.2318115234375,-127.34951782226562,832.2318115234375,,,,,0.0,0.0,0.0,-5.259576320648193,2.2563376426696777,12.833019256591797,12.833019256591797
188,5,1747.496826171875,454.6365051269531,1747.496826171875,454.6365051269531,1747.496826171875,454.6365051269531,,,,,0.0,0.0,0.0,0.0020587339531630278,0.003898482071235776,1.4276636838912964,1.4276636838912964
188,6,1577.29638671875,436.5130615234375,1577.29638671875,436.5130615234375,1577.29638671875,436.5130615234375,,,,,0.0,0.0,0.0,-1.1156697273254395,-0.18358927965164185,6.793890476226807,6.793890476226807
188,7,-193.28515625,906.42236328125,-193.28515625,906.42236328125,-193.28515625,906.42236328125,,,,,0.0,0.0,0.0,-2.166741132736206,0.9400190711021423,81.3372573852539,81.3372573852539
188,8,1464.6058349609375,439.1197204589844,1464.6058349609375,439.1197204589844,1464.6058349609375,439.1197204589844,,,,,0.0,0.0,0.0,-0.003522446844726801,-0.0013567451387643814,1.4249128103256226,1.4249128103256226
188,9,1606.974609375,441.36199951171875,1606.974609375,441.36199951171875,1606.974609375,441.36199951171875,,,,,0.0,0.0,0.0,-0.1356022208929062,0.3904450833797455,1.4891388416290283,1.4891388416290283
188,11,438.8011474609375,650.1965942382812,438.8011474609375,650.1965942382812,438.8011474609375,650.1965942382812,,,,,0.0,0.0,0.0,-10.658037185668945,4.206040859222412,1.232461929321289,1.232461929321289
188,12,231.9026336669922,833.6746826171875,231.9026336669922,833.6746826171875,231.9026336669922,833.6746826171875,,,,,0.0,0.0,0.0,0.6808225512504578,-0.37143903970718384,1.450793981552124,1.450793981552124
188,13,1477.035400390625,322.2982177734375,1477.035400390625,322.2982177734375,1477.035400390625,322.2982177734375,,,,,0.0,0.0,0.0,-0.31832337379455566,-0.4903818368911743,1.188843846321106,1.188843846321106
189,0,562.2094116210938,693.447265625,562.2094116210938,693.447265625,562.2094116210938,693.447265625,,,,,0.0,0.0,0.0,-0.003530164249241352,-2.7835472792503424e-05,1.8584530353546143,1.8584530353546143
189,1,441.74261474609375,739.8340454101562,441.74261474609375,739.8340454101562,441.74261474609375,739.8340454101562,,,,,0.0,0.0,0.0,-0.14908626675605774,-0.3961644768714905,1.63552987575531,1.63552987575531
189,2,704.5032348632812,619.7903442382812,704.5032348632812,619.7903442382812,704.5032348632812,619.7903442382812,,,,,0.0,0.0,0.0,0.012939989566802979,-0.023288771510124207,1.900177240371704,1.900177240371704
189,3,-132.60910034179688,834.4881591796875,-132.60910034179688,834.4881591796875,-132.60910034179688,834.4881591796875,,,,,0.0,0.0,0.0,-5.1017889976501465,2.188647508621216,14.050503730773926,14.050503730773926
189,5,1747.4989013671875,454.6404113769531,1747.4989013671875,454.6404113769531,1747.4989013671875,454.6404113769531,,,,,0.0,0.0,0.0,0.0019969718996435404,0.0037815277464687824,1.6609662771224976,1.6609662771224976
189,6,1576.1806640625,436.3294677734375,1576.1806640625,436.3294677734375,1576.1806640625,436.3294677734375,,,,,0.0,0.0,0.0,-1.0821996927261353,-0.17808160185813904,7.675074577331543,7.675074577331543
189,7,-195.451904296875,907.3623657226562,-195.451904296875,907.3623657226562,-195.451904296875,907.3623657226562,,,,,0.0,0.0,0.0,-2.101738929748535,0.9118185043334961,85.59500122070312,85.59500122070312
189,8,1464.602294921875,439.1183776855469,1464.602294921875,439.1183776855469,1464.602294921875,439.1183776855469,,,,,0.0,0.0,0.0,-0.0034167736303061247,-0.0013160428497940302,1.65726637840271,1.65726637840271
189,9,1606.8389892578125,441.75244140625,1606.8389892578125,441.75244140625,1606.8389892578125,441.75244140625,,,,,0.0,0.0,0.0,-0.1315341591835022,0.37873172760009766,1.7444134950637817,1.7444134950637817
189,11,428.1430969238281,654.4026489257812,428.1430969238281,654.4026489257812,428.1430969238281,654.4026489257812,,,,,0.0,0.0,0.0,-10.338295936584473,4.079859733581543,1.4429559707641602,1.4429559707641602
189,12,232.07273864746094,833.8087768554688,232.07273864746094,833.8087768554688,232.07273864746094,833.8087768554688,,,,,0.0,0.0,0.0,0.6333029270172119,-0.32439690828323364,1.6698520183563232,1.6698520183563232
189,13,1476.8558349609375,322.11688232421875,1476.8558349609375,322.11688232421875,1476.8558349609375,322.11688232421875,,,,,0.0,0.0,0.0,-0.30762606859207153,-0.466563880443573,1.3341200351715088,1.3341200351715088
190,0,562.2058715820312,693.447265625,562.2058715820312,693.447265625,562.2058715820312,693.447265625,,,,,0.0,0.0,0.0,-0.0034242593683302402,-2.700040931813419e-05,2.1909291744232178,2.1909291744232178
190,1,441.5293884277344,736.5606689453125,441.5293884277344,736.5606689453125,441.5293884277344,736.5606689453125,,,,,0.0,0.0,0.0,-0.1546696573495865,-0.6465586423873901,1.8444762229919434,1.8444762229919434
190,2,704.5161743164062,619.7670288085938,704.5161743164062,619.7670288085938,704.5161743164062,619.7670288085938,,,,,0.0,0.0,0.0,0.012551790103316307,-0.02259010821580887,2.2470874786376953,2.2470874786376953
190,3,-137.7108917236328,836.6768188476562,-137.7108917236328,836.6768188476562,-137.7108917236328,836.6768188476562,,,,,0.0,0.0,0.0,-4.948735237121582,2.122988224029541,15.345056533813477,15.345056533813477
190,5,1747.5008544921875,454.6441955566406,1747.5008544921875,454.6441955566406,1747.5008544921875,454.6441955566406,,,,,0.0,0.0,0.0,0.0019370628288015723,0.003668081946671009,1.9287713766098022,1.9287713766098022
190,6,1575.0985107421875,436.1513977050781,1575.0985107421875,436.1513977050781,1575.0985107421875,436.1513977050781,,,,,0.0,0.0,0.0,-1.0497337579727173,-0.1727391630411148,8.634565353393555,8.634565353393555
190,7,-197.55364990234375,908.274169921875,-197.55364990234375,908.274169921875,-197.55364990234375,908.274169921875,,,,,0.0,0.0,0.0,-2.038686752319336,0.8844639658927917,90.00006866455078,90.00006866455078
190,8,1464.598876953125,439.1170654296875,1464.598876953125,439.1170654296875,1464.598876953125,439.1170654296875,,,,,0.0,0.0,0.0,-0.003314270405098796,-0.0012765616411343217,1.923918604850769,1.923918604850769
190,9,1606.7073974609375,442.13116455078125,1606.7073974609375,442.13116455078125,1606.7073974609375,442.13116455078125,,,,,0.0,0.0,0.0,-0.12758813798427582,0.36736980080604553,2.0390267372131348,2.0390267372131348
190,11,417.8048095703125,658.4824829101562,417.8048095703125,658.4824829101562,417.8048095703125,658.4824829101562,,,,,0.0,0.0,0.0,-10.02814769744873,3.9574639797210693,1.6855276823043823,1.6855276823043823
190,12,232.1600799560547,833.9969482421875,232.1600799560547,833.9969482421875,232.1600799560547,833.9969482421875,,,,,0.0,0.0,0.0,0.5832578539848328,-0.27741244435310364,1.8999488353729248,1.8999488353729248
190,13,1476.7005615234375,321.9533996582031,1476.7005615234375,321.9533996582031,1476.7005615234375,321.9533996582031,,,,,0.0,0.0,0.0,-0.29600223898887634,-0.44344139099121094,1.4866392612457275,1.4866392612457275
191,0,562.2500610351562,693.369140625,562.2500610351562,693.369140625,562.2500610351562,693.369140625,,,,,0.0,0.0,0.0,0.0002460535615682602,-0.006047160364687443,1.1253365278244019,1.1253365278244019
191,1,438.04443359375,742.4110717773438,438.04443359375,742.4110717773438,438.04443359375,742.4110717773438,,,,,0.0,0.0,0.0,-0.43941959738731384,-0.09105324745178223,1.049557089805603,1.049557089805603
191,2,704.4981079101562,619.8378295898438,704.4981079101562,619.8378295898438,704.4981079101562,619.8378295898438,,,,,0.0,0.0,0.0,0.010152440518140793,-0.015274951234459877,1.1391905546188354,1.1391905546188354
191,3,-142.6596221923828,838.7998046875,-142.6596221923828,838.7998046875,-142.6596221923828,838.7998046875,,,,,0.0,0.0,0.0,-4.800273418426514,2.0592987537384033,16.71904945373535,16.71904945373535
191,5,1748.417236328125,453.7264099121094,1748.417236328125,453.7264099121094,1748.417236328125,453.7264099121094,,,,,0.0,0.0,0.0,0.06659108400344849,-0.06148339807987213,1.055140733718872,1.055140733718872
191,6,1574.048828125,435.9786682128906,1574.048828125,435.9786682128906,1574.048828125,435.9786682128906,,,,,0.0,0.0,0.0,-1.0182417631149292,-0.1675569862127304,9.67568302154541,9.67568302154541
191,7,-199.5923309326172,909.1586303710938,-199.5923309326172,909.1586303710938,-199.5923309326172,909.1586303710938,,,,,0.0,0.0,0.0,-1.9775261878967285,0.857930064201355,94.55496215820312,94.55496215820312
191,8,1464.4700927734375,439.09014892578125,1464.4700927734375,439.09014892578125,1464.4700927734375,439.09014892578125,,,,,0.0,0.0,0.0,-0.01217533927410841,-0.0030855450313538313,1.0537489652633667,1.0537489652633667
191,9,1606.590576171875,441.9240417480469,1606.590576171875,441.9240417480469,1606.590576171875,441.9240417480469,,,,,0.0,0.0,0.0,-0.1267990618944168,0.3251493573188782,1.0858749151229858,1.0858749151229858
191,11,400.2618713378906,664.184326171875,400.2618713378906,664.184326171875,400.2618713378906,664.184326171875,,,,,0.0,0.0,0.0,-10.577864646911621,4.0850701332092285,0.9905204176902771,0.9905204176902771
191,12,233.70272827148438,832.5680541992188,233.70272827148438,832.5680541992188,233.70272827148438,832.5680541992188,,,,,0.0,0.0,0.0,0.6693739891052246,-0.38077202439308167,1.069246530532837,1.069246530532837
191,13,1476.708740234375,319.67816162109375,1476.708740234375,319.67816162109375,1476.708740234375,319.67816162109375,,,,,0.0,0.0,0.0,-0.27314046025276184,-0.5811230540275574,0.9300855398178101,0.9300855398178101
192,0,562.2503051757812,693.3630981445312,562.2503051757812,693.3630981445312,562.2503051757812,693.3630981445312,,,,,0.0,0.0,0.0,0.00023867195704951882,-0.005865745712071657,1.3290953636169434,1.3290953636169434
192,1,436.5745849609375,740.686767578125,436.5745849609375,740.686767578125,436.5745849609375,740.686767578125,,,,,0.0,0.0,0.0,-0.5304239988327026,-0.235296830534935,1.2145723104476929,1.2145723104476929
192,2,704.5082397460938,619.8225708007812,704.5082397460938,619.8225708007812,704.5082397460938,619.8225708007812,,,,,0.0,0.0,0.0,0.009847867302596569,-0.014816703274846077,1.3499294519424438,1.3499294519424438
192,3,-147.45989990234375,840.859130859375,-147.45989990234375,840.859130859375,-147.45989990234375,840.859130859375,,,,,0.0,0.0,0.0,-4.6562652587890625,1.997519850730896,18.17485237121582,18.17485237121582
192,5,1748.48388671875,453.6649169921875,1748.48388671875,453.6649169921875,1748.48388671875,453.6649169921875,,,,,0.0,0.0,0.0,0.0645933523774147,-0.05963889881968498,1.2265071868896484,1.2265071868896484
192,6,1573.0306396484375,435.81109619140625,1573.0306396484375,435.81109619140625,1573.0306396484375,435.81109619140625,,,,,0.0,0.0,0.0,-0.9876945614814758,-0.16253028810024261,10.801748275756836,10.801748275756836
192,7,-201.56985473632812,910.0165405273438,-201.56985473632812,910.0165405273438,-201.56985473632812,910.0165405273438,,,,,0.0,0.0,0.0,-1.9182004928588867,0.8321921825408936,99.2621841430664,99.2621841430664
192,8,1464.4578857421875,439.0870666503906,1464.4578857421875,439.0870666503906,1464.4578857421875,439.0870666503906,,,,,0.0,0.0,0.0,-0.011810079216957092,-0.002992978785187006,1.2245198488235474,1.2245198488235474
192,9,1606.4637451171875,442.2491760253906,1606.4637451171875,442.2491760253906,1606.4637451171875,442.2491760253906,,,,,0.0,0.0,0.0,-0.12299509346485138,0.31539487838745117,1.2709733247756958,1.2709733247756958
192,11,389.68402099609375,668.2694091796875,389.68402099609375,668.2694091796875,389.68402099609375,668.2694091796875,,,,,0.0,0.0,0.0,-10.260528564453125,3.9625182151794434,1.1566349267959595,1.1566349267959595
192,12,234.02688598632812,832.541015625,234.02688598632812,832.541015625,234.02688598632812,832.541015625,,,,,0.0,0.0,0.0,0.6373906135559082,-0.34799954295158386,1.248957633972168,1.248957633972168
192,13,1476.5687255859375,319.40374755859375,1476.5687255859375,319.40374755859375,1476.5687255859375,319.40374755859375,,,,,0.0,0.0,0.0,-0.2629181146621704,-0.5575854778289795,1.0533086061477661,1.0533086061477661
193,0,562.2505493164062,693.3572387695312,562.2505493164062,693.3572387695312,562.2505493164062,693.3572387695312,,,,,0.0,0.0,0.0,0.00023151180357672274,-0.0056897737085819244,1.5723214149475098,1.5723214149475098
193,1,434.8349304199219,738.6350708007812,434.8349304199219,738.6350708007812,434.8349304199219,738.6350708007812,,,,,0.0,0.0,0.0,-0.6384633183479309,-0.39758580923080444,1.3992445468902588,1.3992445468902588
193,2,704.51806640625,619.8077392578125,704.51806640625,619.8077392578125,704.51806640625,619.8077392578125,,,,,0.0,0.0,0.0,0.009552431292831898,-0.014372202567756176,1.6023582220077515,1.6023582220077515
193,3,-152.1161651611328,842.8566284179688,-152.1161651611328,842.8566284179688,-152.1161651611328,842.8566284179688,,,,,0.0,0.0,0.0,-4.516577243804932,1.9375942945480347,19.71483612060547,19.71483612060547
193,5,1748.5484619140625,453.60528564453125,1748.5484619140625,453.60528564453125,1748.5484619140625,453.60528564453125,,,,,0.0,0.0,0.0,0.06265555322170258,-0.057849735021591187,1.4276636838912964,1.4276636838912964
193,6,1572.04296875,435.6485595703125,1572.04296875,435.6485595703125,1572.04296875,435.6485595703125,,,,,0.0,0.0,0.0,-0.9580637812614441,-0.15765438973903656,12.016082763671875,12.016082763671875
193,7,-203.48805236816406,910.8487548828125,-203.48805236816406,910.8487548828125,-203.48805236816406,910.8487548828125,,,,,0.0,0.0,0.0,-1.860654592514038,0.8072264194488525,104.1242446899414,104.1242446899414
193,8,1464.446044921875,439.0840759277344,1464.446044921875,439.0840759277344,1464.446044921875,439.0840759277344,,,,,0.0,0.0,0.0,-0.0114557771012187,-0.0029031895101070404,1.4249128103256226,1.4249128103256226
193,9,1606.3406982421875,442.5645751953125,1606.3406982421875,442.5645751953125,1606.3406982421875,442.5645751953125,,,,,0.0,0.0,0.0,-0.11930524557828903,0.30593302845954895,1.4898470640182495,1.4898470640182495
193,11,379.4234924316406,672.23193359375,379.4234924316406,672.23193359375,379.4234924316406,672.23193359375,,,,,0.0,0.0,0.0,-9.952713012695312,3.8436427116394043,1.3512073755264282,1.3512073755264282
193,12,234.23336791992188,832.5991821289062,234.23336791992188,832.5991821289062,234.23336791992188,832.5991821289062,,,,,0.0,0.0,0.0,0.5970854759216309,-0.3100070655345917,1.450793981552124,1.450793981552124
193,13,1476.4560546875,319.2032775878906,1476.4560546875,319.2032775878906,1476.4560546875,319.2032775878906,,,,,0.0,0.0,0.0,-0.25130799412727356,-0.5299857258796692,1.1886239051818848,1.1886239051818848
194,0,562.2507934570312,693.3515625,562.2507934570312,693.3515625,562.2507934570312,693.3515625,,,,,0.0,0.0,0.0,0.00022456645092461258,-0.005519080441445112,1.8584530353546143,1.8584530353546143
194,1,431.7737731933594,736.6166381835938,431.7737731933594,736.6166381835938,431.7737731933594,736.6166381835938,,,,,0.0,0.0,0.0,-0.8543306589126587,-0.5420054197311401,1.5994523763656616,1.5994523763656616
194,2,704.5276489257812,619.7933959960938,704.5276489257812,619.7933959960938,704.5276489257812,619.7933959960938,,,,,0.0,0.0,0.0,0.009265858680009842,-0.01394103653728962,1.9001773595809937,1.9001773595809937
194,3,-156.6327362060547,844.7942504882812,-156.6327362060547,844.7942504882812,-156.6327362060547,844.7942504882812,,,,,0.0,0.0,0.0,-4.381080150604248,1.8794665336608887,21.34136962890625,21.34136962890625
194,5,1748.611083984375,453.54742431640625,1748.611083984375,453.54742431640625,1748.611083984375,453.54742431640625,,,,,0.0,0.0,0.0,0.060775887221097946,-0.05611424520611763,1.660966396331787,1.660966396331787
194,6,1571.0849609375,435.49090576171875,1571.0849609375,435.49090576171875,1571.0849609375,435.49090576171875,,,,,0.0,0.0,0.0,-0.9293218851089478,-0.15292476117610931,13.322007179260254,13.322007179260254
194,7,-205.3487091064453,911.656005859375,-205.3487091064453,911.656005859375,-205.3487091064453,911.656005859375,,,,,0.0,0.0,0.0,-1.8048349618911743,0.7830096483230591,109.14366149902344,109.14366149902344
194,8,1464.4345703125,439.0811767578125,1464.4345703125,439.0811767578125,1464.4345703125,439.0811767578125,,,,,0.0,0.0,0.0,-0.011112104170024395,-0.0028160938527435064,1.65726637840271,1.65726637840271
194,9,1606.221435546875,442.8705139160156,1606.221435546875,442.8705139160156,1606.221435546875,442.8705139160156,,,,,0.0,0.0,0.0,-0.11572609096765518,0.2967550456523895,1.7452863454818726,1.7452863454818726
194,11,369.47076416015625,676.0755615234375,369.47076416015625,676.0755615234375,369.47076416015625,676.0755615234375,,,,,0.0,0.0,0.0,-9.654131889343262,3.7283334732055664,1.5764983892440796,1.5764983892440796
194,12,234.39564514160156,832.6868286132812,234.39564514160156,832.6868286132812,234.39564514160156,832.6868286132812,,,,,0.0,0.0,0.0,0.5566282868385315,-0.27300602197647095,1.6698520183563232,1.6698520183563232
194,13,1476.2047119140625,318.67327880859375,1476.2047119140625,318.67327880859375,1476.2047119140625,318.67327880859375,,,,,0.0,0.0,0.0,-0.24376876652240753,-0.5140861868858337,1.395923376083374,1.395923376083374
195,0,562.2510375976562,693.3460693359375,562.2510375976562,693.3460693359375,562.2510375976562,693.3460693359375,,,,,0.0,0.0,0.0,0.0002178294671466574,-0.005353508051484823,2.1909291744232178,2.1909291744232178
195,1,427.6597595214844,734.5936279296875,427.6597595214844,734.5936279296875,427.6597595214844,734.5936279296875,,,,,0.0,0.0,0.0,-1.1412285566329956,-0.6723537445068359,1.810015082359314,1.810015082359314
195,2,704.5369262695312,619.7794799804688,704.5369262695312,619.7794799804688,704.5369262695312,619.7794799804688,,,,,0.0,0.0,0.0,0.008987883105874062,-0.013522805646061897,2.2470877170562744,2.2470877170562744
195,3,-161.01380920410156,846.6737060546875,-161.01380920410156,846.6737060546875,-161.01380920410156,846.6737060546875,,,,,0.0,0.0,0.0,-4.249648094177246,1.8230825662612915,23.05682373046875,23.05682373046875
195,5,1748.671875,453.4913024902344,1748.671875,453.4913024902344,1748.671875,453.4913024902344,,,,,0.0,0.0,0.0,0.058952610939741135,-0.05443082004785538,1.9287714958190918,1.9287714958190918
195,6,1570.1556396484375,435.3379821777344,1570.1556396484375,435.3379821777344,1570.1556396484375,435.3379821777344,,,,,0.0,0.0,0.0,-0.9014422297477722,-0.14833702147006989,14.7228422164917,14.7228422164917
195,8,1464.4234619140625,439.078369140625,1464.4234619140625,439.078369140625,1464.4234619140625,439.078369140625,,,,,0.0,0.0,0.0,-0.010778740979731083,-0.002731611020863056,1.923918604850769,1.923918604850769
195,9,1606.105712890625,443.1672668457031,1606.105712890625,443.1672668457031,1606.105712890625,443.1672668457031,,,,,0.0,0.0,0.0,-0.1122543141245842,0.28785240650177,2.04008150100708,2.04008150100708
195,11,359.8166198730469,679.8038940429688,359.8166198730469,679.8038940429688,359.8166198730469,679.8038940429688,,,,,0.0,0.0,0.0,-9.364508628845215,3.616483688354492,1.834768533706665,1.834768533706665
195,12,234.46981811523438,832.8280639648438,234.46981811523438,832.8280639648438,234.46981811523438,832.8280639648438,,,,,0.0,0.0,0.0,0.5124041438102722,-0.23503179848194122,1.8999488353729248,1.8999488353729248
195,13,1475.9609375,318.1591796875,1475.9609375,318.1591796875,1475.9609375,318.1591796875,,,,,0.0,0.0,0.0,-0.23645570874214172,-0.49866360425949097,1.6358174085617065,1.6358174085617065
196,0,562.2799072265625,693.313720703125,562.2799072265625,693.313720703125,562.2799072265625,693.313720703125,,,,,0.0,0.0,0.0,0.0024221341591328382,-0.0074334400705993176,1.1253365278244019,1.1253365278244019
196,1,430.8189392089844,741.5596313476562,430.8189392089844,741.5596313476562,430.8189392089844,741.5596313476562,,,,,0.0,0.0,0.0,-0.7696682810783386,-0.012390242889523506,1.0411553382873535,1.0411553382873535
196,2,704.4861450195312,619.791015625,704.4861450195312,619.791015625,704.4861450195312,619.791015625,,,,,0.0,0.0,0.0,0.004309014417231083,-0.011559206061065197,1.139190673828125,1.139190673828125
196,3,-165.26345825195312,848.4967651367188,-165.26345825195312,848.4967651367188,-165.26345825195312,848.4967651367188,,,,,0.0,0.0,0.0,-4.122159004211426,1.76839017868042,24.863571166992188,24.863571166992188
196,5,1748.14697265625,453.9063415527344,1748.14697265625,453.9063415527344,1748.14697265625,453.9063415527344,,,,,0.0,0.0,0.0,0.01766674965620041,-0.02123524807393551,1.0551408529281616,1.0551408529281616
196,6,1605.4166259765625,433.0132141113281,1605.4166259765625,433.0132141113281,1605.4166259765625,433.0132141113281,,,,,0.0,0.0,0.0,0.8127779960632324,-0.2515069544315338,1.780483603477478,1.780483603477478
196,8,1464.5657958984375,439.13775634765625,1464.5657958984375,439.13775634765625,1464.5657958984375,439.13775634765625,,,,,0.0,0.0,0.0,2.9762970370939e-05,0.0016535274917259812,1.0537489652633667,1.0537489652633667
196,9,1606.324462890625,442.35797119140625,1606.324462890625,442.35797119140625,1606.324462890625,442.35797119140625,,,,,0.0,0.0,0.0,-0.08792668581008911,0.2072162926197052,1.086136817932129,1.086136817932129
196,11,327.33392333984375,691.2117919921875,327.33392333984375,691.2117919921875,327.33392333984375,691.2117919921875,,,,,0.0,0.0,0.0,-11.016458511352539,4.173232555389404,1.0310732126235962,1.0310732126235962
196,12,236.7620391845703,831.2576293945312,236.7620391845703,831.2576293945312,236.7620391845703,831.2576293945312,,,,,0.0,0.0,0.0,0.672161340713501,-0.35489600896835327,1.069246530532837,1.069246530532837
196,13,1476.4031982421875,316.09332275390625,1476.4031982421875,316.09332275390625,1476.4031982421875,316.09332275390625,,,,,0.0,0.0,0.0,-0.18583235144615173,-0.6155669093132019,0.9771565794944763,0.9771565794944763
197,0,563.4971313476562,692.5610961914062,563.4971313476562,692.5610961914062,563.4971313476562,692.5610961914062,,,,,0.0,0.0,0.0,0.09892836213111877,-0.06663334369659424,1.2727102041244507,1.2727102041244507
197,1,430.0492858886719,741.5472412109375,430.0492858886719,741.5472412109375,430.0492858886719,741.5472412109375,,,,,0.0,0.0,0.0,-0.7465782761573792,-0.0120185362175107,1.2578973770141602,1.2578973770141602
197,2,704.490478515625,619.7794799804688,704.490478515625,619.7794799804688,704.490478515625,619.7794799804688,,,,,0.0,0.0,0.0,0.004179744049906731,-0.011212429963052273,1.3499295711517334,1.3499295711517334
197,3,-169.3856201171875,850.26513671875,-169.3856201171875,850.26513671875,-169.3856201171875,850.26513671875,,,,,0.0,0.0,0.0,-3.9984943866729736,1.7153384685516357,26.76398277282715,26.76398277282715
197,5,1748.1646728515625,453.8851013183594,1748.1646728515625,453.8851013183594,1748.1646728515625,453.8851013183594,,,,,0.0,0.0,0.0,0.017136747017502785,-0.020598191767930984,1.226507306098938,1.226507306098938
197,6,1606.2293701171875,432.76171875,1606.2293701171875,432.76171875,1606.2293701171875,432.76171875,,,,,0.0,0.0,0.0,0.7883946895599365,-0.24396175146102905,1.9795100688934326,1.9795100688934326
197,8,1464.5657958984375,439.139404296875,1464.5657958984375,439.139404296875,1464.5657958984375,439.139404296875,,,,,0.0,0.0,0.0,2.8870081223431043e-05,0.001603921758942306,1.2245197296142578,1.2245197296142578
197,9,1606.236572265625,442.565185546875,1606.236572265625,442.565185546875,1606.236572265625,442.565185546875,,,,,0.0,0.0,0.0,-0.0852888897061348,0.20099981129169464,1.2712868452072144,1.2712868452072144
197,11,316.3174743652344,695.385009765625,316.3174743652344,695.385009765625,316.3174743652344,695.385009765625,,,,,0.0,0.0,0.0,-10.685965538024902,4.048035621643066,1.199675440788269,1.199675440788269
197,12,237.4342041015625,830.9027099609375,237.4342041015625,830.9027099609375,237.4342041015625,830.9027099609375,,,,,0.0,0.0,0.0,0.6519964933395386,-0.3442491292953491,1.3032128810882568,1.3032128810882568
197,13,1476.2174072265625,315.4777526855469,1476.2174072265625,315.4777526855469,1476.2174072265625,315.4777526855469,,,,,0.0,0.0,0.0,-0.1802573800086975,-0.5970999002456665,1.1448601484298706,1.1448601484298706
198,0,564.912353515625,691.6896362304688,564.912353515625,691.6896362304688,564.912353515625,691.6896362304688,,,,,0.0,0.0,0.0,0.20493961870670319,-0.1314539909362793,1.4345762729644775,1.4345762729644775
198,1,430.9188537597656,740.7166748046875,430.9188537597656,740.7166748046875,430.9188537597656,740.7166748046875,,,,,0.0,0.0,0.0,-0.6016870737075806,-0.08540328592061996,1.4476490020751953,1.4476490020751953
198,2,704.49462890625,619.7682495117188,704.49462890625,619.7682495117188,704.49462890625,619.7682495117188,,,,,0.0,0.0,0.0,0.004054351709783077,-0.010876057669520378,1.602358341217041,1.602358341217041
198,3,-173.3841094970703,851.98046875,-173.3841094970703,851.98046875,-173.3841094970703,851.98046875,,,,,0.0,0.0,0.0,-3.878539562225342,1.663878321647644,28.760427474975586,28.760427474975586
198,5,1748.1817626953125,453.864501953125,1748.1817626953125,453.864501953125,1748.1817626953125,453.864501953125,,,,,0.0,0.0,0.0,0.016622645780444145,-0.01998024620115757,1.427663803100586,1.427663803100586
198,6,1607.017822265625,432.51776123046875,1607.017822265625,432.51776123046875,1607.017822265625,432.51776123046875,,,,,0.0,0.0,0.0,0.7647428512573242,-0.23664291203022003,2.218508005142212,2.218508005142212
198,8,1464.5657958984375,439.1410217285156,1464.5657958984375,439.1410217285156,1464.5657958984375,439.1410217285156,,,,,0.0,0.0,0.0,2.8003980332869105e-05,0.0015558041632175446,1.424912691116333,1.424912691116333
198,9,1606.1512451171875,442.76617431640625,1606.1512451171875,442.76617431640625,1606.1512451171875,442.76617431640625,,,,,0.0,0.0,0.0,-0.08273022621870041,0.19496981799602509,1.4902170896530151,1.4902170896530151
198,11,305.6315002441406,699.4330444335938,305.6315002441406,699.4330444335938,305.6315002441406,699.4330444335938,,,,,0.0,0.0,0.0,-10.365386962890625,3.9265947341918945,1.3968337774276733,1.3968337774276733
198,12,238.82962036132812,828.2135009765625,238.82962036132812,828.2135009765625,238.82962036132812,828.2135009765625,,,,,0.0,0.0,0.0,0.7212684750556946,-0.5627505779266357,1.5093344449996948,1.5093344449996948
198,13,1476.037109375,314.8806457519531,1476.037109375,314.8806457519531,1476.037109375,314.8806457519531,,,,,0.0,0.0,0.0,-0.17484965920448303,-0.5791869163513184,1.3418524265289307,1.3418524265289307
199,0,566.5000610351562,690.7086181640625,566.5000610351562,690.7086181640625,566.5000610351562,690.7086181640625,,,,,0.0,0.0,0.0,0.31648755073547363,-0.19998732209205627,1.607587218284607,1.607587218284607
199,1,428.91571044921875,740.7954711914062,428.91571044921875,740.7954711914062,428.91571044921875,740.7954711914062,,,,,0.0,0.0,0.0,-0.726538360118866,-0.07077734172344208,1.651645541191101,1.651645541191101
199,2,704.4986572265625,619.7573852539062,704.4986572265625,619.7573852539062,704.4986572265625,619.7573852539062,,,,,0.0,0.0,0.0,0.003932721447199583,-0.010549776256084442,1.9001774787902832,1.9001774787902832
199,3,-177.2626495361328,853.6443481445312,-177.2626495361328,853.6443481445312,-177.2626495361328,853.6443481445312,,,,,0.0,0.0,0.0,-3.762183427810669,1.6139620542526245,30.855276107788086,30.855276107788086
199,5,1748.1983642578125,453.8445129394531,1748.1983642578125,453.8445129394531,1748.1983642578125,453.8445129394531,,,,,0.0,0.0,0.0,0.016123967245221138,-0.01938083954155445,1.660966396331787,1.660966396331787
199,6,1607.7825927734375,432.2811279296875,1607.7825927734375,432.2811279296875,1607.7825927734375,432.2811279296875,,,,,0.0,0.0,0.0,0.7418006062507629,-0.22954362630844116,2.500798225402832,2.500798225402832
199,8,1464.5657958984375,439.142578125,1464.5657958984375,439.142578125,1464.5657958984375,439.142578125,,,,,0.0,0.0,0.0,2.7163861886947416e-05,0.001509130117483437,1.6572661399841309,1.6572661399841309
199,9,1606.0684814453125,442.9611511230469,1606.0684814453125,442.9611511230469,1606.0684814453125,442.9611511230469,,,,,0.0,0.0,0.0,-0.08024831861257553,0.18912072479724884,1.7457175254821777,1.7457175254821777
199,11,295.26611328125,703.359619140625,295.26611328125,703.359619140625,295.26611328125,703.359619140625,,,,,0.0,0.0,0.0,-10.054425239562988,3.8087971210479736,1.6248087882995605,1.6248087882995605
199,12,239.8957061767578,825.260009765625,239.8957061767578,825.260009765625,239.8957061767578,825.260009765625,,,,,0.0,0.0,0.0,0.7531549334526062,-0.7838318943977356,1.7311023473739624,1.7311023473739624
199,13,1475.8623046875,314.30145263671875,1475.8623046875,314.30145263671875,1475.8623046875,314.30145263671875,,,,,0.0,0.0,0.0,-0.16960416734218597,-0.5618113279342651,1.570494532585144,1.570494532585144
200,0,568.2490234375,689.6201171875,568.2490234375,689.6201171875,568.2490234375,689.6201171875,,,,,0.0,0.0,0.0,0.4312531352043152,-0.2711683511734009,1.7877535820007324,1.7877535820007324
200,1,426.7178955078125,740.9219360351562,426.7178955078125,740.9219360351562,426.7178955078125,740.9219360351562,,,,,0.0,0.0,0.0,-0.855691134929657,-0.05346129462122917,1.86447274684906,1.86447274684906
200,2,704.5025634765625,619.746826171875,704.5025634765625,619.746826171875,704.5025634765625,619.746826171875,,,,,0.0,0.0,0.0,0.0038147398736327887,-0.010233283042907715,2.2470877170562744,2.2470877170562744
200,3,-181.0248260498047,855.25830078125,-181.0248260498047,855.25830078125,-181.0248260498047,855.25830078125,,,,,0.0,0.0,0.0,-3.649317979812622,1.565543293952942,33.050899505615234,33.050899505615234
200,5,1748.2144775390625,453.82513427734375,1748.2144775390625,453.82513427734375,1748.2144775390625,453.82513427734375,,,,,0.0,0.0,0.0,0.015640249475836754,-0.018799414858222008,1.9287714958190918,1.9287714958190918
200,6,1608.5244140625,432.05157470703125,1608.5244140625,432.05157470703125,1608.5244140625,432.05157470703125,,,,,0.0,0.0,0.0,0.7195466160774231,-0.22265732288360596,2.8297011852264404,2.8297011852264404
200,8,1464.5657958984375,439.1440734863281,1464.5657958984375,439.1440734863281,1464.5657958984375,439.1440734863281,,,,,0.0,0.0,0.0,2.6348947358201258e-05,0.001463856315240264,1.92391836643219,1.92391836643219
200,9,1605.98828125,443.1502685546875,1605.98828125,443.1502685546875,1605.98828125,443.1502685546875,,,,,0.0,0.0,0.0,-0.07784087210893631,0.18344710767269135,2.0405783653259277,2.0405783653259277
200,11,285.2117004394531,707.1683959960938,285.2117004394531,707.1683959960938,285.2117004394531,707.1683959960938,,,,,0.0,0.0,0.0,-9.752792358398438,3.694533348083496,1.8858609199523926,1.8858609199523926
200,12,240.46527099609375,822.1422729492188,240.46527099609375,822.1422729492188,240.46527099609375,822.1422729492188,,,,,0.0,0.0,0.0,0.7364518642425537,-0.99616938829422,1.962129831314087,1.962129831314087
200,13,1475.6927490234375,313.7396545410156,1475.6927490234375,313.7396545410156,1475.6927490234375,313.7396545410156,,,,,0.0,0.0,0.0,-0.16451604664325714,-0.5449569821357727,1.8331472873687744,1.8331472873687744
201,0,565.418701171875,691.3430786132812,565.418701171875,691.3430786132812,565.418701171875,691.3430786132812,,,,,0.0,0.0,0.0,0.173272043466568,-0.11344028264284134,1.0265930891036987,1.0265930891036987
201,1,430.61090087890625,745.0160522460938,430.61090087890625,745.0160522460938,430.61090087890625,745.0160522460938,,,,,0.0,0.0,0.0,-0.44714847207069397,0.30336886644363403,1.0555270910263062,1.0555270910263062
201,2,704.45068359375,619.7633666992188,704.45068359375,619.7633666992188,704.45068359375,619.7633666992188,,,,,0.0,0.0,0.0,-0.0005509327165782452,-0.008136235177516937,1.139190673828125,1.139190673828125
201,3,-184.6741485595703,856.8238525390625,-184.6741485595703,856.8238525390625,-184.6741485595703,856.8238525390625,,,,,0.0,0.0,0.0,-3.5398385524749756,1.5185770988464355,35.349666595458984,35.349666595458984
201,5,1748.7547607421875,453.31549072265625,1748.7547607421875,453.31549072265625,1748.7547607421875,453.31549072265625,,,,,0.0,0.0,0.0,0.05273696407675743,-0.053503308445215225,1.0551408529281616,1.0551408529281616
201,6,1609.2440185546875,431.82891845703125,1609.2440185546875,431.82891845703125,1609.2440185546875,431.82891845703125,,,,,0.0,0.0,0.0,0.6979602575302124,-0.21597760915756226,3.208538293838501,3.208538293838501
201,8,1464.7137451171875,439.1883239746094,1464.7137451171875,439.1883239746094,1464.7137451171875,439.1883239746094,,,,,0.0,0.0,0.0,0.01046715583652258,0.004483746364712715,1.0537489652633667,1.0537489652633667
201,9,1606.2799072265625,442.2975769042969,1606.2799072265625,442.2975769042969,1606.2799072265625,442.2975769042969,,,,,0.0,0.0,0.0,-0.05068027228116989,0.10729607194662094,1.0862551927566528,1.0862551927566528
201,11,249.751953125,720.6388549804688,249.751953125,720.6388549804688,249.751953125,720.6388549804688,,,,,0.0,0.0,0.0,-11.561548233032227,4.3823747634887695,1.0435773134231567,1.0435773134231567
201,12,240.5135040283203,825.4367065429688,240.5135040283203,825.4367065429688,240.5135040283203,825.4367065429688,,,,,0.0,0.0,0.0,0.675179660320282,-0.6141804456710815,1.0844142436981201,1.0844142436981201
201,13,1476.81005859375,312.405029296875,1476.81005859375,312.405029296875,1476.81005859375,312.405029296875,,,,,0.0,0.0,0.0,-0.07134667783975601,-0.6023500561714172,1.0319859981536865,1.0319859981536865
202,0,566.5086059570312,690.550048828125,566.5086059570312,690.550048828125,566.5086059570312,690.550048828125,,,,,0.0,0.0,0.0,0.2482791543006897,-0.16904886066913605,1.1714094877243042,1.1714094877243042
202,1,429.0375061035156,745.3652954101562,429.0375061035156,745.3652954101562,429.0375061035156,745.3652954101562,,,,,0.0,0.0,0.0,-0.5469717383384705,0.30743810534477234,1.2220872640609741,1.2220872640609741
202,2,704.4501342773438,619.7552490234375,704.4501342773438,619.7552490234375,704.4501342773438,619.7552490234375,,,,,0.0,0.0,0.0,-0.0005344047676771879,-0.007892148569226265,1.3499295711517334,1.3499295711517334
202,3,-188.2139892578125,858.3424072265625,-188.2139892578125,858.3424072265625,-188.2139892578125,858.3424072265625,,,,,0.0,0.0,0.0,-3.4336435794830322,1.4730198383331299,37.75395202636719,37.75395202636719
202,5,1748.8074951171875,453.2619934082031,1748.8074951171875,453.2619934082031,1748.8074951171875,453.2619934082031,,,,,0.0,0.0,0.0,0.05115485563874245,-0.05189821124076843,1.226507306098938,1.226507306098938
202,6,1609.9420166015625,431.6129455566406,1609.9420166015625,431.6129455566406,1609.9420166015625,431.6129455566406,,,,,0.0,0.0,0.0,0.6770214438438416,-0.20949828624725342,3.640630006790161,3.640630006790161
202,8,1464.7242431640625,439.19281005859375,1464.7242431640625,439.19281005859375,1464.7242431640625,439.19281005859375,,,,,0.0,0.0,0.0,0.010153141804039478,0.00434923404827714,1.2245198488235474,1.2245198488235474
202,9,1606.229248046875,442.4048767089844,1606.229248046875,442.4048767089844,1606.229248046875,442.4048767089844,,,,,0.0,0.0,0.0,-0.04915986582636833,0.10407719016075134,1.2714182138442993,1.2714182138442993
202,11,237.54611206054688,727.6815185546875,237.54611206054688,727.6815185546875,237.54611206054688,727.6815185546875,,,,,0.0,0.0,0.0,-11.607890129089355,4.5737199783325195,1.1646530628204346,1.1646530628204346
202,12,241.18869018554688,824.822509765625,241.18869018554688,824.822509765625,241.18869018554688,824.822509765625,,,,,0.0,0.0,0.0,0.6549242734909058,-0.5957550406455994,1.3195397853851318,1.3195397853851318
202,13,1476.73876953125,311.80267333984375,1476.73876953125,311.80267333984375,1476.73876953125,311.80267333984375,,,,,0.0,0.0,0.0,-0.06920628249645233,-0.5842795968055725,1.2040092945098877,1.2040092945098877
203,0,567.7512817382812,689.6461791992188,567.7512817382812,689.6461791992188,567.7512817382812,689.6461791992188,,,,,0.0,0.0,0.0,0.33085834980010986,-0.23007474839687347,1.3325976133346558,1.3325976133346558
203,1,427.25201416015625,745.765869140625,427.25201416015625,745.765869140625,427.25201416015625,745.765869140625,,,,,0.0,0.0,0.0,-0.6578236222267151,0.31577324867248535,1.4080251455307007,1.4080251455307007
203,2,704.4495849609375,619.7473754882812,704.4495849609375,619.7473754882812,704.4495849609375,619.7473754882812,,,,,0.0,0.0,0.0,-0.0005183726316317916,-0.007655384484678507,1.602358341217041,1.602358341217041
203,3,-191.6476287841797,859.8154296875,-191.6476287841797,859.8154296875,-191.6476287841797,859.8154296875,,,,,0.0,0.0,0.0,-3.330634355545044,1.428829312324524,40.26612091064453,40.26612091064453
203,5,1748.858642578125,453.2100830078125,1748.858642578125,453.2100830078125,1748.858642578125,453.2100830078125,,,,,0.0,0.0,0.0,0.049620211124420166,-0.05034126713871956,1.427663803100586,1.427663803100586
203,6,1610.6190185546875,431.4034423828125,1610.6190185546875,431.4034423828125,1610.6190185546875,431.4034423828125,,,,,0.0,0.0,0.0,0.6567108035087585,-0.20321334898471832,4.129297256469727,4.129297256469727
203,8,1464.734375,439.1971740722656,1464.734375,439.1971740722656,1464.734375,439.1971740722656,,,,,0.0,0.0,0.0,0.009848548099398613,0.004218757152557373,1.4249128103256226,1.4249128103256226
203,9,1606.1800537109375,442.5089416503906,1606.1800537109375,442.5089416503906,1606.1800537109375,442.5089416503906,,,,,0.0,0.0,0.0,-0.04768507182598114,0.10095487534999847,1.4903620481491089,1.4903620481491089
203,11,225.33309936523438,735.0186767578125,225.33309936523438,735.0186767578125,225.33309936523438,735.0186767578125,,,,,0.0,0.0,0.0,-11.651848793029785,4.774466037750244,1.2958426475524902,1.2958426475524902
203,12,241.84361267089844,824.2267456054688,241.84361267089844,824.2267456054688,241.84361267089844,824.2267456054688,,,,,0.0,0.0,0.0,0.6352765560150146,-0.5778824090957642,1.6068223714828491,1.6068223714828491
203,13,1476.6695556640625,311.2183837890625,1476.6695556640625,311.2183837890625,1476.6695556640625,311.2183837890625,,,,,0.0,0.0,0.0,-0.06713009625673294,-0.56675124168396,1.4055029153823853,1.4055029153823853
204,0,568.0821533203125,689.4160766601562,568.0821533203125,689.4160766601562,568.0821533203125,689.4160766601562,,,,,0.0,0.0,0.0,0.3209325969219208,-0.22317251563072205,1.5866436958312988,1.5866436958312988
204,1,425.24200439453125,746.187255859375,425.24200439453125,746.187255859375,425.24200439453125,746.187255859375,,,,,0.0,0.0,0.0,-0.778370201587677,0.3251849412918091,1.609158992767334,1.609158992767334
204,2,704.4490966796875,619.73974609375,704.4490966796875,619.73974609375,704.4490966796875,619.73974609375,,,,,0.0,0.0,0.0,-0.0005028214654885232,-0.007425723131746054,1.9001774787902832,1.9001774787902832
204,3,-194.97825622558594,861.2442626953125,-194.97825622558594,861.2442626953125,-194.97825622558594,861.2442626953125,,,,,0.0,0.0,0.0,-3.23071551322937,1.3859645128250122,42.8885498046875,42.8885498046875
204,5,1748.908203125,453.15972900390625,1748.908203125,453.15972900390625,1748.908203125,453.15972900390625,,,,,0.0,0.0,0.0,0.048131607472896576,-0.0488310307264328,1.660966396331787,1.660966396331787
204,6,1611.2757568359375,431.2002258300781,1611.2757568359375,431.2002258300781,1611.2757568359375,431.2002258300781,,,,,0.0,0.0,0.0,0.6370095014572144,-0.19711695611476898,4.677860736846924,4.677860736846924
204,8,1464.7442626953125,439.2013854980469,1464.7442626953125,439.2013854980469,1464.7442626953125,439.2013854980469,,,,,0.0,0.0,0.0,0.0095530916005373,0.004092194605618715,1.65726637840271,1.65726637840271
204,9,1606.13232421875,442.6098937988281,1606.13232421875,442.6098937988281,1606.13232421875,442.6098937988281,,,,,0.0,0.0,0.0,-0.04625451937317848,0.09792622923851013,1.7458769083023071,1.7458769083023071
204,11,213.23953247070312,742.6483764648438,213.23953247070312,742.6483764648438,213.23953247070312,742.6483764648438,,,,,0.0,0.0,0.0,-11.683963775634766,4.982051372528076,1.4349946975708008,1.4349946975708008
204,12,242.4788818359375,823.6488647460938,242.4788818359375,823.6488647460938,242.4788818359375,823.6488647460938,,,,,0.0,0.0,0.0,0.6162182688713074,-0.5605459809303284,1.9514375925064087,1.9514375925064087
204,13,1476.6024169921875,310.6516418457031,1476.6024169921875,310.6516418457031,1476.6024169921875,310.6516418457031,,,,,0.0,0.0,0.0,-0.06511619687080383,-0.5497487187385559,1.6388278007507324,1.6388278007507324
205,0,568.403076171875,689.1929321289062,568.403076171875,689.1929321289062,568.403076171875,689.1929321289062,,,,,0.0,0.0,0.0,0.31130462884902954,-0.21647734940052032,1.8849023580551147,1.8849023580551147
205,1,423.079345703125,746.6243896484375,423.079345703125,746.6243896484375,423.079345703125,746.6243896484375,,,,,0.0,0.0,0.0,-0.90016770362854,0.3350326418876648,1.8202687501907349,1.8202687501907349
205,2,704.4486083984375,619.7322998046875,704.4486083984375,619.7322998046875,704.4486083984375,619.7322998046875,,,,,0.0,0.0,0.0,-0.00048773683374747634,-0.007202951703220606,2.2470877170562744,2.2470877170562744
205,3,-198.20896911621094,862.6302490234375,-198.20896911621094,862.6302490234375,-198.20896911621094,862.6302490234375,,,,,0.0,0.0,0.0,-3.133794069290161,1.3443856239318848,45.62360763549805,45.62360763549805
205,5,1748.956298828125,453.11090087890625,1748.956298828125,453.11090087890625,1748.956298828125,453.11090087890625,,,,,0.0,0.0,0.0,0.04668765887618065,-0.047366101294755936,1.9287714958190918,1.9287714958190918
205,6,1611.9127197265625,431.00311279296875,1611.9127197265625,431.00311279296875,1611.9127197265625,431.00311279296875,,,,,0.0,0.0,0.0,0.6178992390632629,-0.19120346009731293,5.289641857147217,5.289641857147217
205,8,1464.7537841796875,439.2054748535156,1464.7537841796875,439.2054748535156,1464.7537841796875,439.2054748535156,,,,,0.0,0.0,0.0,0.009266499429941177,0.003969429060816765,1.923918604850769,1.923918604850769
205,9,1606.0860595703125,442.70782470703125,1606.0860595703125,442.70782470703125,1606.0860595703125,442.70782470703125,,,,,0.0,0.0,0.0,-0.044866885989904404,0.09498844295740128,2.04075288772583,2.04075288772583
205,11,201.2649688720703,750.5697021484375,201.2649688720703,750.5697021484375,201.2649688720703,750.5697021484375,,,,,0.0,0.0,0.0,-11.704967498779297,5.194494247436523,1.5795819759368896,1.5795819759368896
205,12,243.0950927734375,823.0883178710938,243.0950927734375,823.0883178710938,243.0950927734375,823.0883178710938,,,,,0.0,0.0,0.0,0.5977317094802856,-0.5437296032905579,2.3585610389709473,2.3585610389709473
205,13,1476.537353515625,310.1018981933594,1476.537353515625,310.1018981933594,1476.537353515625,310.1018981933594,,,,,0.0,0.0,0.0,-0.06316271424293518,-0.5332562923431396,1.9063447713851929,1.9063447713851929
206,0,565.3226928710938,691.2406005859375,565.3226928710938,691.2406005859375,565.3226928710938,691.2406005859375,,,,,0.0,0.0,0.0,0.03829565644264221,-0.03422613441944122,1.0545549392700195,1.0545549392700195
206,1,428.7764892578125,747.9078979492188,428.7764892578125,747.9078979492188,428.7764892578125,747.9078979492188,,,,,0.0,0.0,0.0,-0.33064785599708557,0.4169118106365204,1.0439003705978394,1.0439003705978394
206,2,704.4336547851562,619.7508544921875,704.4336547851562,619.7508544921875,704.4336547851562,619.7508544921875,,,,,0.0,0.0,0.0,-0.0016206876607611775,-0.005187606438994408,1.139190673828125,1.139190673828125
206,3,-201.34275817871094,863.974609375,-201.34275817871094,863.974609375,-201.34275817871094,863.974609375,,,,,0.0,0.0,0.0,-3.039780378341675,1.3040541410446167,48.47365951538086,48.47365951538086
206,5,1748.228271484375,453.74224853515625,1748.228271484375,453.74224853515625,1748.228271484375,453.74224853515625,,,,,0.0,0.0,0.0,-0.008080880157649517,0.0006223946111276746,1.0551408529281616,1.0551408529281616
206,6,1612.5306396484375,430.8119201660156,1612.5306396484375,430.8119201660156,1612.5306396484375,430.8119201660156,,,,,0.0,0.0,0.0,0.5993622541427612,-0.18546736240386963,5.967960834503174,5.967960834503174
206,8,1464.7581787109375,439.2315368652344,1464.7581787109375,439.2315368652344,1464.7581787109375,439.2315368652344,,,,,0.0,0.0,0.0,0.00892603863030672,0.0055298758670687675,1.0537489652633667,1.0537489652633667
206,9,1606.309814453125,442.06195068359375,1606.309814453125,442.06195068359375,1606.309814453125,442.06195068359375,,,,,0.0,0.0,0.0,-0.025117652490735054,0.040539178997278214,1.0862948894500732,1.0862948894500732
206,11,166.72642517089844,757.8798828125,166.72642517089844,757.8798828125,166.72642517089844,757.8798828125,,,,,0.0,0.0,0.0,-13.337757110595703,5.345783233642578,0.9562435150146484,0.9562435150146484
206,12,242.439453125,826.2567749023438,242.439453125,826.2567749023438,242.439453125,826.2567749023438,,,,,0.0,0.0,0.0,0.48875805735588074,-0.2209755927324295,1.172419786453247,1.172419786453247
206,13,1477.4835205078125,309.1271057128906,1477.4835205078125,309.1271057128906,1477.4835205078125,309.1271057128906,,,,,0.0,0.0,0.0,0.008767486549913883,-0.5647225975990295,1.0499749183654785,1.0499749183654785
207,0,565.3609619140625,691.2063598632812,565.3609619140625,691.2063598632812,565.3609619140625,691.2063598632812,,,,,0.0,0.0,0.0,0.03714678809046745,-0.03319935128092766,1.2545702457427979,1.2545702457427979
207,1,430.287841796875,747.400390625,430.287841796875,747.400390625,430.287841796875,747.400390625,,,,,0.0,0.0,0.0,-0.166771799325943,0.33466649055480957,1.2100639343261719,1.2100639343261719
207,2,704.4320068359375,619.7456665039062,704.4320068359375,619.7456665039062,704.4320068359375,619.7456665039062,,,,,0.0,0.0,0.0,-0.0015720670344308019,-0.005031978245824575,1.3499295711517334,1.3499295711517334
207,3,-204.38253784179688,865.2786865234375,-204.38253784179688,865.2786865234375,-204.38253784179688,865.2786865234375,,,,,0.0,0.0,0.0,-2.948586940765381,1.2649325132369995,51.44108581542969,51.44108581542969
207,5,1748.22021484375,453.74285888671875,1748.22021484375,453.74285888671875,1748.22021484375,453.74285888671875,,,,,0.0,0.0,0.0,-0.007838454097509384,0.0006037228158675134,1.226507306098938,1.226507306098938
207,6,1613.1300048828125,430.62646484375,1613.1300048828125,430.62646484375,1613.1300048828125,430.62646484375,,,,,0.0,0.0,0.0,0.5813813805580139,-0.17990334331989288,6.71613883972168,6.71613883972168
207,8,1464.76708984375,439.237060546875,1464.76708984375,439.237060546875,1464.76708984375,439.237060546875,,,,,0.0,0.0,0.0,0.008658257313072681,0.0053639798425138,1.2245198488235474,1.2245198488235474
207,9,1606.28466796875,442.10247802734375,1606.28466796875,442.10247802734375,1606.28466796875,442.10247802734375,,,,,0.0,0.0,0.0,-0.02436412312090397,0.03932300582528114,1.271458387374878,1.271458387374878
207,11,154.22872924804688,764.8906860351562,154.22872924804688,764.8906860351562,154.22872924804688,764.8906860351562,,,,,0.0,0.0,0.0,-13.276009559631348,5.468171119689941,1.0741560459136963,1.0741560459136963
207,12,242.92820739746094,826.0358276367188,242.92820739746094,826.0358276367188,242.92820739746094,826.0358276367188,,,,,0.0,0.0,0.0,0.47409531474113464,-0.21434633433818817,1.4187101125717163,1.4187101125717163
207,13,1477.4923095703125,308.5623779296875,1477.4923095703125,308.5623779296875,1477.4923095703125,308.5623779296875,,,,,0.0,0.0,0.0,0.00850446242839098,-0.5477809309959412,1.221658706665039,1.221658706665039
208,0,565.3981323242188,691.1731567382812,565.3981323242188,691.1731567382812,565.3981323242188,691.1731567382812,,,,,0.0,0.0,0.0,0.036032386124134064,-0.032203372567892075,1.4938712120056152,1.4938712120056152
208,1,432.1679382324219,746.6961059570312,432.1679382324219,746.6961059570312,432.1679382324219,746.6961059570312,,,,,0.0,0.0,0.0,0.01712193340063095,0.24132569134235382,1.3958547115325928,1.3958547115325928
208,2,704.430419921875,619.7406616210938,704.430419921875,619.7406616210938,704.430419921875,619.7406616210938,,,,,0.0,0.0,0.0,-0.0015249050920829177,-0.004881019238382578,1.6023582220077515,1.6023582220077515
208,3,-207.3311309814453,866.5436401367188,-207.3311309814453,866.5436401367188,-207.3311309814453,866.5436401367188,,,,,0.0,0.0,0.0,-2.8601293563842773,1.2269846200942993,54.52825164794922,54.52825164794922
208,5,1748.21240234375,453.74346923828125,1748.21240234375,453.74346923828125,1748.21240234375,453.74346923828125,,,,,0.0,0.0,0.0,-0.0076033007353544235,0.0005856111529283226,1.427663803100586,1.427663803100586
208,6,1613.71142578125,430.4465637207031,1613.71142578125,430.4465637207031,1613.71142578125,430.4465637207031,,,,,0.0,0.0,0.0,0.5639399290084839,-0.17450624704360962,7.537496566772461,7.537496566772461
208,8,1464.7757568359375,439.242431640625,1464.7757568359375,439.242431640625,1464.7757568359375,439.242431640625,,,,,0.0,0.0,0.0,0.008398509584367275,0.005203060805797577,1.4249128103256226,1.4249128103256226
208,9,1606.26025390625,442.1418151855469,1606.26025390625,442.1418151855469,1606.26025390625,442.1418151855469,,,,,0.0,0.0,0.0,-0.0236332006752491,0.03814331814646721,1.4904026985168457,1.4904026985168457
208,11,142.03590393066406,772.0808715820312,142.03590393066406,772.0808715820312,142.03590393066406,772.0808715820312,,,,,0.0,0.0,0.0,-13.195353507995605,5.596392631530762,1.2037065029144287,1.2037065029144287
208,12,243.4022979736328,825.8214721679688,243.4022979736328,825.8214721679688,243.4022979736328,825.8214721679688,,,,,0.0,0.0,0.0,0.45987245440483093,-0.20791594684123993,1.717923879623413,1.717923879623413
208,13,1477.5008544921875,308.01458740234375,1477.5008544921875,308.01458740234375,1477.5008544921875,308.01458740234375,,,,,0.0,0.0,0.0,0.008249328471720219,-0.5313475131988525,1.422829031944275,1.422829031944275
209,0,565.4341430664062,691.1409301757812,565.4341430664062,691.1409301757812,565.4341430664062,691.1409301757812,,,,,0.0,0.0,0.0,0.03495141491293907,-0.031237272545695305,1.7758963108062744,1.7758963108062744
209,1,434.4137878417969,745.7814331054688,434.4137878417969,745.7814331054688,434.4137878417969,745.7814331054688,,,,,0.0,0.0,0.0,0.2165330946445465,0.13789509236812592,1.5971150398254395,1.5971150398254395
209,2,704.4288940429688,619.7357788085938,704.4288940429688,619.7357788085938,704.4288940429688,619.7357788085938,,,,,0.0,0.0,0.0,-0.0014791579451411963,-0.004734588786959648,1.900177240371704,1.900177240371704
209,3,-210.19125366210938,867.7706298828125,-210.19125366210938,867.7706298828125,-210.19125366210938,867.7706298828125,,,,,0.0,0.0,0.0,-2.7743256092071533,1.190175175666809,57.737525939941406,57.737525939941406
209,5,1748.204833984375,453.7440490722656,1748.204833984375,453.7440490722656,1748.204833984375,453.7440490722656,,,,,0.0,0.0,0.0,-0.007375202141702175,0.0005680428585037589,1.660966396331787,1.660966396331787
209,6,1614.275390625,430.2720642089844,1614.275390625,430.2720642089844,1614.275390625,430.2720642089844,,,,,0.0,0.0,0.0,0.547021746635437,-0.1692710667848587,8.435355186462402,8.435355186462402
209,8,1464.7841796875,439.24761962890625,1464.7841796875,439.24761962890625,1464.7841796875,439.24761962890625,,,,,0.0,0.0,0.0,0.008146554231643677,0.0050469692796468735,1.65726637840271,1.65726637840271
209,9,1606.236572265625,442.1799621582031,1606.236572265625,442.1799621582031,1606.236572265625,442.1799621582031,,,,,0.0,0.0,0.0,-0.022924205288290977,0.03699902072548866,1.7459180355072021,1.7459180355072021
209,11,130.05538940429688,779.4456787109375,130.05538940429688,779.4456787109375,130.05538940429688,779.4456787109375,,,,,0.0,0.0,0.0,-13.104698181152344,5.728358745574951,1.3428499698638916,1.3428499698638916
209,12,243.86216735839844,825.6135864257812,243.86216735839844,825.6135864257812,243.86216735839844,825.6135864257812,,,,,0.0,0.0,0.0,0.44607630372047424,-0.20167846977710724,2.0752367973327637,2.0752367973327637
209,13,1477.5091552734375,307.4832458496094,1477.5091552734375,307.4832458496094,1477.5091552734375,307.4832458496094,,,,,0.0,0.0,0.0,0.008001849055290222,-0.5154070854187012,1.6558468341827393,1.6558468341827393
210,0,565.4691162109375,691.1096801757812,565.4691162109375,691.1096801757812,565.4691162109375,691.1096801757812,,,,,0.0,0.0,0.0,0.03390287235379219,-0.03030015528202057,2.104084014892578,2.104084014892578
210,1,437.0138854980469,744.6663818359375,437.0138854980469,744.6663818359375,437.0138854980469,744.6663818359375,,,,,0.0,0.0,0.0,0.4269663691520691,0.027278080582618713,1.8086278438568115,1.8086278438568115
210,2,704.4274291992188,619.7310180664062,704.4274291992188,619.7310180664062,704.4274291992188,619.7310180664062,,,,,0.0,0.0,0.0,-0.0014347832184284925,-0.00459255138412118,2.2470874786376953,2.2470874786376953
210,3,-212.965576171875,868.9608154296875,-212.965576171875,868.9608154296875,-212.965576171875,868.9608154296875,,,,,0.0,0.0,0.0,-2.6910958290100098,1.1544699668884277,61.07128143310547,61.07128143310547
210,5,1748.197509765625,453.74462890625,1748.197509765625,453.74462890625,1748.197509765625,453.74462890625,,,,,0.0,0.0,0.0,-0.007153946440666914,0.0005510015762411058,1.9287714958190918,1.9287714958190918
210,6,1614.8223876953125,430.102783203125,1614.8223876953125,430.102783203125,1614.8223876953125,430.102783203125,,,,,0.0,0.0,0.0,0.5306110978126526,-0.16419294476509094,9.413034439086914,9.413034439086914
210,8,1464.7923583984375,439.2526550292969,1464.7923583984375,439.2526550292969,1464.7923583984375,439.2526550292969,,,,,0.0,0.0,0.0,0.007902157492935658,0.004895560443401337,1.923918604850769,1.923918604850769
210,9,1606.213623046875,442.2169494628906,1606.213623046875,442.2169494628906,1606.213623046875,442.2169494628906,,,,,0.0,0.0,0.0,-0.022236479446291924,0.03588905185461044,2.040794849395752,2.040794849395752
210,11,118.66352081298828,787.007080078125,118.66352081298828,787.007080078125,118.66352081298828,787.007080078125,,,,,0.0,0.0,0.0,-12.977605819702148,5.864373207092285,1.4890810251235962,1.4890810251235962
210,12,244.30824279785156,825.4119262695312,244.30824279785156,825.4119262695312,244.30824279785156,825.4119262695312,,,,,0.0,0.0,0.0,0.4326940178871155,-0.1956281214952469,2.4958243370056152,2.4958243370056152
210,13,1477.5172119140625,306.96783447265625,1477.5172119140625,306.96783447265625,1477.5172119140625,306.96783447265625,,,,,0.0,0.0,0.0,0.007761793676763773,-0.49994489550590515,1.923073172569275,1.923073172569275
211,0,563.7966918945312,692.1148681640625,563.7966918945312,692.1148681640625,563.7966918945312,692.1148681640625,,,,,0.0,0.0,0.0,-0.10084591060876846,0.05147261545062065,1.1075159311294556,1.1075159311294556
211,1,436.29608154296875,747.102783203125,436.29608154296875,747.102783203125,436.29608154296875,747.102783203125,,,,,0.0,0.0,0.0,0.327836275100708,0.23589584231376648,1.0410043001174927,1.0410043001174927
211,2,704.5965576171875,619.9337768554688,704.5965576171875,619.9337768554688,704.5965576171875,619.9337768554688,,,,,0.0,0.0,0.0,0.011929131112992764,0.011650037951767445,1.1391905546188354,1.1391905546188354
211,3,-215.65667724609375,870.1152954101562,-215.65667724609375,870.1152954101562,-215.65667724609375,870.1152954101562,,,,,0.0,0.0,0.0,-2.610363006591797,1.1198358535766602,64.53189086914062,64.53189086914062
211,5,1749.1080322265625,454.4974365234375,1749.1080322265625,454.4974365234375,1749.1080322265625,454.4974365234375,,,,,0.0,0.0,0.0,0.0577368438243866,0.053739503026008606,1.0551408529281616,1.0551408529281616
211,6,1610.3529052734375,432.7049865722656,1610.3529052734375,432.7049865722656,1610.3529052734375,432.7049865722656,,,,,0.0,0.0,0.0,0.26992201805114746,-0.019960792735219002,1.679329514503479,1.679329514503479
211,8,1464.9700927734375,439.0919494628906,1464.9700927734375,439.0919494628906,1464.9700927734375,439.0919494628906,,,,,0.0,0.0,0.0,0.019886387512087822,-0.0067924680188298225,1.0537489652633667,1.0537489652633667
211,9,1606.275146484375,441.55279541015625,1606.275146484375,441.55279541015625,1606.275146484375,441.55279541015625,,,,,0.0,0.0,0.0,-0.01608225144445896,-0.015558192506432533,1.0863038301467896,1.0863038301467896
211,11,89.20167541503906,796.3135375976562,89.20167541503906,796.3135375976562,89.20167541503906,796.3135375976562,,,,,0.0,0.0,0.0,-14.18701457977295,6.116909980773926,0.928863525390625,0.928863525390625
211,12,244.85906982421875,826.1607055664062,244.85906982421875,826.1607055664062,244.85906982421875,826.1607055664062,,,,,0.0,0.0,0.0,0.4427333474159241,-0.1153755933046341,1.197570562362671,1.197570562362671
211,13,1478.36572265625,306.3529052734375,1478.36572265625,306.3529052734375,1478.36572265625,306.3529052734375,,,,,0.0,0.0,0.0,0.06718723475933075,-0.508072555065155,1.0536729097366333,1.0536729097366333
212,0,562.1983032226562,692.3157958984375,562.1983032226562,692.3157958984375,562.1983032226562,692.3157958984375,,,,,0.0,0.0,0.0,-0.22207769751548767,0.06357153505086899,1.2576756477355957,1.2576756477355957
212,1,436.84954833984375,746.8552856445312,436.84954833984375,746.8552856445312,436.84954833984375,746.8552856445312,,,,,0.0,0.0,0.0,0.3479578495025635,0.19278274476528168,1.2074482440948486,1.2074482440948486
212,2,704.6084594726562,619.9454345703125,704.6084594726562,619.9454345703125,704.6084594726562,619.9454345703125,,,,,0.0,0.0,0.0,0.011571257375180721,0.011300536803901196,1.3499294519424438,1.3499294519424438
212,3,-218.2670440673828,871.235107421875,-218.2670440673828,871.235107421875,-218.2670440673828,871.235107421875,,,,,0.0,0.0,0.0,-2.5320522785186768,1.0862407684326172,68.12171936035156,68.12171936035156
212,5,1749.165771484375,454.5511779785156,1749.165771484375,454.5511779785156,1749.165771484375,454.5511779785156,,,,,0.0,0.0,0.0,0.05600474029779434,0.05212732031941414,1.226507306098938,1.226507306098938
212,6,1610.622802734375,432.6850280761719,1610.622802734375,432.6850280761719,1610.622802734375,432.6850280761719,,,,,0.0,0.0,0.0,0.261824369430542,-0.019361969083547592,1.885665774345398,1.885665774345398
212,8,1464.989990234375,439.08514404296875,1464.989990234375,439.08514404296875,1464.989990234375,439.08514404296875,,,,,0.0,0.0,0.0,0.01928979717195034,-0.0065886941738426685,1.2245197296142578,1.2245197296142578
212,9,1606.259033203125,441.5372314453125,1606.259033203125,441.5372314453125,1606.259033203125,441.5372314453125,,,,,0.0,0.0,0.0,-0.015599784441292286,-0.015091447159647942,1.2714661359786987,1.2714661359786987
212,11,77.6681900024414,803.3546752929688,77.6681900024414,803.3546752929688,77.6681900024414,803.3546752929688,,,,,0.0,0.0,0.0,-13.987438201904297,6.186422348022461,1.0482889413833618,1.0482889413833618
212,12,245.3018035888672,826.0453491210938,245.3018035888672,826.0453491210938,245.3018035888672,826.0453491210938,,,,,0.0,0.0,0.0,0.4294513463973999,-0.11191432923078537,1.443560242652893,1.443560242652893
212,13,1478.432861328125,305.8448181152344,1478.432861328125,305.8448181152344,1478.432861328125,305.8448181152344,,,,,0.0,0.0,0.0,0.06517162173986435,-0.49283039569854736,1.22468900680542,1.22468900680542
213,0,560.3551025390625,692.538330078125,560.3551025390625,692.538330078125,560.3551025390625,692.538330078125,,,,,0.0,0.0,0.0,-0.3545280694961548,0.07655713707208633,1.422160029411316,1.422160029411316
213,1,437.434326171875,746.510498046875,437.434326171875,746.510498046875,437.434326171875,746.510498046875,,,,,0.0,0.0,0.0,0.3692767322063446,0.1443907767534256,1.393538236618042,1.393538236618042
213,2,704.6200561523438,619.9567260742188,704.6200561523438,619.9567260742188,704.6200561523438,619.9567260742188,,,,,0.0,0.0,0.0,0.011224119924008846,0.010961521416902542,1.602358102798462,1.602358102798462
213,3,-220.79910278320312,872.3213500976562,-220.79910278320312,872.3213500976562,-220.79910278320312,872.3213500976562,,,,,0.0,0.0,0.0,-2.4560906887054443,1.053653597831726,71.8431396484375,71.8431396484375
213,5,1749.2218017578125,454.6033020019531,1749.2218017578125,454.6033020019531,1749.2218017578125,454.6033020019531,,,,,0.0,0.0,0.0,0.05432460084557533,0.0505635030567646,1.427663803100586,1.427663803100586
213,6,1610.8846435546875,432.6656799316406,1610.8846435546875,432.6656799316406,1610.8846435546875,432.6656799316406,,,,,0.0,0.0,0.0,0.25396963953971863,-0.018781110644340515,2.133974075317383,2.133974075317383
213,8,1465.00927734375,439.07855224609375,1465.00927734375,439.07855224609375,1465.00927734375,439.07855224609375,,,,,0.0,0.0,0.0,0.01871110312640667,-0.0063910335302352905,1.424912691116333,1.424912691116333
213,9,1606.243408203125,441.5221252441406,1606.243408203125,441.5221252441406,1606.243408203125,441.5221252441406,,,,,0.0,0.0,0.0,-0.01513179112225771,-0.014638704247772694,1.4904093742370605,1.4904093742370605
213,11,63.28395080566406,810.118408203125,63.28395080566406,810.118408203125,63.28395080566406,810.118408203125,,,,,0.0,0.0,0.0,-14.017589569091797,6.230289936065674,1.179688811302185,1.179688811302185
213,12,244.9290313720703,826.4891967773438,244.9290313720703,826.4891967773438,244.9290313720703,826.4891967773438,,,,,0.0,0.0,0.0,0.35820499062538147,-0.0625530332326889,1.646878957748413,1.646878957748413
213,13,1478.498046875,305.35198974609375,1478.498046875,305.35198974609375,1478.498046875,305.35198974609375,,,,,0.0,0.0,0.0,0.06321647763252258,-0.4780454933643341,1.4252737760543823,1.4252737760543823
214,0,558.2777709960938,692.7855834960938,558.2777709960938,692.7855834960938,558.2777709960938,692.7855834960938,,,,,0.0,0.0,0.0,-0.49502140283584595,0.0904783383011818,1.5975736379623413,1.5975736379623413
214,1,438.0364685058594,746.0571899414062,438.0364685058594,746.0571899414062,438.0364685058594,746.0571899414062,,,,,0.0,0.0,0.0,0.3901462256908417,0.09082841873168945,1.595109224319458,1.595109224319458
214,2,704.6312866210938,619.9677124023438,704.6312866210938,619.9677124023438,704.6312866210938,619.9677124023438,,,,,0.0,0.0,0.0,0.010887396521866322,0.01063267607241869,1.900177240371704,1.900177240371704
214,3,-223.25518798828125,873.375,-223.25518798828125,873.375,-223.25518798828125,873.375,,,,,0.0,0.0,0.0,-2.3824081420898438,1.022044062614441,75.69852447509766,75.69852447509766
214,5,1749.276123046875,454.65386962890625,1749.276123046875,454.65386962890625,1749.276123046875,454.65386962890625,,,,,0.0,0.0,0.0,0.05269486457109451,0.0490465983748436,1.660966396331787,1.660966396331787
214,6,1611.138671875,432.64691162109375,1611.138671875,432.64691162109375,1611.138671875,432.64691162109375,,,,,0.0,0.0,0.0,0.24635055661201477,-0.018217677250504494,2.42757511138916,2.42757511138916
214,8,1465.0279541015625,439.0721740722656,1465.0279541015625,439.0721740722656,1465.0279541015625,439.0721740722656,,,,,0.0,0.0,0.0,0.01814977079629898,-0.006199302617460489,1.6572661399841309,1.6572661399841309
214,9,1606.228271484375,441.5074768066406,1606.228271484375,441.5074768066406,1606.228271484375,441.5074768066406,,,,,0.0,0.0,0.0,-0.014677837491035461,-0.014199543744325638,1.7459237575531006,1.7459237575531006
214,11,49.01042938232422,816.780029296875,49.01042938232422,816.780029296875,49.01042938232422,816.780029296875,,,,,0.0,0.0,0.0,-14.037029266357422,6.263051509857178,1.3209749460220337,1.3209749460220337
214,12,244.4220428466797,827.0225830078125,244.4220428466797,827.0225830078125,244.4220428466797,827.0225830078125,,,,,0.0,0.0,0.0,0.28159335255622864,-0.009781082160770893,1.862930417060852,1.862930417060852
214,13,1478.561279296875,304.8739318847656,1478.561279296875,304.8739318847656,1478.561279296875,304.8739318847656,,,,,0.0,0.0,0.0,0.0613199844956398,-0.4637041389942169,1.6577880382537842,1.6577880382537842
215,0,556.0313720703125,693.045654296875,556.0313720703125,693.045654296875,556.0313720703125,693.045654296875,,,,,0.0,0.0,0.0,-0.6364744305610657,0.10417721420526505,1.7798810005187988,1.7798810005187988
215,1,438.6361999511719,745.5029907226562,438.6361999511719,745.5029907226562,438.6361999511719,745.5029907226562,,,,,0.0,0.0,0.0,0.40867456793785095,0.033810462802648544,1.8069342374801636,1.8069342374801636
215,2,704.6421508789062,619.9783325195312,704.6421508789062,619.9783325195312,704.6421508789062,619.9783325195312,,,,,0.0,0.0,0.0,0.010560775175690651,0.010313696227967739,2.2470874786376953,2.2470874786376953
215,3,-225.63760375976562,874.3970336914062,-225.63760375976562,874.3970336914062,-225.63760375976562,874.3970336914062,,,,,0.0,0.0,0.0,-2.3109359741210938,0.9913827776908875,79.69024658203125,79.69024658203125
215,5,1749.328857421875,454.7029113769531,1749.328857421875,454.7029113769531,1749.328857421875,454.7029113769531,,,,,0.0,0.0,0.0,0.05111401900649071,0.0475752018392086,1.9287714958190918,1.9287714958190918
215,6,1611.385009765625,432.6286926269531,1611.385009765625,432.6286926269531,1611.385009765625,432.6286926269531,,,,,0.0,0.0,0.0,0.23896004259586334,-0.017671147361397743,2.769789934158325,2.769789934158325
215,8,1465.046142578125,439.06597900390625,1465.046142578125,439.06597900390625,1465.046142578125,439.06597900390625,,,,,0.0,0.0,0.0,0.01760527864098549,-0.006013323552906513,1.92391836643219,1.92391836643219
215,9,1606.213623046875,441.4932861328125,1606.213623046875,441.4932861328125,1606.213623046875,441.4932861328125,,,,,0.0,0.0,0.0,-0.014237502589821815,-0.013773557730019093,2.040799617767334,2.040799617767334
215,11,34.924949645996094,823.4050903320312,34.924949645996094,823.4050903320312,34.924949645996094,823.4050903320312,,,,,0.0,0.0,0.0,-14.040679931640625,6.29032564163208,1.4695792198181152,1.4695792198181152
215,12,243.75711059570312,827.640625,243.75711059570312,827.640625,243.75711059570312,827.640625,,,,,0.0,0.0,0.0,0.198735773563385,0.045176200568675995,2.0855305194854736,2.0855305194854736
215,13,1478.62255859375,304.41021728515625,1478.62255859375,304.41021728515625,1478.62255859375,304.41021728515625,,,,,0.0,0.0,0.0,0.05948038771748543,-0.4497930407524109,1.9245928525924683,1.9245928525924683
216,0,559.0083618164062,693.0446166992188,559.0083618164062,693.0446166992188,559.0083618164062,693.0446166992188,,,,,0.0,0.0,0.0,-0.3489679992198944,0.0958051010966301,1.0249545574188232,1.0249545574188232
216,1,437.1014709472656,747.4002685546875,437.1014709472656,747.4002685546875,437.1014709472656,747.4002685546875,,,,,0.0,0.0,0.0,0.2402239888906479,0.19533517956733704,1.0406365394592285,1.0406365394592285
216,2,704.7177124023438,620.0742797851562,704.7177124023438,620.0742797851562,704.7177124023438,620.0742797851562,,,,,0.0,0.0,0.0,0.01565360650420189,0.017021527513861656,1.1391905546188354,1.1391905546188354
216,3,-227.94854736328125,875.388427734375,-227.94854736328125,875.388427734375,-227.94854736328125,875.388427734375,,,,,0.0,0.0,0.0,-2.241607904434204,0.9616413116455078,83.82067108154297,83.82067108154297
216,5,1749.708251953125,455.0097961425781,1749.708251953125,455.0097961425781,1749.708251953125,455.0097961425781,,,,,0.0,0.0,0.0,0.07432280480861664,0.06590954959392548,1.0551408529281616,1.0551408529281616
216,6,1610.4716796875,433.22235107421875,1610.4716796875,433.22235107421875,1610.4716796875,433.22235107421875,,,,,0.0,0.0,0.0,0.1643153429031372,0.02192571386694908,1.2253975868225098,1.2253975868225098
216,8,1465.0517578125,439.00909423828125,1465.0517578125,439.00909423828125,1465.0517578125,439.00909423828125,,,,,0.0,0.0,0.0,0.01676093600690365,-0.009602918289601803,1.0537489652633667,1.0537489652633667
216,9,1606.470703125,441.20770263671875,1606.470703125,441.20770263671875,1606.470703125,441.20770263671875,,,,,0.0,0.0,0.0,0.005706422030925751,-0.033750373870134354,1.0863046646118164,1.0863046646118164
216,11,22.204723358154297,824.7405395507812,22.204723358154297,824.7405395507812,22.204723358154297,824.7405395507812,,,,,0.0,0.0,0.0,-13.942514419555664,5.921968936920166,0.9233900904655457,0.9233900904655457
216,12,244.99221801757812,827.0770874023438,244.99221801757812,827.0770874023438,244.99221801757812,827.0770874023438,,,,,0.0,0.0,0.0,0.2879272401332855,-0.00720704672858119,1.1112180948257446,1.1112180948257446
216,13,1479.494873046875,303.8729248046875,1479.494873046875,303.8729248046875,1479.494873046875,303.8729248046875,,,,,0.0,0.0,0.0,0.11685342341661453,-0.4559686779975891,1.053937315940857,1.053937315940857
217,0,558.659423828125,693.1404418945312,558.659423828125,693.1404418945312,558.659423828125,693.1404418945312,,,,,0.0,0.0,0.0,-0.3384989798069,0.09293095022439957,1.2179394960403442,1.2179394960403442
217,1,437.5303649902344,747.1041259765625,437.5303649902344,747.1041259765625,437.5303649902344,747.1041259765625,,,,,0.0,0.0,0.0,0.25706052780151367,0.15147839486598969,1.207202434539795,1.207202434539795
217,2,704.7333374023438,620.09130859375,704.7333374023438,620.09130859375,704.7333374023438,620.09130859375,,,,,0.0,0.0,0.0,0.015183999203145504,0.01651088148355484,1.3499294519424438,1.3499294519424438
217,3,-230.19015502929688,876.35009765625,-230.19015502929688,876.35009765625,-230.19015502929688,876.35009765625,,,,,0.0,0.0,0.0,-2.1743597984313965,0.9327921271324158,88.09217834472656,88.09217834472656
217,5,1749.7825927734375,455.0757141113281,1749.7825927734375,455.0757141113281,1749.7825927734375,455.0757141113281,,,,,0.0,0.0,0.0,0.07209312170743942,0.06393226236104965,1.226507306098938,1.226507306098938
217,6,1610.635986328125,433.2442626953125,1610.635986328125,433.2442626953125,1610.635986328125,433.2442626953125,,,,,0.0,0.0,0.0,0.15938588976860046,0.02126794308423996,1.415537714958191,1.415537714958191
217,8,1465.0684814453125,438.9994812011719,1465.0684814453125,438.9994812011719,1465.0684814453125,438.9994812011719,,,,,0.0,0.0,0.0,0.016258107498288155,-0.009314831346273422,1.2245198488235474,1.2245198488235474
217,9,1606.4764404296875,441.1739501953125,1606.4764404296875,441.1739501953125,1606.4764404296875,441.1739501953125,,,,,0.0,0.0,0.0,0.005535229574888945,-0.032737862318754196,1.271466612815857,1.271466612815857
217,11,8.546048164367676,831.0643310546875,8.546048164367676,831.0643310546875,8.546048164367676,831.0643310546875,,,,,0.0,0.0,0.0,-13.920947074890137,5.952500820159912,1.0441190004348755,1.0441190004348755
217,12,244.9127960205078,827.3679809570312,244.9127960205078,827.3679809570312,244.9127960205078,827.3679809570312,,,,,0.0,0.0,0.0,0.2549893856048584,0.01952333375811577,1.2869811058044434,1.2869811058044434
217,13,1479.6116943359375,303.4169616699219,1479.6116943359375,303.4169616699219,1479.6116943359375,303.4169616699219,,,,,0.0,0.0,0.0,0.11334782093763351,-0.4422896206378937,1.2248244285583496,1.2248244285583496
218,0,560.252197265625,692.710693359375,560.252197265625,692.710693359375,560.252197265625,692.710693359375,,,,,0.0,0.0,0.0,-0.17846468091011047,0.0496152900159359,1.3826801776885986,1.3826801776885986
218,1,437.97607421875,746.7122802734375,437.97607421875,746.7122802734375,437.97607421875,746.7122802734375,,,,,0.0,0.0,0.0,0.2740493714809418,0.10254751145839691,1.393383502960205,1.393383502960205
218,2,704.74853515625,620.1078491210938,704.74853515625,620.1078491210938,704.74853515625,620.1078491210938,,,,,0.0,0.0,0.0,0.014728480018675327,0.01601555570960045,1.602358102798462,1.602358102798462
218,3,-232.36451721191406,877.2828979492188,-232.36451721191406,877.2828979492188,-232.36451721191406,877.2828979492188,,,,,0.0,0.0,0.0,-2.109128952026367,0.9048084020614624,92.50712585449219,92.50712585449219
218,5,1749.854736328125,455.1396484375,1749.854736328125,455.1396484375,1749.854736328125,455.1396484375,,,,,0.0,0.0,0.0,0.06993032991886139,0.062014296650886536,1.427663803100586,1.427663803100586
218,6,1610.79541015625,433.2655334472656,1610.79541015625,433.2655334472656,1610.79541015625,433.2655334472656,,,,,0.0,0.0,0.0,0.15460431575775146,0.02062990516424179,1.6479874849319458,1.6479874849319458
218,8,1465.084716796875,438.99017333984375,1465.084716796875,438.99017333984375,1465.084716796875,438.99017333984375,,,,,0.0,0.0,0.0,0.015770364552736282,-0.009035387076437473,1.4249128103256226,1.4249128103256226
218,9,1606.48193359375,441.1412048339844,1606.48193359375,441.1412048339844,1606.48193359375,441.1412048339844,,,,,0.0,0.0,0.0,0.005369172897189856,-0.0317557267844677,1.4904097318649292,1.4904097318649292
218,11,-5.374898910522461,837.016845703125,-5.374898910522461,837.016845703125,-5.374898910522461,837.016845703125,,,,,0.0,0.0,0.0,-13.503318786621094,5.77392578125,1.2247889041900635,1.2247889041900635
218,12,244.7560272216797,827.7114868164062,244.7560272216797,827.7114868164062,244.7560272216797,827.7114868164062,,,,,0.0,0.0,0.0,0.21744027733802795,0.049066051840782166,1.4847651720046997,1.4847651720046997
218,13,1479.72509765625,302.97467041015625,1479.72509765625,302.97467041015625,1479.72509765625,302.97467041015625,,,,,0.0,0.0,0.0,0.10994739085435867,-0.4290209412574768,1.4253876209259033,1.4253876209259033
219,0,560.07373046875,692.7603149414062,560.07373046875,692.7603149414062,560.07373046875,692.7603149414062,,,,,0.0,0.0,0.0,-0.1731107383966446,0.04812683165073395,1.6446963548660278,1.6446963548660278
219,1,438.0793151855469,746.3008422851562,438.0793151855469,746.3008422851562,438.0793151855469,746.3008422851562,,,,,0.0,0.0,0.0,0.258739709854126,0.056481823325157166,1.595015525817871,1.595015525817871
219,2,704.7632446289062,620.1238403320312,704.7632446289062,620.1238403320312,704.7632446289062,620.1238403320312,,,,,0.0,0.0,0.0,0.014286626130342484,0.015535089187324047,1.900177240371704,1.900177240371704
219,3,-234.47364807128906,878.1876831054688,-234.47364807128906,878.1876831054688,-234.47364807128906,878.1876831054688,,,,,0.0,0.0,0.0,-2.0458550453186035,0.8776641488075256,97.06788635253906,97.06788635253906
219,5,1749.9246826171875,455.20166015625,1749.9246826171875,455.20166015625,1749.9246826171875,455.20166015625,,,,,0.0,0.0,0.0,0.06783242523670197,0.06015386804938316,1.660966396331787,1.660966396331787
219,6,1610.9500732421875,433.2861633300781,1610.9500732421875,433.2861633300781,1610.9500732421875,433.2861633300781,,,,,0.0,0.0,0.0,0.14996619522571564,0.02001100778579712,1.92606782913208,1.92606782913208
219,8,1465.1004638671875,438.98114013671875,1465.1004638671875,438.98114013671875,1465.1004638671875,438.98114013671875,,,,,0.0,0.0,0.0,0.015297253616154194,-0.008764325641095638,1.65726637840271,1.65726637840271
219,9,1606.4873046875,441.10943603515625,1606.4873046875,441.10943603515625,1606.4873046875,441.10943603515625,,,,,0.0,0.0,0.0,0.005208097863942385,-0.030803056433796883,1.7459241151809692,1.7459241151809692
219,11,-18.878217697143555,842.790771484375,-18.878217697143555,842.790771484375,-18.878217697143555,842.790771484375,,,,,0.0,0.0,0.0,-13.098219871520996,5.6007080078125,1.4355146884918213,1.4355146884918213
219,12,244.53919982910156,828.0928344726562,244.53919982910156,828.0928344726562,244.53919982910156,828.0928344726562,,,,,0.0,0.0,0.0,0.17781679332256317,0.07938434928655624,1.6997318267822266,1.6997318267822266
219,13,1479.8350830078125,302.545654296875,1479.8350830078125,302.545654296875,1479.8350830078125,302.545654296875,,,,,0.0,0.0,0.0,0.10664897412061691,-0.4161503314971924,1.6579878330230713,1.6579878330230713
220,0,559.900634765625,692.8084716796875,559.900634765625,692.8084716796875,559.900634765625,692.8084716796875,,,,,0.0,0.0,0.0,-0.1679174154996872,0.04668302834033966,1.9512336254119873,1.9512336254119873
220,1,438.1568908691406,745.79150390625,438.1568908691406,745.79150390625,438.1568908691406,745.79150390625,,,,,0.0,0.0,0.0,0.24272528290748596,0.006463519297540188,1.8068732023239136,1.8068732023239136
220,2,704.7775268554688,620.139404296875,704.7775268554688,620.139404296875,704.7775268554688,620.139404296875,,,,,0.0,0.0,0.0,0.013858027756214142,0.01506903674453497,2.2470874786376953,2.2470874786376953
220,3,-236.51950073242188,879.0653686523438,-236.51950073242188,879.0653686523438,-236.51950073242188,879.0653686523438,,,,,0.0,0.0,0.0,-1.9844794273376465,0.851334273815155,101.7768325805664,101.7768325805664
220,5,1749.9925537109375,455.2618103027344,1749.9925537109375,455.2618103027344,1749.9925537109375,455.2618103027344,,,,,0.0,0.0,0.0,0.06579745560884476,0.058349255472421646,1.9287714958190918,1.9287714958190918
220,6,1611.10009765625,433.3061828613281,1611.10009765625,433.3061828613281,1611.10009765625,433.3061828613281,,,,,0.0,0.0,0.0,0.14546720683574677,0.01941067725419998,2.253099203109741,2.253099203109741
220,8,1465.11572265625,438.9723815917969,1465.11572265625,438.9723815917969,1465.11572265625,438.9723815917969,,,,,0.0,0.0,0.0,0.014838336035609245,-0.008501396514475346,1.923918604850769,1.923918604850769
220,9,1606.4925537109375,441.0786437988281,1606.4925537109375,441.0786437988281,1606.4925537109375,441.0786437988281,,,,,0.0,0.0,0.0,0.005051854997873306,-0.029878966510295868,2.040800094604492,2.040800094604492
220,11,-31.976436614990234,848.3914794921875,-31.976436614990234,848.3914794921875,-31.976436614990234,848.3914794921875,,,,,0.0,0.0,0.0,-12.705273628234863,5.432686805725098,1.6785567998886108,1.6785567998886108
220,12,244.2440185546875,828.52392578125,244.2440185546875,828.52392578125,244.2440185546875,828.52392578125,,,,,0.0,0.0,0.0,0.1351054459810257,0.11114124208688736,1.9257954359054565,1.9257954359054565
220,13,1479.9417724609375,302.1295166015625,1479.9417724609375,302.1295166015625,1479.9417724609375,302.1295166015625,,,,,0.0,0.0,0.0,0.1034495085477829,-0.40366584062576294,1.9249861240386963,1.9249861240386963
221,0,561.1707763671875,692.9490356445312,561.1707763671875,692.9490356445312,561.1707763671875,692.9490356445312,,,,,0.0,0.0,0.0,-0.05319831520318985,0.05417400598526001,1.0710055828094482,1.0710055828094482
221,1,436.80609130859375,747.5797119140625,436.80609130859375,747.5797119140625,436.80609130859375,747.5797119140625,,,,,0.0,0.0,0.0,0.10459858179092407,0.16089984774589539,1.040622353553772,1.040622353553772
221,2,704.7659301757812,620.1526489257812,704.7659301757812,620.1526489257812,704.7659301757812,620.1526489257812,,,,,0.0,0.0,0.0,0.011864470317959785,0.01492741797119379,1.1391905546188354,1.1391905546188354
221,3,-238.5039825439453,879.9166870117188,-238.5039825439453,879.9166870117188,-238.5039825439453,879.9166870117188,,,,,0.0,0.0,0.0,-1.9249451160430908,0.8257942795753479,106.63634490966797,106.63634490966797
221,5,1750.0322265625,455.2680358886719,1750.0322265625,455.2680358886719,1750.0322265625,455.2680358886719,,,,,0.0,0.0,0.0,0.06394876539707184,0.05466439947485924,1.0551408529281616,1.0551408529281616
221,6,1610.3829345703125,433.46563720703125,1610.3829345703125,433.46563720703125,1610.3829345703125,433.46563720703125,,,,,0.0,0.0,0.0,0.08071243017911911,0.0299236960709095,1.1365171670913696,1.1365171670913696
221,8,1465.088623046875,438.9862365722656,1465.088623046875,438.9862365722656,1465.088623046875,438.9862365722656,,,,,0.0,0.0,0.0,0.01187859382480383,-0.006921656895428896,1.0537489652633667,1.0537489652633667
221,9,1606.595947265625,440.9965515136719,1606.595947265625,440.9965515136719,1606.595947265625,440.9965515136719,,,,,0.0,0.0,0.0,0.01228293776512146,-0.033716216683387756,1.086304783821106,1.086304783821106
221,11,-44.68170928955078,853.8241577148438,-44.68170928955078,853.8241577148438,-44.68170928955078,853.8241577148438,,,,,0.0,0.0,0.0,-12.324115753173828,5.2697062492370605,1.9561758041381836,1.9561758041381836
221,12,246.25546264648438,827.34765625,246.25546264648438,827.34765625,246.25546264648438,827.34765625,,,,,0.0,0.0,0.0,0.30161064863204956,-0.003104513045400381,1.0747370719909668,1.0747370719909668
221,13,1480.82861328125,302.0494079589844,1480.82861328125,302.0494079589844,1480.82861328125,302.0494079589844,,,,,0.0,0.0,0.0,0.15878736972808838,-0.38081175088882446,1.0540927648544312,1.0540927648544312
222,0,561.1175537109375,693.0032348632812,561.1175537109375,693.0032348632812,561.1175537109375,693.0032348632812,,,,,0.0,0.0,0.0,-0.05160236731171608,0.052548788487911224,1.2720452547073364,1.2720452547073364
222,1,436.7027282714844,747.326904296875,436.7027282714844,747.326904296875,436.7027282714844,747.326904296875,,,,,0.0,0.0,0.0,0.08604325354099274,0.12398183345794678,1.207175374031067,1.207175374031067
222,2,704.7777709960938,620.1676025390625,704.7777709960938,620.1676025390625,704.7777709960938,620.1676025390625,,,,,0.0,0.0,0.0,0.011508536525070667,0.01447959616780281,1.3499294519424438,1.3499294519424438
222,3,-240.42892456054688,880.7424926757812,-240.42892456054688,880.7424926757812,-240.42892456054688,880.7424926757812,,,,,0.0,0.0,0.0,-1.867196798324585,0.8010205030441284,111.6487808227539,111.6487808227539
222,5,1750.09619140625,455.32269287109375,1750.09619140625,455.32269287109375,1750.09619140625,455.32269287109375,,,,,0.0,0.0,0.0,0.062030304223299026,0.053024470806121826,1.226507306098938,1.226507306098938
222,6,1610.463623046875,433.4955749511719,1610.463623046875,433.4955749511719,1610.463623046875,433.4955749511719,,,,,0.0,0.0,0.0,0.07829105854034424,0.029025986790657043,1.3384089469909668,1.3384089469909668
222,8,1465.1004638671875,438.97930908203125,1465.1004638671875,438.97930908203125,1465.1004638671875,438.97930908203125,,,,,0.0,0.0,0.0,0.011522236280143261,-0.00671400735154748,1.2245198488235474,1.2245198488235474
222,9,1606.6082763671875,440.96282958984375,1606.6082763671875,440.96282958984375,1606.6082763671875,440.96282958984375,,,,,0.0,0.0,0.0,0.011914449743926525,-0.032704729586839676,1.2714670896530151,1.2714670896530151
222,11,-57.00582504272461,859.0938720703125,-57.00582504272461,859.0938720703125,-57.00582504272461,859.0938720703125,,,,,0.0,0.0,0.0,-11.954392433166504,5.111615180969238,2.27063250541687,2.27063250541687
222,12,246.1839141845703,827.5857543945312,246.1839141845703,827.5857543945312,246.1839141845703,827.5857543945312,,,,,0.0,0.0,0.0,0.267260879278183,0.019099468365311623,1.2531142234802246,1.2531142234802246
222,13,1480.9874267578125,301.6686096191406,1480.9874267578125,301.6686096191406,1480.9874267578125,301.6686096191406,,,,,0.0,0.0,0.0,0.15402375161647797,-0.3693874180316925,1.225164771080017,1.225164771080017
223,0,561.0659790039062,693.0557861328125,561.0659790039062,693.0557861328125,561.0659790039062,693.0557861328125,,,,,0.0,0.0,0.0,-0.05005429685115814,0.05097232758998871,1.5122063159942627,1.5122063159942627
223,1,436.78875732421875,747.4508666992188,436.78875732421875,747.4508666992188,436.78875732421875,747.4508666992188,,,,,0.0,0.0,0.0,0.0834619551897049,0.12026238441467285,1.4611883163452148,1.4611883163452148
223,2,704.789306640625,620.1820678710938,704.789306640625,620.1820678710938,704.789306640625,620.1820678710938,,,,,0.0,0.0,0.0,0.011163280345499516,0.01404520869255066,1.6023582220077515,1.6023582220077515
223,5,1750.158203125,455.375732421875,1750.158203125,455.375732421875,1750.158203125,455.375732421875,,,,,0.0,0.0,0.0,0.06016939505934715,0.0514337383210659,1.427663803100586,1.427663803100586
223,6,1610.5418701171875,433.52459716796875,1610.5418701171875,433.52459716796875,1610.5418701171875,433.52459716796875,,,,,0.0,0.0,0.0,0.07594233006238937,0.028155207633972168,1.5823568105697632,1.5823568105697632
223,8,1465.1119384765625,438.97259521484375,1465.1119384765625,438.97259521484375,1465.1119384765625,438.97259521484375,,,,,0.0,0.0,0.0,0.011176569387316704,-0.006512587424367666,1.4249128103256226,1.4249128103256226
223,9,1606.6202392578125,440.93011474609375,1606.6202392578125,440.93011474609375,1606.6202392578125,440.93011474609375,,,,,0.0,0.0,0.0,0.011557016521692276,-0.031723588705062866,1.490410566329956,1.490410566329956
223,11,-68.96022033691406,864.2055053710938,-68.96022033691406,864.2055053710938,-68.96022033691406,864.2055053710938,,,,,0.0,0.0,0.0,-11.5957612991333,4.958266735076904,2.6241872310638428,2.6241872310638428
223,12,246.03623962402344,827.8671264648438,246.03623962402344,827.8671264648438,246.03623962402344,827.8671264648438,,,,,0.0,0.0,0.0,0.22857345640659332,0.043553199619054794,1.4541274309158325,1.4541274309158325
223,13,1481.1414794921875,301.2992248535156,1481.1414794921875,301.2992248535156,1481.1414794921875,301.2992248535156,,,,,0.0,0.0,0.0,0.14940305054187775,-0.35830581188201904,1.425995945930481,1.425995945930481
224,0,561.0159301757812,693.1067504882812,561.0159301757812,693.1067504882812,561.0159301757812,693.1067504882812,,,,,0.0,0.0,0.0,-0.04855266958475113,0.04944315925240517,1.7949273586273193,1.7949273586273193
224,1,436.8722229003906,747.5711059570312,436.8722229003906,747.5711059570312,436.8722229003906,747.5711059570312,,,,,0.0,0.0,0.0,0.08095809817314148,0.11665451526641846,1.7650971412658691,1.7650971412658691
224,2,704.8004760742188,620.1961059570312,704.8004760742188,620.1961059570312,704.8004760742188,620.1961059570312,,,,,0.0,0.0,0.0,0.010828382335603237,0.013623853214085102,1.9001773595809937,1.9001773595809937
224,5,1750.2183837890625,455.4271545410156,1750.2183837890625,455.4271545410156,1750.2183837890625,455.4271545410156,,,,,0.0,0.0,0.0,0.05836431309580803,0.049890726804733276,1.660966396331787,1.660966396331787
224,6,1610.6177978515625,433.5527648925781,1610.6177978515625,433.5527648925781,1610.6177978515625,433.5527648925781,,,,,0.0,0.0,0.0,0.07366406172513962,0.027310552075505257,1.871681809425354,1.871681809425354
224,8,1465.1231689453125,438.9660949707031,1465.1231689453125,438.9660949707031,1465.1231689453125,438.9660949707031,,,,,0.0,0.0,0.0,0.01084127277135849,-0.006317209918051958,1.65726637840271,1.65726637840271
224,9,1606.6318359375,440.89837646484375,1606.6318359375,440.89837646484375,1606.6318359375,440.89837646484375,,,,,0.0,0.0,0.0,0.01121030654758215,-0.030771881341934204,1.7459254264831543,1.7459254264831543
224,11,-80.55598449707031,869.1637573242188,-80.55598449707031,869.1637573242188,-80.55598449707031,869.1637573242188,,,,,0.0,0.0,0.0,-11.247888565063477,4.809518814086914,3.0191006660461426,3.0191006660461426
224,12,245.8026580810547,828.1776733398438,245.8026580810547,828.1776733398438,245.8026580810547,828.1776733398438,,,,,0.0,0.0,0.0,0.18561960756778717,0.06836748868227005,1.6728246212005615,1.6728246212005615
224,13,1481.2908935546875,300.94091796875,1481.2908935546875,300.94091796875,1481.2908935546875,300.94091796875,,,,,0.0,0.0,0.0,0.1449209600687027,-0.3475566506385803,1.6589471101760864,1.6589471101760864
225,0,560.9674072265625,693.1561889648438,560.9674072265625,693.1561889648438,560.9674072265625,693.1561889648438,,,,,0.0,0.0,0.0,-0.047096092253923416,0.047959864139556885,2.1236469745635986,2.1236469745635986
225,1,436.95318603515625,747.687744140625,436.95318603515625,747.687744140625,436.95318603515625,747.687744140625,,,,,0.0,0.0,0.0,0.07852935791015625,0.11315488070249557,2.1233205795288086,2.1233205795288086
225,2,704.811279296875,620.209716796875,704.811279296875,620.209716796875,704.811279296875,620.209716796875,,,,,0.0,0.0,0.0,0.01050353143364191,0.013215137645602226,2.2470877170562744,2.2470877170562744
225,5,1750.2767333984375,455.47705078125,1750.2767333984375,455.47705078125,1750.2767333984375,455.47705078125,,,,,0.0,0.0,0.0,0.056613385677337646,0.04839400574564934,1.9287714958190918,1.9287714958190918
225,6,1610.69140625,433.580078125,1610.69140625,433.580078125,1610.69140625,433.580078125,,,,,0.0,0.0,0.0,0.07145414501428604,0.026491235941648483,2.209704637527466,2.209704637527466
225,8,1465.134033203125,438.95977783203125,1465.134033203125,438.95977783203125,1465.134033203125,438.95977783203125,,,,,0.0,0.0,0.0,0.010516034439206123,-0.0061276936903595924,1.923918604850769,1.923918604850769
225,9,1606.64306640625,440.86761474609375,1606.64306640625,440.86761474609375,1606.64306640625,440.86761474609375,,,,,0.0,0.0,0.0,0.010873997583985329,-0.029848726466298103,2.040802240371704,2.040802240371704
225,11,-91.80387115478516,873.9732666015625,-91.80387115478516,873.9732666015625,-91.80387115478516,873.9732666015625,,,,,0.0,0.0,0.0,-10.910451889038086,4.665233612060547,3.4576334953308105,3.4576334953308105
225,12,245.48202514648438,828.5142822265625,245.48202514648438,828.5142822265625,245.48202514648438,828.5142822265625,,,,,0.0,0.0,0.0,0.13920505344867706,0.09296099841594696,1.9029513597488403,1.9029513597488403
225,13,1481.435791015625,300.5933532714844,1481.435791015625,300.5933532714844,1481.435791015625,300.5933532714844,,,,,0.0,0.0,0.0,0.14057333767414093,-0.33712995052337646,1.9263793230056763,1.9263793230056763
226,0,561.7609252929688,693.00830078125,561.7609252929688,693.00830078125,561.7609252929688,693.00830078125,,,,,0.0,0.0,0.0,0.018809625878930092,0.032602958381175995,1.1114672422409058,1.1114672422409058
226,1,436.11871337890625,748.5267333984375,436.11871337890625,748.5267333984375,436.11871337890625,748.5267333984375,,,,,0.0,0.0,0.0,0.0007704695453867316,0.17496994137763977,1.118996500968933,1.118996500968933
226,2,704.7993774414062,620.1655883789062,704.7993774414062,620.1655883789062,704.7993774414062,620.1655883789062,,,,,0.0,0.0,0.0,0.008746912702918053,0.00871873926371336,1.139190673828125,1.139190673828125
226,5,1750.15283203125,455.36688232421875,1750.15283203125,455.36688232421875,1750.15283203125,455.36688232421875,,,,,0.0,0.0,0.0,0.04385014995932579,0.0371834859251976,1.0551408529281616,1.0551408529281616
226,6,1610.17724609375,433.6797790527344,1610.17724609375,433.6797790527344,1610.17724609375,433.6797790527344,,,,,0.0,0.0,0.0,0.025753259658813477,0.032204519957304,1.1303867101669312,1.1303867101669312
226,8,1465.0692138671875,438.8936767578125,1465.0692138671875,438.8936767578125,1465.0692138671875,438.8936767578125,,,,,0.0,0.0,0.0,0.005200302228331566,-0.010359624400734901,1.0537489652633667,1.0537489652633667
226,9,1606.7193603515625,440.92083740234375,1606.7193603515625,440.92083740234375,1606.7193603515625,440.92083740234375,,,,,0.0,0.0,0.0,0.015683358535170555,-0.023743225261569023,1.0863053798675537,1.0863053798675537
226,11,-102.71432495117188,878.6384887695312,-102.71432495117188,878.6384887695312,-102.71432495117188,878.6384887695312,,,,,0.0,0.0,0.0,-10.583138465881348,4.5252766609191895,3.9420459270477295,3.9420459270477295
226,12,247.24417114257812,827.1556396484375,247.24417114257812,827.1556396484375,247.24417114257812,827.1556396484375,,,,,0.0,0.0,0.0,0.2850254476070404,-0.03746465966105461,1.070082187652588,1.070082187652588
226,13,1481.576416015625,300.2562255859375,1481.576416015625,300.2562255859375,1481.576416015625,300.2562255859375,,,,,0.0,0.0,0.0,0.1363561451435089,-0.32701605558395386,2.2306532859802246,2.2306532859802246
227,0,561.7797241210938,693.0408935546875,561.7797241210938,693.0408935546875,561.7797241210938,693.0408935546875,,,,,0.0,0.0,0.0,0.018245337530970573,0.031624872237443924,1.3159548044204712,1.3159548044204712
227,1,436.1194763183594,748.7017211914062,436.1194763183594,748.7017211914062,436.1194763183594,748.7017211914062,,,,,0.0,0.0,0.0,0.0007473554578609765,0.1697208434343338,1.3467011451721191,1.3467011451721191
227,2,704.80810546875,620.17431640625,704.80810546875,620.17431640625,704.80810546875,620.17431640625,,,,,0.0,0.0,0.0,0.008484505116939545,0.008457177318632603,1.3499295711517334,1.3499295711517334
227,5,1750.1966552734375,455.404052734375,1750.1966552734375,455.404052734375,1750.1966552734375,455.404052734375,,,,,0.0,0.0,0.0,0.04253464564681053,0.03606798127293587,1.226507306098938,1.226507306098938
227,6,1610.2030029296875,433.71197509765625,1610.2030029296875,433.71197509765625,1610.2030029296875,433.71197509765625,,,,,0.0,0.0,0.0,0.024980662390589714,0.031238384544849396,1.337455153465271,1.337455153465271
227,8,1465.074462890625,438.8833312988281,1465.074462890625,438.8833312988281,1465.074462890625,438.8833312988281,,,,,0.0,0.0,0.0,0.005044293124228716,-0.010048835538327694,1.2245197296142578,1.2245197296142578
227,9,1606.7349853515625,440.8970947265625,1606.7349853515625,440.8970947265625,1606.7349853515625,440.8970947265625,,,,,0.0,0.0,0.0,0.015212858095765114,-0.023030929267406464,1.271467924118042,1.271467924118042
227,11,-113.2974624633789,883.1637573242188,-113.2974624633789,883.1637573242188,-113.2974624633789,883.1637573242188,,,,,0.0,0.0,0.0,-10.265645027160645,4.3895182609558105,4.4745988845825195,4.4745988845825195
227,12,247.1350860595703,827.3119506835938,247.1350860595703,827.3119506835938,247.1350860595703,827.3119506835938,,,,,0.0,0.0,0.0,0.2484402060508728,-0.01947428286075592,1.2502212524414062,1.2502212524414062
227,13,1481.7127685546875,299.92919921875,1481.7127685546875,299.92919921875,1481.7127685546875,299.92919921875,,,,,0.0,0.0,0.0,0.13226546347141266,-0.3172055780887604,2.5741302967071533,2.5741302967071533
228,0,561.7979736328125,693.072509765625,561.7979736328125,693.072509765625,561.7979736328125,693.072509765625,,,,,0.0,0.0,0.0,0.017697978764772415,0.03067612648010254,1.5596656799316406,1.5596656799316406
228,1,436.1202087402344,748.8714599609375,436.1202087402344,748.8714599609375,436.1202087402344,748.8714599609375,,,,,0.0,0.0,0.0,0.0007249347981996834,0.16462922096252441,1.6213574409484863,1.6213574409484863
228,2,704.8165893554688,620.1828002929688,704.8165893554688,620.1828002929688,704.8165893554688,620.1828002929688,,,,,0.0,0.0,0.0,0.008229970000684261,0.008203462697565556,1.602358341217041,1.602358341217041
228,5,1750.2391357421875,455.44012451171875,1750.2391357421875,455.44012451171875,1750.2391357421875,455.44012451171875,,,,,0.0,0.0,0.0,0.04125860705971718,0.034985944628715515,1.427663803100586,1.427663803100586
228,6,1610.22802734375,433.74322509765625,1610.22802734375,433.74322509765625,1610.22802734375,433.74322509765625,,,,,0.0,0.0,0.0,0.02423124387860298,0.030301233753561974,1.585282564163208,1.585282564163208
228,8,1465.0794677734375,438.873291015625,1465.0794677734375,438.873291015625,1465.0794677734375,438.873291015625,,,,,0.0,0.0,0.0,0.004892964381724596,-0.009747371077537537,1.424912691116333,1.424912691116333
228,9,1606.750244140625,440.8740539550781,1606.750244140625,440.8740539550781,1606.750244140625,440.8740539550781,,,,,0.0,0.0,0.0,0.014756472781300545,-0.02234000153839588,1.4904117584228516,1.4904117584228516
228,11,-123.5631103515625,887.5532836914062,-123.5631103515625,887.5532836914062,-123.5631103515625,887.5532836914062,,,,,0.0,0.0,0.0,-9.95767593383789,4.257833003997803,5.057552814483643,5.057552814483643
228,12,246.92112731933594,827.5134887695312,246.92112731933594,827.5134887695312,246.92112731933594,827.5134887695312,,,,,0.0,0.0,0.0,0.20508524775505066,0.001246566534973681,1.4527490139007568,1.4527490139007568
228,13,1481.8450927734375,299.61199951171875,1481.8450927734375,299.61199951171875,1481.8450927734375,299.61199951171875,,,,,0.0,0.0,0.0,0.12829750776290894,-0.3076894283294678,2.9591710567474365,2.9591710567474365
229,0,561.815673828125,693.1032104492188,561.815673828125,693.1032104492188,561.815673828125,693.1032104492188,,,,,0.0,0.0,0.0,0.017167039215564728,0.029755843803286552,1.8460384607315063,1.8460384607315063
229,1,436.1209411621094,749.0360717773438,436.1209411621094,749.0360717773438,436.1209411621094,749.0360717773438,,,,,0.0,0.0,0.0,0.0007031867862679064,0.15969035029411316,1.947384238243103,1.947384238243103
229,2,704.8248291015625,620.1909790039062,704.8248291015625,620.1909790039062,704.8248291015625,620.1909790039062,,,,,0.0,0.0,0.0,0.00798307079821825,0.007957358844578266,1.9001774787902832,1.9001774787902832
229,5,1750.2803955078125,455.47509765625,1750.2803955078125,455.47509765625,1750.2803955078125,455.47509765625,,,,,0.0,0.0,0.0,0.04002084955573082,0.03393636643886566,1.660966396331787,1.660966396331787
229,6,1610.2523193359375,433.7735290527344,1610.2523193359375,433.7735290527344,1610.2523193359375,433.7735290527344,,,,,0.0,0.0,0.0,0.023504307493567467,0.029392197728157043,1.8771899938583374,1.8771899938583374
229,8,1465.0843505859375,438.8635559082031,1465.0843505859375,438.8635559082031,1465.0843505859375,438.8635559082031,,,,,0.0,0.0,0.0,0.004746175371110439,-0.009454949758946896,1.6572661399841309,1.6572661399841309
229,9,1606.7650146484375,440.8517150878906,1606.7650146484375,440.8517150878906,1606.7650146484375,440.8517150878906,,,,,0.0,0.0,0.0,0.014313778840005398,-0.021669801324605942,1.7459272146224976,1.7459272146224976
229,11,-133.52078247070312,891.8110961914062,-133.52078247070312,891.8110961914062,-133.52078247070312,891.8110961914062,,,,,0.0,0.0,0.0,-9.65894603729248,4.130098342895508,5.6931681632995605,5.6931681632995605
229,12,246.6891326904297,827.7135009765625,246.6891326904297,827.7135009765625,246.6891326904297,827.7135009765625,,,,,0.0,0.0,0.0,0.16431769728660583,0.019791636615991592,1.6726760864257812,1.6726760864257812
229,13,1481.973388671875,299.3043212890625,1481.973388671875,299.3043212890625,1481.973388671875,299.3043212890625,,,,,0.0,0.0,0.0,0.12444858253002167,-0.2984587550163269,3.388136625289917,3.388136625289917
230,0,561.8328247070312,693.1329956054688,561.8328247070312,693.1329956054688,561.8328247070312,693.1329956054688,,,,,0.0,0.0,0.0,0.016652029007673264,0.028863169252872467,2.178511619567871,2.178511619567871
230,1,436.12164306640625,749.1957397460938,436.12164306640625,749.1957397460938,436.12164306640625,749.1957397460938,,,,,0.0,0.0,0.0,0.0006820912240073085,0.15489964187145233,2.329200029373169,2.329200029373169
230,2,704.8328247070312,620.1989135742188,704.8328247070312,620.1989135742188,704.8328247070312,620.1989135742188,,,,,0.0,0.0,0.0,0.0077435788698494434,0.007718638516962528,2.2470877170562744,2.2470877170562744
230,5,1750.3204345703125,455.509033203125,1750.3204345703125,455.509033203125,1750.3204345703125,455.509033203125,,,,,0.0,0.0,0.0,0.03882022574543953,0.03291827812790871,1.9287714958190918,1.9287714958190918
230,6,1610.27587890625,433.80291748046875,1610.27587890625,433.80291748046875,1610.27587890625,433.80291748046875,,,,,0.0,0.0,0.0,0.022799178957939148,0.028510432690382004,2.2164981365203857,2.2164981365203857
230,8,1465.089111328125,438.8540954589844,1465.089111328125,438.8540954589844,1465.089111328125,438.8540954589844,,,,,0.0,0.0,0.0,0.004603790119290352,-0.009171301499009132,1.92391836643219,1.92391836643219
230,9,1606.779296875,440.8300476074219,1606.779296875,440.8300476074219,1606.779296875,440.8300476074219,,,,,0.0,0.0,0.0,0.013884365558624268,-0.02101970836520195,2.040804386138916,2.040804386138916
230,11,-143.1797332763672,895.9412231445312,-143.1797332763672,895.9412231445312,-143.1797332763672,895.9412231445312,,,,,0.0,0.0,0.0,-9.36917781829834,4.006195545196533,6.3837056159973145,6.3837056159973145
230,12,246.38441467285156,827.922119140625,246.38441467285156,827.922119140625,246.38441467285156,827.922119140625,,,,,0.0,0.0,0.0,0.12122208625078201,0.03714514896273613,1.903723955154419,1.903723955154419
230,13,1482.0977783203125,299.005859375,1482.0977783203125,299.005859375,1482.0977783203125,299.005859375,,,,,0.0,0.0,0.0,0.12071512639522552,-0.2895050048828125,3.8633875846862793,3.8633875846862793
231,0,562.1489868164062,693.0390625,562.1489868164062,693.0390625,562.1489868164062,693.0390625,,,,,0.0,0.0,0.0,0.03982269763946533,0.0193642545491457,1.1229077577590942,1.1229077577590942
231,1,435.7030334472656,749.1939697265625,435.7030334472656,749.1939697265625,435.7030334472656,749.1939697265625,,,,,0.0,0.0,0.0,-0.034002549946308136,0.1419401913881302,1.1616405248641968,1.1616405248641968
231,2,704.7769775390625,620.1397705078125,704.7769775390625,620.1397705078125,704.7769775390625,620.1397705078125,,,,,0.0,0.0,0.0,0.0027596857398748398,0.0024814654607325792,1.139190673828125,1.139190673828125
231,5,1750.1533203125,455.3975830078125,1750.1533203125,455.3975830078125,1750.1533203125,455.3975830078125,,,,,0.0,0.0,0.0,0.024262940511107445,0.0227106474339962,1.0551408529281616,1.0551408529281616
231,6,1609.9599609375,433.65740966796875,1609.9599609375,433.65740966796875,1609.9599609375,433.65740966796875,,,,,0.0,0.0,0.0,-0.0035315193235874176,0.014986760914325714,1.1316670179367065,1.1316670179367065
231,8,1464.44921875,438.9033508300781,1464.44921875,438.9033508300781,1464.44921875,438.9033508300781,,,,,0.0,0.0,0.0,-0.0408908911049366,-0.00504718255251646,1.0537489652633667,1.0537489652633667
231,9,1606.7864990234375,440.92742919921875,1606.7864990234375,440.92742919921875,1606.7864990234375,440.92742919921875,,,,,0.0,0.0,0.0,0.013392221182584763,-0.012317041866481304,1.086306095123291,1.086306095123291
231,11,-152.5489044189453,899.9474487304688,-152.5489044189453,899.9474487304688,-152.5489044189453,899.9474487304688,,,,,0.0,0.0,0.0,-9.088102340698242,3.886009693145752,7.1314263343811035,7.1314263343811035
231,12,247.73623657226562,826.6179809570312,247.73623657226562,826.6179809570312,247.73623657226562,826.6179809570312,,,,,0.0,0.0,0.0,0.23191647231578827,-0.08350978046655655,1.070427656173706,1.070427656173706
231,13,1483.8380126953125,296.4846496582031,1483.8380126953125,296.4846496582031,1483.8380126953125,296.4846496582031,,,,,0.0,0.0,0.0,0.22055602073669434,-0.4270879924297333,1.3737561702728271,1.3737561702728271
232,0,562.1887817382812,693.0584106445312,562.1887817382812,693.0584106445312,562.1887817382812,693.0584106445312,,,,,0.0,0.0,0.0,0.03862801939249039,0.0187833271920681,1.3268567323684692,1.3268567323684692
232,1,435.6690368652344,749.3359375,435.6690368652344,749.3359375,435.6690368652344,749.3359375,,,,,0.0,0.0,0.0,-0.0329824760556221,0.1376819908618927,1.3909668922424316,1.3909668922424316
232,2,704.7797241210938,620.1422729492188,704.7797241210938,620.1422729492188,704.7797241210938,620.1422729492188,,,,,0.0,0.0,0.0,0.0026768953539431095,0.002407021587714553,1.3499295711517334,1.3499295711517334
232,5,1750.1776123046875,455.4202880859375,1750.1776123046875,455.4202880859375,1750.1776123046875,455.4202880859375,,,,,0.0,0.0,0.0,0.023535052314400673,0.0220293290913105,1.226507306098938,1.226507306098938
232,6,1609.9564208984375,433.6723937988281,1609.9564208984375,433.6723937988281,1609.9564208984375,433.6723937988281,,,,,0.0,0.0,0.0,-0.00342557393014431,0.01453715842217207,1.3375827074050903,1.3375827074050903
232,8,1464.4083251953125,438.8983154296875,1464.4083251953125,438.8983154296875,1464.4083251953125,438.8983154296875,,,,,0.0,0.0,0.0,-0.03966416418552399,-0.004895767197012901,1.2245198488235474,1.2245198488235474
232,9,1606.7999267578125,440.91510009765625,1606.7999267578125,440.91510009765625,1606.7999267578125,440.91510009765625,,,,,0.0,0.0,0.0,0.012990455143153667,-0.011947531253099442,1.2714688777923584,1.2714688777923584
232,11,-161.6370086669922,903.8334350585938,-161.6370086669922,903.8334350585938,-161.6370086669922,903.8334350585938,,,,,0.0,0.0,0.0,-8.815459251403809,3.7694294452667236,7.938590049743652,7.938590049743652
232,12,247.58790588378906,826.7008056640625,247.58790588378906,826.7008056640625,247.58790588378906,826.7008056640625,,,,,0.0,0.0,0.0,0.1966201364994049,-0.06807242333889008,1.2507034540176392,1.2507034540176392
232,13,1484.05859375,296.05755615234375,1484.05859375,296.05755615234375,1484.05859375,296.05755615234375,,,,,0.0,0.0,0.0,0.2139393538236618,-0.4142753779888153,1.5656473636627197,1.5656473636627197
233,0,562.2274169921875,693.0772094726562,562.2274169921875,693.0772094726562,562.2274169921875,693.0772094726562,,,,,0.0,0.0,0.0,0.037469178438186646,0.018219828605651855,1.5700132846832275,1.5700132846832275
233,1,435.63604736328125,749.4736328125,435.63604736328125,749.4736328125,435.63604736328125,749.4736328125,,,,,0.0,0.0,0.0,-0.03199300169944763,0.13355153799057007,1.6673076152801514,1.6673076152801514
233,2,704.7824096679688,620.1446533203125,704.7824096679688,620.1446533203125,704.7824096679688,620.1446533203125,,,,,0.0,0.0,0.0,0.002596588572487235,0.0023348110262304544,1.602358341217041,1.602358341217041
233,5,1750.201171875,455.44232177734375,1750.201171875,455.44232177734375,1750.201171875,455.44232177734375,,,,,0.0,0.0,0.0,0.022829001769423485,0.021368449553847313,1.427663803100586,1.427663803100586
233,6,1609.9530029296875,433.6869201660156,1609.9530029296875,433.6869201660156,1609.9530029296875,433.6869201660156,,,,,0.0,0.0,0.0,-0.0033228069078177214,0.014101044274866581,1.5830447673797607,1.5830447673797607
233,8,1464.36865234375,438.8934326171875,1464.36865234375,438.8934326171875,1464.36865234375,438.8934326171875,,,,,0.0,0.0,0.0,-0.03847423940896988,-0.004748894367367029,1.4249128103256226,1.4249128103256226
233,9,1606.8128662109375,440.9031677246094,1606.8128662109375,440.9031677246094,1606.8128662109375,440.9031677246094,,,,,0.0,0.0,0.0,0.012600742280483246,-0.011589105241000652,1.490412950515747,1.490412950515747
233,11,-170.4524688720703,907.6028442382812,-170.4524688720703,907.6028442382812,-170.4524688720703,907.6028442382812,,,,,0.0,0.0,0.0,-8.550995826721191,3.656346559524536,8.80745792388916,8.80745792388916
233,12,247.33262634277344,826.8307495117188,247.33262634277344,826.8307495117188,247.33262634277344,826.8307495117188,,,,,0.0,0.0,0.0,0.1542811095714569,-0.049524467438459396,1.4531581401824951,1.4531581401824951
233,13,1484.2725830078125,295.6432800292969,1484.2725830078125,295.6432800292969,1484.2725830078125,295.6432800292969,,,,,0.0,0.0,0.0,0.20752118527889252,-0.40184712409973145,1.7880008220672607,1.7880008220672607
234,0,562.264892578125,693.095458984375,562.264892578125,693.095458984375,562.264892578125,693.095458984375,,,,,0.0,0.0,0.0,0.03634510561823845,0.017673233523964882,1.855816125869751,1.855816125869751
234,1,435.60406494140625,749.607177734375,435.60406494140625,749.607177734375,435.60406494140625,749.607177734375,,,,,0.0,0.0,0.0,-0.031033212319016457,0.12954498827457428,1.9950813055038452,1.9950813055038452
234,2,704.7850341796875,620.14697265625,704.7850341796875,620.14697265625,704.7850341796875,620.14697265625,,,,,0.0,0.0,0.0,0.002518690889701247,0.0022647667210549116,1.9001774787902832,1.9001774787902832
234,5,1750.2239990234375,455.46368408203125,1750.2239990234375,455.46368408203125,1750.2239990234375,455.46368408203125,,,,,0.0,0.0,0.0,0.02214413322508335,0.02072739601135254,1.660966396331787,1.660966396331787
234,6,1609.94970703125,433.7010192871094,1609.94970703125,433.7010192871094,1609.94970703125,433.7010192871094,,,,,0.0,0.0,0.0,-0.0032231227960437536,0.01367801334708929,1.8713741302490234,1.8713741302490234
234,8,1464.3302001953125,438.888671875,1464.3302001953125,438.888671875,1464.3302001953125,438.888671875,,,,,0.0,0.0,0.0,-0.03732001408934593,-0.004606427624821663,1.65726637840271,1.65726637840271
234,9,1606.825439453125,440.8915710449219,1606.825439453125,440.8915710449219,1606.825439453125,440.8915710449219,,,,,0.0,0.0,0.0,0.012222720310091972,-0.011241432279348373,1.7459286451339722,1.7459286451339722
234,11,-179.0034637451172,911.2592163085938,-179.0034637451172,911.2592163085938,-179.0034637451172,911.2592163085938,,,,,0.0,0.0,0.0,-8.294466018676758,3.546656370162964,9.740290641784668,9.740290641784668
234,12,246.98558044433594,826.9876708984375,246.98558044433594,826.9876708984375,246.98558044433594,826.9876708984375,,,,,0.0,0.0,0.0,0.1075710728764534,-0.030294150114059448,1.672835350036621,1.672835350036621
234,13,1484.4801025390625,295.2414245605469,1484.4801025390625,295.2414245605469,1484.4801025390625,295.2414245605469,,,,,0.0,0.0,0.0,0.20129555463790894,-0.38979172706604004,2.0431771278381348,2.0431771278381348
235,0,562.3012084960938,693.1131591796875,562.3012084960938,693.1131591796875,562.3012084960938,693.1131591796875,,,,,0.0,0.0,0.0,0.03525475412607193,0.017143037170171738,2.1877036094665527,2.1877036094665527
235,1,435.5730285644531,749.7366943359375,435.5730285644531,749.7366943359375,435.5730285644531,749.7366943359375,,,,,0.0,0.0,0.0,-0.030102217569947243,0.12565864622592926,2.378706455230713,2.378706455230713
235,2,704.7875366210938,620.1492309570312,704.7875366210938,620.1492309570312,704.7875366210938,620.1492309570312,,,,,0.0,0.0,0.0,0.0024431301280856133,0.002196823712438345,2.2470877170562744,2.2470877170562744
235,5,1750.24609375,455.4844055175781,1750.24609375,455.4844055175781,1750.24609375,455.4844055175781,,,,,0.0,0.0,0.0,0.021479809656739235,0.020105574280023575,1.9287714958190918,1.9287714958190918
235,6,1609.946533203125,433.7146911621094,1609.946533203125,433.7146911621094,1609.946533203125,433.7146911621094,,,,,0.0,0.0,0.0,-0.003126429161056876,0.013267673552036285,2.2058916091918945,2.2058916091918945
235,8,1464.2928466796875,438.8840637207031,1464.2928466796875,438.8840637207031,1464.2928466796875,438.8840637207031,,,,,0.0,0.0,0.0,-0.03620041534304619,-0.004468234721571207,1.923918604850769,1.923918604850769
235,9,1606.837646484375,440.8803405761719,1606.837646484375,440.8803405761719,1606.837646484375,440.8803405761719,,,,,0.0,0.0,0.0,0.011856039054691792,-0.010904189199209213,2.040806293487549,2.040806293487549
235,11,-187.2979278564453,914.8058471679688,-187.2979278564453,914.8058471679688,-187.2979278564453,914.8058471679688,,,,,0.0,0.0,0.0,-8.045632362365723,3.4402568340301514,10.739347457885742,10.739347457885742
235,12,246.533935546875,827.1453857421875,246.533935546875,827.1453857421875,246.533935546875,827.1453857421875,,,,,0.0,0.0,0.0,0.056253984570503235,-0.013040764257311821,1.9035001993179321,1.9035001993179321
235,13,1484.681396484375,294.85162353515625,1484.681396484375,294.85162353515625,1484.681396484375,294.85162353515625,,,,,0.0,0.0,0.0,0.19525669515132904,-0.3780979812145233,2.3335373401641846,2.3335373401641846
236,0,562.387451171875,692.9817504882812,562.387451171875,692.9817504882812,562.387451171875,692.9817504882812,,,,,0.0,0.0,0.0,0.03917820379137993,0.005705591756850481,1.1245568990707397,1.1245568990707397
236,1,435.4661560058594,749.4482421875,435.4661560058594,749.4482421875,435.4661560058594,749.4482421875,,,,,0.0,0.0,0.0,-0.03636471554636955,0.09188282489776611,1.170572280883789,1.170572280883789
236,2,704.776611328125,620.1283569335938,704.776611328125,620.1283569335938,704.776611328125,620.1283569335938,,,,,0.0,0.0,0.0,0.0013973293825984001,0.00039118342101573944,1.139190673828125,1.139190673828125
236,5,1750.0933837890625,455.4240417480469,1750.0933837890625,455.4240417480469,1750.0933837890625,455.4240417480469,,,,,0.0,0.0,0.0,0.009167361073195934,0.014416075311601162,1.0551408529281616,1.0551408529281616
236,6,1609.833251953125,433.7403869628906,1609.833251953125,433.7403869628906,1609.833251953125,433.7403869628906,,,,,0.0,0.0,0.0,-0.011595300398766994,0.014222938567399979,1.1285247802734375,1.1285247802734375
236,8,1464.634521484375,438.8591613769531,1464.634521484375,438.8591613769531,1464.634521484375,438.8591613769531,,,,,0.0,0.0,0.0,-0.009526420384645462,-0.00591065501794219,1.0537489652633667,1.0537489652633667
236,9,1606.8785400390625,440.91705322265625,1606.8785400390625,440.91705322265625,1606.8785400390625,440.91705322265625,,,,,0.0,0.0,0.0,0.013990288600325584,-0.007405579090118408,1.0863066911697388,1.0863066911697388
236,11,-195.34356689453125,918.24609375,-195.34356689453125,918.24609375,-195.34356689453125,918.24609375,,,,,0.0,0.0,0.0,-7.804263591766357,3.3370492458343506,11.806890487670898,11.806890487670898
236,12,248.0067901611328,826.1692504882812,248.0067901611328,826.1692504882812,248.0067901611328,826.1692504882812,,,,,0.0,0.0,0.0,0.18351617455482483,-0.09955913573503494,1.0702553987503052,1.0702553987503052
236,13,1486.03564453125,293.54180908203125,1486.03564453125,293.54180908203125,1486.03564453125,293.54180908203125,,,,,0.0,0.0,0.0,0.26915067434310913,-0.43750467896461487,1.1418966054916382,1.1418966054916382
237,0,562.4266357421875,692.9874267578125,562.4266357421875,692.9874267578125,562.4266357421875,692.9874267578125,,,,,0.0,0.0,0.0,0.038002859801054,0.005534423980861902,1.3279472589492798,1.3279472589492798
237,1,435.4297790527344,749.5401000976562,435.4297790527344,749.5401000976562,435.4297790527344,749.5401000976562,,,,,0.0,0.0,0.0,-0.035273775458335876,0.0891263410449028,1.3986984491348267,1.3986984491348267
237,2,704.7780151367188,620.1287231445312,704.7780151367188,620.1287231445312,704.7780151367188,620.1287231445312,,,,,0.0,0.0,0.0,0.001355409505777061,0.0003794479416683316,1.3499295711517334,1.3499295711517334
237,5,1750.1025390625,455.4384460449219,1750.1025390625,455.4384460449219,1750.1025390625,455.4384460449219,,,,,0.0,0.0,0.0,0.008892340585589409,0.013983593322336674,1.226507306098938,1.226507306098938
237,6,1609.8216552734375,433.7546081542969,1609.8216552734375,433.7546081542969,1609.8216552734375,433.7546081542969,,,,,0.0,0.0,0.0,-0.011247442103922367,0.013796251267194748,1.3318477869033813,1.3318477869033813
237,8,1464.625,438.8532409667969,1464.625,438.8532409667969,1464.625,438.8532409667969,,,,,0.0,0.0,0.0,-0.009240628220140934,-0.005733335390686989,1.2245198488235474,1.2245198488235474
237,9,1606.892578125,440.9096374511719,1606.892578125,440.9096374511719,1606.892578125,440.9096374511719,,,,,0.0,0.0,0.0,0.013570580631494522,-0.007183412089943886,1.2714695930480957,1.2714695930480957
237,11,-203.1478271484375,921.5831298828125,-203.1478271484375,921.5831298828125,-203.1478271484375,921.5831298828125,,,,,0.0,0.0,0.0,-7.570136070251465,3.2369377613067627,12.94517993927002,12.94517993927002
237,12,247.7927703857422,826.2184448242188,247.7927703857422,826.2184448242188,247.7927703857422,826.2184448242188,,,,,0.0,0.0,0.0,0.14666274189949036,-0.08577080070972443,1.2502312660217285,1.2502312660217285
237,13,1486.3048095703125,293.10430908203125,1486.3048095703125,293.10430908203125,1486.3048095703125,293.10430908203125,,,,,0.0,0.0,0.0,0.2610761523246765,-0.4243795573711395,1.3097509145736694,1.3097509145736694
238,0,562.4646606445312,692.9929809570312,562.4646606445312,692.9929809570312,562.4646606445312,692.9929809570312,,,,,0.0,0.0,0.0,0.036862775683403015,0.005368391517549753,1.5706146955490112,1.5706146955490112
238,1,435.3945007324219,749.6292114257812,435.3945007324219,749.6292114257812,435.3945007324219,749.6292114257812,,,,,0.0,0.0,0.0,-0.03421556204557419,0.08645255118608475,1.673954963684082,1.673954963684082
238,2,704.7793579101562,620.1290893554688,704.7793579101562,620.1290893554688,704.7793579101562,620.1290893554688,,,,,0.0,0.0,0.0,0.0013147472636774182,0.00036806450225412846,1.6023582220077515,1.6023582220077515
238,5,1750.1114501953125,455.4524230957031,1750.1114501953125,455.4524230957031,1750.1114501953125,455.4524230957031,,,,,0.0,0.0,0.0,0.008625570684671402,0.013564085587859154,1.427663803100586,1.427663803100586
238,6,1609.8104248046875,433.7684020996094,1609.8104248046875,433.7684020996094,1609.8104248046875,433.7684020996094,,,,,0.0,0.0,0.0,-0.010910019278526306,0.013382364064455032,1.5740187168121338,1.5740187168121338
238,8,1464.61572265625,438.8475036621094,1464.61572265625,438.8475036621094,1464.61572265625,438.8475036621094,,,,,0.0,0.0,0.0,-0.008963409811258316,-0.005561335477977991,1.4249128103256226,1.4249128103256226
238,9,1606.9061279296875,440.9024658203125,1606.9061279296875,440.9024658203125,1606.9061279296875,440.9024658203125,,,,,0.0,0.0,0.0,0.013163463212549686,-0.006967910099774599,1.4904139041900635,1.4904139041900635
238,11,-210.71795654296875,924.820068359375,-210.71795654296875,924.820068359375,-210.71795654296875,924.820068359375,,,,,0.0,0.0,0.0,-7.343032360076904,3.139829635620117,14.156476020812988,14.156476020812988
238,12,247.48085021972656,826.2941284179688,247.48085021972656,826.2941284179688,247.48085021972656,826.2941284179688,,,,,0.0,0.0,0.0,0.10374843329191208,-0.07066526263952255,1.4523217678070068,1.4523217678070068
238,13,1486.56591796875,292.679931640625,1486.56591796875,292.679931640625,1486.56591796875,292.679931640625,,,,,0.0,0.0,0.0,0.2532438635826111,-0.4116481840610504,1.5075162649154663,1.5075162649154663
239,0,562.5015258789062,692.9983520507812,562.5015258789062,692.9983520507812,562.5015258789062,692.9983520507812,,,,,0.0,0.0,0.0,0.03575689345598221,0.005207339767366648,1.8559978008270264,1.8559978008270264
239,1,435.36029052734375,749.7156372070312,435.36029052734375,749.7156372070312,435.36029052734375,749.7156372070312,,,,,0.0,0.0,0.0,-0.03318909555673599,0.08385897427797318,2.000760316848755,2.000760316848755
239,2,704.7807006835938,620.1294555664062,704.7807006835938,620.1294555664062,704.7807006835938,620.1294555664062,,,,,0.0,0.0,0.0,0.0012753049377352,0.0003570225671865046,1.900177240371704,1.900177240371704
239,5,1750.1201171875,455.4659729003906,1750.1201171875,455.4659729003906,1750.1201171875,455.4659729003906,,,,,0.0,0.0,0.0,0.008366803638637066,0.013157163746654987,1.660966396331787,1.660966396331787
239,6,1609.799560546875,433.78179931640625,1609.799560546875,433.78179931640625,1609.799560546875,433.78179931640625,,,,,0.0,0.0,0.0,-0.01058271899819374,0.01298089325428009,1.85835862159729,1.85835862159729
239,8,1464.6068115234375,438.8419494628906,1464.6068115234375,438.8419494628906,1464.6068115234375,438.8419494628906,,,,,0.0,0.0,0.0,-0.008694508112967014,-0.0053944955579936504,1.65726637840271,1.65726637840271
239,9,1606.9193115234375,440.8955078125,1606.9193115234375,440.8955078125,1606.9193115234375,440.8955078125,,,,,0.0,0.0,0.0,0.012768560089170933,-0.006758872885257006,1.7459298372268677,1.7459298372268677
239,11,-218.0609893798828,927.9598999023438,-218.0609893798828,927.9598999023438,-218.0609893798828,927.9598999023438,,,,,0.0,0.0,0.0,-7.12274169921875,3.0456347465515137,15.443039894104004,15.443039894104004
239,12,246.98526000976562,826.3233032226562,246.98526000976562,826.3233032226562,246.98526000976562,826.3233032226562,,,,,0.0,0.0,0.0,0.047965556383132935,-0.06137344613671303,1.6716039180755615,1.6716039180755615
239,13,1486.8192138671875,292.2682800292969,1486.8192138671875,292.2682800292969,1486.8192138671875,292.2682800292969,,,,,0.0,0.0,0.0,0.24564655125141144,-0.399298757314682,1.7375534772872925,1.7375534772872925
240,0,562.5372924804688,693.0035400390625,562.5372924804688,693.0035400390625,562.5372924804688,693.0035400390625,,,,,0.0,0.0,0.0,0.0346841886639595,0.005051119718700647,2.187535047531128,2.187535047531128
240,1,435.32708740234375,749.7994995117188,435.32708740234375,749.7994995117188,435.32708740234375,749.7994995117188,,,,,0.0,0.0,0.0,-0.03219342231750488,0.08134320378303528,2.383533239364624,2.383533239364624
240,2,704.781982421875,620.1298217773438,704.781982421875,620.1298217773438,704.781982421875,620.1298217773438,,,,,0.0,0.0,0.0,0.0012370458571240306,0.0003463118919171393,2.2470874786376953,2.2470874786376953
240,5,1750.1285400390625,455.4791259765625,1750.1285400390625,455.4791259765625,1750.1285400390625,455.4791259765625,,,,,0.0,0.0,0.0,0.008115800097584724,0.012762448750436306,1.9287714958190918,1.9287714958190918
240,6,1609.7889404296875,433.7947692871094,1609.7889404296875,433.7947692871094,1609.7889404296875,433.7947692871094,,,,,0.0,0.0,0.0,-0.010265237651765347,0.01259146723896265,2.188188076019287,2.188188076019287
240,8,1464.59814453125,438.8365478515625,1464.59814453125,438.8365478515625,1464.59814453125,438.8365478515625,,,,,0.0,0.0,0.0,-0.008433673530817032,-0.005232661031186581,1.923918604850769,1.923918604850769
240,9,1606.93212890625,440.8887634277344,1606.93212890625,440.8887634277344,1606.93212890625,440.8887634277344,,,,,0.0,0.0,0.0,0.012385503388941288,-0.006556106731295586,2.0408077239990234,2.0408077239990234
240,11,-225.18373107910156,931.0055541992188,-225.18373107910156,931.0055541992188,-225.18373107910156,931.0055541992188,,,,,0.0,0.0,0.0,-6.909059524536133,2.954265832901001,16.807132720947266,16.807132720947266
240,12,246.33819580078125,826.3421020507812,246.33819580078125,826.3421020507812,246.33819580078125,826.3421020507812,,,,,0.0,0.0,0.0,-0.015756117179989815,-0.05402218550443649,1.9018776416778564,1.9018776416778564
240,13,1487.0648193359375,291.8689880371094,1487.0648193359375,291.8689880371094,1487.0648193359375,291.8689880371094,,,,,0.0,0.0,0.0,0.23827716708183289,-0.38731980323791504,2.002223491668701,2.002223491668701
241,0,562.3923950195312,692.9508666992188,562.3923950195312,692.9508666992188,562.3923950195312,692.9508666992188,,,,,0.0,0.0,0.0,0.02086557075381279,0.0006095152348279953,1.124470591545105,1.124470591545105
241,1,435.41180419921875,749.600830078125,435.41180419921875,749.600830078125,435.41180419921875,749.600830078125,,,,,0.0,0.0,0.0,-0.02268557995557785,0.05857205390930176,1.171275019645691,1.171275019645691
241,2,704.7999877929688,620.0675048828125,704.7999877929688,620.0675048828125,704.7999877929688,620.0675048828125,,,,,0.0,0.0,0.0,0.002549743512645364,-0.004564048256725073,1.1391905546188354,1.1391905546188354
241,5,1750.0531005859375,455.4306640625,1750.0531005859375,455.4306640625,1750.0531005859375,455.4306640625,,,,,0.0,0.0,0.0,0.002210014034062624,0.008434423245489597,1.0551408529281616,1.0551408529281616
241,6,1609.758544921875,433.8390808105469,1609.758544921875,433.8390808105469,1609.758544921875,433.8390808105469,,,,,0.0,0.0,0.0,-0.011803431436419487,0.015018191188573837,1.1241185665130615,1.1241185665130615
241,8,1464.8006591796875,438.7626953125,1464.8006591796875,438.7626953125,1464.8006591796875,438.7626953125,,,,,0.0,0.0,0.0,0.006451284047216177,-0.010077421553432941,1.0537489652633667,1.0537489652633667
241,9,1606.8638916015625,440.9416198730469,1606.8638916015625,440.9416198730469,1606.8638916015625,440.9416198730469,,,,,0.0,0.0,0.0,0.006465150974690914,-0.002190151484683156,1.0863069295883179,1.0863069295883179
241,11,-232.09278869628906,933.9598388671875,-232.09278869628906,933.9598388671875,-232.09278869628906,933.9598388671875,,,,,0.0,0.0,0.0,-6.701787948608398,2.865638017654419,18.251012802124023,18.251012802124023
241,12,247.8896026611328,825.7593383789062,247.8896026611328,825.7593383789062,247.8896026611328,825.7593383789062,,,,,0.0,0.0,0.0,0.12492722272872925,-0.10148688405752182,1.0697598457336426,1.0697598457336426
241,13,1487.73291015625,290.93109130859375,1487.73291015625,290.93109130859375,1487.73291015625,290.93109130859375,,,,,0.0,0.0,0.0,0.2674599289894104,-0.42470452189445496,1.0706076622009277,1.0706076622009277
242,0,562.4132690429688,692.9514770507812,562.4132690429688,692.9514770507812,562.4132690429688,692.9514770507812,,,,,0.0,0.0,0.0,0.020239604637026787,0.0005912298220209777,1.3278148174285889,1.3278148174285889
242,1,435.3891296386719,749.659423828125,435.3891296386719,749.659423828125,435.3891296386719,749.659423828125,,,,,0.0,0.0,0.0,-0.02200501412153244,0.05681489408016205,1.3990578651428223,1.3990578651428223
242,2,704.8025512695312,620.0629272460938,704.8025512695312,620.0629272460938,704.8025512695312,620.0629272460938,,,,,0.0,0.0,0.0,0.0024732511956244707,-0.0044271270744502544,1.3499294519424438,1.3499294519424438
242,5,1750.0552978515625,455.4390869140625,1750.0552978515625,455.4390869140625,1750.0552978515625,455.4390869140625,,,,,0.0,0.0,0.0,0.0021437136456370354,0.008181390352547169,1.226507306098938,1.226507306098938
242,6,1609.7467041015625,433.8540954589844,1609.7467041015625,433.8540954589844,1609.7467041015625,433.8540954589844,,,,,0.0,0.0,0.0,-0.011449328623712063,0.014567646197974682,1.3256632089614868,1.3256632089614868
242,8,1464.80712890625,438.75262451171875,1464.80712890625,438.75262451171875,1464.80712890625,438.75262451171875,,,,,0.0,0.0,0.0,0.006257745902985334,-0.009775099344551563,1.2245197296142578,1.2245197296142578
242,9,1606.870361328125,440.9394226074219,1606.870361328125,440.9394226074219,1606.870361328125,440.9394226074219,,,,,0.0,0.0,0.0,0.0062711965292692184,-0.0021244469098746777,1.2714698314666748,1.2714698314666748
242,11,-238.79457092285156,936.8255004882812,-238.79457092285156,936.8255004882812,-238.79457092285156,936.8255004882812,,,,,0.0,0.0,0.0,-6.500734329223633,2.7796690464019775,19.776941299438477,19.776941299438477
242,12,247.53347778320312,825.7088623046875,247.53347778320312,825.7088623046875,247.53347778320312,825.7088623046875,,,,,0.0,0.0,0.0,0.08035822212696075,-0.09676159173250198,1.249537467956543,1.249537467956543
242,13,1488.0003662109375,290.5063781738281,1488.0003662109375,290.5063781738281,1488.0003662109375,290.5063781738281,,,,,0.0,0.0,0.0,0.25943613052368164,-0.41196340322494507,1.2384532690048218,1.2384532690048218
243,0,562.4335327148438,692.9520874023438,562.4335327148438,692.9520874023438,562.4335327148438,692.9520874023438,,,,,0.0,0.0,0.0,0.01963241770863533,0.0005734929582104087,1.5705251693725586,1.5705251693725586
243,1,435.36712646484375,749.7162475585938,435.36712646484375,749.7162475585938,435.36712646484375,749.7162475585938,,,,,0.0,0.0,0.0,-0.02134486474096775,0.055110447108745575,1.6741702556610107,1.6741702556610107
243,2,704.8050537109375,620.0584716796875,704.8050537109375,620.0584716796875,704.8050537109375,620.0584716796875,,,,,0.0,0.0,0.0,0.00239905365742743,-0.004294313490390778,1.602358102798462,1.602358102798462
243,5,1750.0574951171875,455.447265625,1750.0574951171875,455.447265625,1750.0574951171875,455.447265625,,,,,0.0,0.0,0.0,0.0020794023294001818,0.007935948669910431,1.427663803100586,1.427663803100586
243,6,1609.7352294921875,433.86865234375,1609.7352294921875,433.86865234375,1609.7352294921875,433.86865234375,,,,,0.0,0.0,0.0,-0.011105849407613277,0.014130617491900921,1.5657669305801392,1.5657669305801392
243,8,1464.8133544921875,438.74285888671875,1464.8133544921875,438.74285888671875,1464.8133544921875,438.74285888671875,,,,,0.0,0.0,0.0,0.006070013623684645,-0.00948184635490179,1.424912691116333,1.424912691116333
243,9,1606.8765869140625,440.9372863769531,1606.8765869140625,440.9372863769531,1606.8765869140625,440.9372863769531,,,,,0.0,0.0,0.0,0.00608306098729372,-0.002060713479295373,1.4904141426086426,1.4904141426086426
243,11,-245.29530334472656,939.6051635742188,-245.29530334472656,939.6051635742188,-245.29530334472656,939.6051635742188,,,,,0.0,0.0,0.0,-6.305712699890137,2.6962790489196777,21.387178421020508,21.387178421020508
243,12,247.0772247314453,825.6331176757812,247.0772247314453,825.6331176757812,247.0772247314453,825.6331176757812,,,,,0.0,0.0,0.0,0.030167454853653908,-0.09480027109384537,1.4514288902282715,1.4514288902282715
243,13,1488.259765625,290.09442138671875,1488.259765625,290.09442138671875,1488.259765625,290.09442138671875,,,,,0.0,0.0,0.0,0.2516530454158783,-0.3996044993400574,1.4366415739059448,1.4366415739059448
244,0,562.4531860351562,692.95263671875,562.4531860351562,692.95263671875,562.4531860351562,692.95263671875,,,,,0.0,0.0,0.0,0.019043445587158203,0.0005562881706282496,1.856040120124817,1.856040120124817
244,1,435.3457946777344,749.7713623046875,435.3457946777344,749.7713623046875,435.3457946777344,749.7713623046875,,,,,0.0,0.0,0.0,-0.020704519003629684,0.05345713347196579,2.001030683517456,2.001030683517456
244,2,704.8074340820312,620.05419921875,704.8074340820312,620.05419921875,704.8074340820312,620.05419921875,,,,,0.0,0.0,0.0,0.0023270822130143642,-0.004165484104305506,1.900177240371704,1.900177240371704
244,5,1750.0595703125,455.4552001953125,1750.0595703125,455.4552001953125,1750.0595703125,455.4552001953125,,,,,0.0,0.0,0.0,0.002017020247876644,0.00769787048920989,1.660966396331787,1.660966396331787
244,6,1609.72412109375,433.8827819824219,1609.72412109375,433.8827819824219,1609.72412109375,433.8827819824219,,,,,0.0,0.0,0.0,-0.010772674344480038,0.013706699013710022,1.8477505445480347,1.8477505445480347
244,8,1464.8194580078125,438.7333679199219,1464.8194580078125,438.7333679199219,1464.8194580078125,438.7333679199219,,,,,0.0,0.0,0.0,0.005887913517653942,-0.00919739156961441,1.6572661399841309,1.6572661399841309
244,9,1606.8826904296875,440.9352111816406,1606.8826904296875,440.9352111816406,1606.8826904296875,440.9352111816406,,,,,0.0,0.0,0.0,0.005900569260120392,-0.001998892053961754,1.7459300756454468,1.7459300756454468
244,11,-251.60101318359375,942.3014526367188,-251.60101318359375,942.3014526367188,-251.60101318359375,942.3014526367188,,,,,0.0,0.0,0.0,-6.116541385650635,2.6153907775878906,23.083988189697266,23.083988189697266
244,12,246.51864624023438,825.5143432617188,246.51864624023438,825.5143432617188,246.51864624023438,825.5143432617188,,,,,0.0,0.0,0.0,-0.024610022082924843,-0.09703151136636734,1.670526146888733,1.670526146888733
244,13,1488.511474609375,289.69482421875,1488.511474609375,289.69482421875,1488.511474609375,289.69482421875,,,,,0.0,0.0,0.0,0.24410346150398254,-0.387616366147995,1.66753351688385,1.66753351688385
245,0,562.4722290039062,692.9531860351562,562.4722290039062,692.9531860351562,562.4722290039062,692.9531860351562,,,,,0.0,0.0,0.0,0.01847214251756668,0.0005395995685830712,2.187798261642456,2.187798261642456
245,1,435.3251037597656,749.8248291015625,435.3251037597656,749.8248291015625,435.3251037597656,749.8248291015625,,,,,0.0,0.0,0.0,-0.020083384588360786,0.051853422075510025,2.3840577602386475,2.3840577602386475
245,2,704.8097534179688,620.050048828125,704.8097534179688,620.050048828125,704.8097534179688,620.050048828125,,,,,0.0,0.0,0.0,0.0022572698071599007,-0.004040519706904888,2.2470874786376953,2.2470874786376953
245,5,1750.0616455078125,455.462890625,1750.0616455078125,455.462890625,1750.0616455078125,455.462890625,,,,,0.0,0.0,0.0,0.0019565096590667963,0.007466934621334076,1.9287714958190918,1.9287714958190918
245,6,1609.71337890625,433.896484375,1609.71337890625,433.896484375,1609.71337890625,433.896484375,,,,,0.0,0.0,0.0,-0.010449494235217571,0.013295498676598072,2.1749348640441895,2.1749348640441895
245,8,1464.8253173828125,438.72418212890625,1464.8253173828125,438.72418212890625,1464.8253173828125,438.72418212890625,,,,,0.0,0.0,0.0,0.005711276084184647,-0.008921470493078232,1.92391836643219,1.92391836643219
245,9,1606.8885498046875,440.9332275390625,1606.8885498046875,440.9332275390625,1606.8885498046875,440.9332275390625,,,,,0.0,0.0,0.0,0.0057235523127019405,-0.0019389253575354815,2.0408079624176025,2.0408079624176025
245,11,-257.7175598144531,944.9168701171875,-257.7175598144531,944.9168701171875,-257.7175598144531,944.9168701171875,,,,,0.0,0.0,0.0,-5.933045387268066,2.536929130554199,24.869626998901367,24.869626998901367
245,12,245.86178588867188,825.407958984375,245.86178588867188,825.407958984375,245.86178588867188,825.407958984375,,,,,0.0,0.0,0.0,-0.0825619176030159,-0.09788535535335541,1.900643229484558,1.900643229484558
245,13,1488.755615234375,289.3072204589844,1488.755615234375,289.3072204589844,1488.755615234375,289.3072204589844,,,,,0.0,0.0,0.0,0.23678036034107208,-0.3759878873825073,1.9334901571273804,1.9334901571273804
246,0,562.3646240234375,692.87158203125,562.3646240234375,692.87158203125,562.3646240234375,692.87158203125,,,,,0.0,0.0,0.0,0.00876020360738039,-0.00578703498467803,1.1245806217193604,1.1245806217193604
246,1,435.42254638671875,749.4973754882812,435.42254638671875,749.4973754882812,435.42254638671875,749.4973754882812,,,,,0.0,0.0,0.0,-0.010519477538764477,0.020982397720217705,1.1714428663253784,1.1714428663253784
246,2,704.7575073242188,620.0330200195312,704.7575073242188,620.0330200195312,704.7575073242188,620.0330200195312,,,,,0.0,0.0,0.0,-0.002010359661653638,-0.005059086252003908,1.1391905546188354,1.1391905546188354
246,5,1750.006103515625,455.42828369140625,1750.006103515625,455.42828369140625,1750.006103515625,455.42828369140625,,,,,0.0,0.0,0.0,-0.0021051412913948298,0.0044924127869307995,1.0551408529281616,1.0551408529281616
246,6,1609.7318115234375,433.9277648925781,1609.7318115234375,433.9277648925781,1609.7318115234375,433.9277648925781,,,,,0.0,0.0,0.0,-0.008243619464337826,0.014667636714875698,1.1210029125213623,1.1210029125213623
246,8,1464.9144287109375,438.7158203125,1464.9144287109375,438.7158203125,1464.9144287109375,438.7158203125,,,,,0.0,0.0,0.0,0.011594443581998348,-0.008882884867489338,1.0537489652633667,1.0537489652633667
246,9,1606.8624267578125,440.9210510253906,1606.8624267578125,440.9210510253906,1606.8624267578125,440.9210510253906,,,,,0.0,0.0,0.0,0.0033797752112150192,-0.002689323853701353,1.0863070487976074,1.0863070487976074
246,11,-263.6506042480469,947.4537963867188,-263.6506042480469,947.4537963867188,-263.6506042480469,947.4537963867188,,,,,0.0,0.0,0.0,-5.755053997039795,2.4608213901519775,26.74635887145996,26.74635887145996
246,12,247.6739044189453,825.2948608398438,247.6739044189453,825.2948608398438,247.6739044189453,825.2948608398438,,,,,0.0,0.0,0.0,0.08749290555715561,-0.09925036877393723,1.0694208145141602,1.0694208145141602
246,13,1488.992431640625,288.9312438964844,1488.992431640625,288.9312438964844,1488.992431640625,288.9312438964844,,,,,0.0,0.0,0.0,0.2296769618988037,-0.36470827460289,2.2368721961975098,2.2368721961975098
247,0,562.3734130859375,692.8657836914062,562.3734130859375,692.8657836914062,562.3734130859375,692.8657836914062,,,,,0.0,0.0,0.0,0.008497397415339947,-0.0056134238839149475,1.3280885219573975,1.3280885219573975
247,1,435.4120178222656,749.5183715820312,435.4120178222656,749.5183715820312,435.4120178222656,749.5183715820312,,,,,0.0,0.0,0.0,-0.010203893296420574,0.02035292610526085,1.399491786956787,1.399491786956787
247,2,704.7554931640625,620.0279541015625,704.7554931640625,620.0279541015625,704.7554931640625,620.0279541015625,,,,,0.0,0.0,0.0,-0.001950048957951367,-0.004907313734292984,1.3499294519424438,1.3499294519424438
247,5,1750.0040283203125,455.4327697753906,1750.0040283203125,455.4327697753906,1750.0040283203125,455.4327697753906,,,,,0.0,0.0,0.0,-0.002041987143456936,0.004357640631496906,1.226507306098938,1.226507306098938
247,6,1609.7235107421875,433.94244384765625,1609.7235107421875,433.94244384765625,1609.7235107421875,433.94244384765625,,,,,0.0,0.0,0.0,-0.007996311411261559,0.0142276082187891,1.321764349937439,1.321764349937439
247,8,1464.926025390625,438.7069396972656,1464.926025390625,438.7069396972656,1464.926025390625,438.7069396972656,,,,,0.0,0.0,0.0,0.011246610432863235,-0.008616399019956589,1.2245198488235474,1.2245198488235474
247,9,1606.8658447265625,440.9183654785156,1606.8658447265625,440.9183654785156,1606.8658447265625,440.9183654785156,,,,,0.0,0.0,0.0,0.003278382122516632,-0.002608644310384989,1.2714699506759644,1.2714699506759644
247,11,-269.4056701660156,949.9146118164062,-269.4056701660156,949.9146118164062,-269.4056701660156,949.9146118164062,,,,,0.0,0.0,0.0,-5.58240270614624,2.3869967460632324,28.716442108154297,28.716442108154297
247,12,247.2901611328125,825.1965942382812,247.2901611328125,825.1965942382812,247.2901611328125,825.1965942382812,,,,,0.0,0.0,0.0,0.04383760690689087,-0.09916254878044128,1.2491345405578613,1.2491345405578613
247,13,1489.22216796875,288.5665283203125,1489.22216796875,288.5665283203125,1489.22216796875,288.5665283203125,,,,,0.0,0.0,0.0,0.22278666496276855,-0.3537670373916626,2.580040693283081,2.580040693283081
248,0,562.3818969726562,692.8601684570312,562.3818969726562,692.8601684570312,562.3818969726562,692.8601684570312,,,,,0.0,0.0,0.0,0.008242475800216198,-0.005445021204650402,1.5710231065750122,1.5710231065750122
248,1,435.4018249511719,749.5386962890625,435.4018249511719,749.5386962890625,435.4018249511719,749.5386962890625,,,,,0.0,0.0,0.0,-0.009897776879370213,0.019742337986826897,1.6750211715698242,1.6750211715698242
248,2,704.7535400390625,620.0230712890625,704.7535400390625,620.0230712890625,704.7535400390625,620.0230712890625,,,,,0.0,0.0,0.0,-0.0018915475811809301,-0.004760094452649355,1.602358102798462,1.602358102798462
248,5,1750.001953125,455.4371337890625,1750.001953125,455.4371337890625,1750.001953125,455.4371337890625,,,,,0.0,0.0,0.0,-0.0019807275384664536,0.004226911347359419,1.427663803100586,1.427663803100586
248,6,1609.7154541015625,433.9566650390625,1609.7154541015625,433.9566650390625,1609.7154541015625,433.9566650390625,,,,,0.0,0.0,0.0,-0.007756422273814678,0.013800780288875103,1.5610003471374512,1.5610003471374512
248,8,1464.937255859375,438.6983337402344,1464.937255859375,438.6983337402344,1464.937255859375,438.6983337402344,,,,,0.0,0.0,0.0,0.01090921275317669,-0.008357907645404339,1.4249128103256226,1.4249128103256226
248,9,1606.869140625,440.915771484375,1606.869140625,440.915771484375,1606.869140625,440.915771484375,,,,,0.0,0.0,0.0,0.003180030733346939,-0.0025303850416094065,1.4904142618179321,1.4904142618179321
248,11,-274.9880676269531,952.3016357421875,-274.9880676269531,952.3016357421875,-274.9880676269531,952.3016357421875,,,,,0.0,0.0,0.0,-5.414930820465088,2.315387010574341,30.782136917114258,30.782136917114258
248,12,246.74900817871094,825.0848388671875,246.74900817871094,825.0848388671875,246.74900817871094,825.0848388671875,,,,,0.0,0.0,0.0,-0.010876419022679329,-0.1003359854221344,1.45097017288208,1.45097017288208
248,13,1489.4449462890625,288.2127685546875,1489.4449462890625,288.2127685546875,1489.4449462890625,288.2127685546875,,,,,0.0,0.0,0.0,0.21610307693481445,-0.34315404295921326,2.9653563499450684,2.9653563499450684
249,0,562.39013671875,692.854736328125,562.39013671875,692.854736328125,562.39013671875,692.854736328125,,,,,0.0,0.0,0.0,0.007995202206075191,-0.005281670950353146,1.8568228483200073,1.8568228483200073
249,1,435.3919372558594,749.5584106445312,435.3919372558594,749.5584106445312,435.3919372558594,749.5584106445312,,,,,0.0,0.0,0.0,-0.009600844234228134,0.01915006898343563,2.0024495124816895,2.0024495124816895
249,2,704.7516479492188,620.018310546875,704.7516479492188,620.018310546875,704.7516479492188,620.018310546875,,,,,0.0,0.0,0.0,-0.0018348011653870344,-0.00461729196831584,1.900177240371704,1.900177240371704
249,5,1750.0,455.4413757324219,1750.0,455.4413757324219,1750.0,455.4413757324219,,,,,0.0,0.0,0.0,-0.001921305782161653,0.0041001043282449245,1.660966396331787,1.660966396331787
249,6,1609.7076416015625,433.970458984375,1609.7076416015625,433.970458984375,1609.7076416015625,433.970458984375,,,,,0.0,0.0,0.0,-0.007523729931563139,0.013386757113039494,1.8420319557189941,1.8420319557189941
249,8,1464.9481201171875,438.6899719238281,1464.9481201171875,438.6899719238281,1464.9481201171875,438.6899719238281,,,,,0.0,0.0,0.0,0.010581936687231064,-0.008107170462608337,1.65726637840271,1.65726637840271
249,9,1606.872314453125,440.9132385253906,1606.872314453125,440.9132385253906,1606.872314453125,440.9132385253906,,,,,0.0,0.0,0.0,0.0030846300069242716,-0.0024544736370444298,1.7459301948547363,1.7459301948547363
249,11,-280.4029846191406,954.6170043945312,-280.4029846191406,954.6170043945312,-280.4029846191406,954.6170043945312,,,,,0.0,0.0,0.0,-5.252482891082764,2.2459254264831543,32.94570541381836,32.94570541381836
249,12,246.10853576660156,824.97509765625,246.10853576660156,824.97509765625,246.10853576660156,824.97509765625,,,,,0.0,0.0,0.0,-0.06945307552814484,-0.1012081578373909,1.6700235605239868,1.6700235605239868
249,13,1489.6610107421875,287.86962890625,1489.6610107421875,287.86962890625,1489.6610107421875,287.86962890625,,,,,0.0,0.0,0.0,0.20961998403072357,-0.33285942673683167,3.3951802253723145,3.3951802253723145
250,0,562.3981323242188,692.8494262695312,562.3981323242188,692.8494262695312,562.3981323242188,692.8494262695312,,,,,0.0,0.0,0.0,0.007755346596240997,-0.0051232208497822285,2.1889262199401855,2.1889262199401855
250,1,435.38232421875,749.5775756835938,435.38232421875,749.5775756835938,435.38232421875,749.5775756835938,,,,,0.0,0.0,0.0,-0.009312818758189678,0.01857556775212288,2.386195659637451,2.386195659637451
250,2,704.7498168945312,620.013671875,704.7498168945312,620.013671875,704.7498168945312,620.013671875,,,,,0.0,0.0,0.0,-0.0017797572072595358,-0.004478773567825556,2.2470874786376953,2.2470874786376953
250,5,1749.998046875,455.4454650878906,1749.998046875,455.4454650878906,1749.998046875,455.4454650878906,,,,,0.0,0.0,0.0,-0.0018636666936799884,0.003977101296186447,1.9287714958190918,1.9287714958190918
250,6,1609.7000732421875,433.9838562011719,1609.7000732421875,433.9838562011719,1609.7000732421875,433.9838562011719,,,,,0.0,0.0,0.0,-0.00729801831766963,0.01298515498638153,2.168179988861084,2.168179988861084
250,8,1464.958740234375,438.6818542480469,1464.958740234375,438.6818542480469,1464.958740234375,438.6818542480469,,,,,0.0,0.0,0.0,0.010264478623867035,-0.007863955572247505,1.923918604850769,1.923918604850769
250,9,1606.8753662109375,440.9107971191406,1606.8753662109375,440.9107971191406,1606.8753662109375,440.9107971191406,,,,,0.0,0.0,0.0,0.0029920912347733974,-0.0023808395490050316,2.0408079624176025,2.0408079624176025
250,11,-285.65545654296875,956.8629150390625,-285.65545654296875,956.8629150390625,-285.65545654296875,956.8629150390625,,,,,0.0,0.0,0.0,-5.094908714294434,2.1785476207733154,35.209407806396484,35.209407806396484
250,12,245.3717498779297,824.8627319335938,245.3717498779297,824.8627319335938,245.3717498779297,824.8627319335938,,,,,0.0,0.0,0.0,-0.13062171638011932,-0.10223326832056046,1.9001119136810303,1.9001119136810303
250,13,1489.87060546875,287.5367736816406,1489.87060546875,287.5367736816406,1489.87060546875,287.5367736816406,,,,,0.0,0.0,0.0,0.20333139598369598,-0.32287365198135376,3.871873617172241,3.871873617172241
251,0,562.2842407226562,692.7921752929688,562.2842407226562,692.7921752929688,562.2842407226562,692.7921752929688,,,,,0.0,0.0,0.0,-0.0016175736673176289,-0.009140564128756523,1.124874234199524,1.124874234199524
251,1,435.43658447265625,749.430419921875,435.43658447265625,749.430419921875,435.43658447265625,749.430419921875,,,,,0.0,0.0,0.0,-0.004133580718189478,0.005073126871138811,1.1719589233398438,1.1719589233398438
251,2,704.7261352539062,620.0167846679688,704.7261352539062,620.0167846679688,704.7261352539062,620.0167846679688,,,,,0.0,0.0,0.0,-0.0034955237060785294,-0.00388506380841136,1.1391905546188354,1.1391905546188354
251,5,1749.939208984375,455.4381103515625,1749.939208984375,455.4381103515625,1749.939208984375,455.4381103515625,,,,,0.0,0.0,0.0,-0.005893443711102009,0.00317683769389987,1.0551408529281616,1.0551408529281616
251,6,1609.7529296875,433.881103515625,1609.7529296875,433.881103515625,1609.7529296875,433.881103515625,,,,,0.0,0.0,0.0,-0.002698644297197461,0.0041427151300013065,1.1194789409637451,1.1194789409637451
251,8,1464.9842529296875,438.7204284667969,1464.9842529296875,438.7204284667969,1464.9842529296875,438.7204284667969,,,,,0.0,0.0,0.0,0.01134487520903349,-0.004586449824273586,1.0537489652633667,1.0537489652633667
251,9,1606.885498046875,440.93218994140625,1606.885498046875,440.93218994140625,1606.885498046875,440.93218994140625,,,,,0.0,0.0,0.0,0.003508599242195487,-0.0006327521405182779,1.0863070487976074,1.0863070487976074
251,11,-290.7503662109375,959.0414428710938,-290.7503662109375,959.0414428710938,-290.7503662109375,959.0414428710938,,,,,0.0,0.0,0.0,-4.942061424255371,2.1131913661956787,37.575504302978516,37.575504302978516
251,12,247.41995239257812,825.0633544921875,247.41995239257812,825.0633544921875,247.41995239257812,825.0633544921875,,,,,0.0,0.0,0.0,0.06494000554084778,-0.0750499740242958,1.069284439086914,1.069284439086914
251,13,1491.7867431640625,286.5961608886719,1491.7867431640625,286.5961608886719,1491.7867431640625,286.5961608886719,,,,,0.0,0.0,0.0,0.3091207444667816,-0.3610287308692932,1.3747848272323608,1.3747848272323608
252,0,562.2825927734375,692.7830200195312,562.2825927734375,692.7830200195312,562.2825927734375,692.7830200195312,,,,,0.0,0.0,0.0,-0.0015690465224906802,-0.008866347372531891,1.3285291194915771,1.3285291194915771
252,1,435.4324645996094,749.4354858398438,435.4324645996094,749.4354858398438,435.4324645996094,749.4354858398438,,,,,0.0,0.0,0.0,-0.004009573254734278,0.004920933395624161,1.4003177881240845,1.4003177881240845
252,2,704.72265625,620.0128784179688,704.72265625,620.0128784179688,704.72265625,620.0128784179688,,,,,0.0,0.0,0.0,-0.0033906581811606884,-0.003768512047827244,1.3499294519424438,1.3499294519424438
252,5,1749.933349609375,455.4412841796875,1749.933349609375,455.4412841796875,1749.933349609375,455.4412841796875,,,,,0.0,0.0,0.0,-0.005716640502214432,0.003081532660871744,1.226507306098938,1.226507306098938
252,6,1609.750244140625,433.88525390625,1609.750244140625,433.88525390625,1609.750244140625,433.88525390625,,,,,0.0,0.0,0.0,-0.0026176851242780685,0.004018433857709169,1.3200184106826782,1.3200184106826782
252,8,1464.99560546875,438.7158508300781,1464.99560546875,438.7158508300781,1464.99560546875,438.7158508300781,,,,,0.0,0.0,0.0,0.01100452896207571,-0.004448856692761183,1.2245198488235474,1.2245198488235474
252,9,1606.8890380859375,440.9315490722656,1606.8890380859375,440.9315490722656,1606.8890380859375,440.9315490722656,,,,,0.0,0.0,0.0,0.0034033413976430893,-0.0006137695745564997,1.271470069885254,1.271470069885254
252,11,-295.6924133300781,961.1546630859375,-295.6924133300781,961.1546630859375,-295.6924133300781,961.1546630859375,,,,,0.0,0.0,0.0,-4.793799877166748,2.049795627593994,40.04625701904297,40.04625701904297
252,12,246.96810913085938,824.9747314453125,246.96810913085938,824.9747314453125,246.96810913085938,824.9747314453125,,,,,0.0,0.0,0.0,0.01706288382411003,-0.07630591839551926,1.2489910125732422,1.2489910125732422
252,13,1492.0958251953125,286.2351379394531,1492.0958251953125,286.2351379394531,1492.0958251953125,286.2351379394531,,,,,0.0,0.0,0.0,0.2998471260070801,-0.3501978814601898,1.5673346519470215,1.5673346519470215
253,0,562.281005859375,692.774169921875,562.281005859375,692.774169921875,562.281005859375,692.774169921875,,,,,0.0,0.0,0.0,-0.0015219751512631774,-0.008600356988608837,1.5716391801834106,1.5716391801834106
253,1,435.428466796875,749.4404296875,435.428466796875,749.4404296875,435.428466796875,749.4404296875,,,,,0.0,0.0,0.0,-0.0038892861921340227,0.004773305729031563,1.6762315034866333,1.6762315034866333
253,2,704.71923828125,620.0090942382812,704.71923828125,620.0090942382812,704.71923828125,620.0090942382812,,,,,0.0,0.0,0.0,-0.003288938431069255,-0.003655456705018878,1.6023582220077515,1.6023582220077515
253,5,1749.9276123046875,455.4443664550781,1749.9276123046875,455.4443664550781,1749.9276123046875,455.4443664550781,,,,,0.0,0.0,0.0,-0.005545141641050577,0.002989086788147688,1.427663803100586,1.427663803100586
253,6,1609.7476806640625,433.8892822265625,1609.7476806640625,433.8892822265625,1609.7476806640625,433.8892822265625,,,,,0.0,0.0,0.0,-0.0025391546078026295,0.0038978809025138617,1.5590189695358276,1.5590189695358276
253,8,1465.006591796875,438.7113952636719,1465.006591796875,438.7113952636719,1465.006591796875,438.7113952636719,,,,,0.0,0.0,0.0,0.010674393735826015,-0.004315391182899475,1.4249128103256226,1.4249128103256226
253,9,1606.8924560546875,440.9309387207031,1606.8924560546875,440.9309387207031,1606.8924560546875,440.9309387207031,,,,,0.0,0.0,0.0,0.0033012412022799253,-0.0005953565123490989,1.4904143810272217,1.4904143810272217
253,11,-300.4862060546875,963.2044677734375,-300.4862060546875,963.2044677734375,-300.4862060546875,963.2044677734375,,,,,0.0,0.0,0.0,-4.6499857902526855,1.9883018732070923,42.62392807006836,42.62392807006836
253,12,246.39427185058594,824.8865356445312,246.39427185058594,824.8865356445312,246.39427185058594,824.8865356445312,,,,,0.0,0.0,0.0,-0.03820664435625076,-0.077416330575943,1.4508230686187744,1.4508230686187744
253,13,1492.3956298828125,285.88494873046875,1492.3956298828125,285.88494873046875,1492.3956298828125,285.88494873046875,,,,,0.0,0.0,0.0,0.2908517122268677,-0.33969196677207947,1.790771484375,1.790771484375
254,0,562.2794799804688,692.7655639648438,562.2794799804688,692.7655639648438,562.2794799804688,692.7655639648438,,,,,0.0,0.0,0.0,-0.0014763158978894353,-0.008342346176505089,1.8576428890228271,1.8576428890228271
254,1,435.4245910644531,749.4451904296875,435.4245910644531,749.4451904296875,435.4245910644531,749.4451904296875,,,,,0.0,0.0,0.0,-0.003772607771679759,0.0046301065012812614,2.0041186809539795,2.0041186809539795
254,2,704.7159423828125,620.0054321289062,704.7159423828125,620.0054321289062,704.7159423828125,620.0054321289062,,,,,0.0,0.0,0.0,-0.0031902703922241926,-0.003545793006196618,1.9001773595809937,1.9001773595809937
254,5,1749.922119140625,455.4473571777344,1749.922119140625,455.4473571777344,1749.922119140625,455.4473571777344,,,,,0.0,0.0,0.0,-0.0053787874057888985,0.002899414161220193,1.660966396331787,1.660966396331787
254,6,1609.7451171875,433.8931884765625,1609.7451171875,433.8931884765625,1609.7451171875,433.8931884765625,,,,,0.0,0.0,0.0,-0.002462980104610324,0.0037809445057064295,1.83980131149292,1.83980131149292
254,8,1465.0172119140625,438.70709228515625,1465.0172119140625,438.70709228515625,1465.0172119140625,438.70709228515625,,,,,0.0,0.0,0.0,0.010354162193834782,-0.004185929428786039,1.65726637840271,1.65726637840271
254,9,1606.895751953125,440.9303283691406,1606.895751953125,440.9303283691406,1606.895751953125,440.9303283691406,,,,,0.0,0.0,0.0,0.0032022041268646717,-0.0005774958408437669,1.7459303140640259,1.7459303140640259
254,11,-305.1361999511719,965.1927490234375,-305.1361999511719,965.1927490234375,-305.1361999511719,965.1927490234375,,,,,0.0,0.0,0.0,-4.510486125946045,1.9286528825759888,45.31077194213867,45.31077194213867
254,12,245.7067108154297,824.7905883789062,245.7067108154297,824.7905883789062,245.7067108154297,824.7905883789062,,,,,0.0,0.0,0.0,-0.09862500429153442,-0.07914004474878311,1.669877052307129,1.669877052307129
254,13,1492.6865234375,285.5452575683594,1492.6865234375,285.5452575683594,1492.6865234375,285.5452575683594,,,,,0.0,0.0,0.0,0.28212615847587585,-0.329501211643219,2.0474560260772705,2.0474560260772705
255,0,562.2780151367188,692.7572021484375,562.2780151367188,692.7572021484375,562.2780151367188,692.7572021484375,,,,,0.0,0.0,0.0,-0.0014320265036076307,-0.00809207558631897,2.18997859954834,2.18997859954834
255,1,435.4208068847656,749.4498291015625,435.4208068847656,749.4498291015625,435.4208068847656,749.4498291015625,,,,,0.0,0.0,0.0,-0.0036594297271221876,0.004491203464567661,2.3883981704711914,2.3883981704711914
255,2,704.7127685546875,620.0018920898438,704.7127685546875,620.0018920898438,704.7127685546875,620.0018920898438,,,,,0.0,0.0,0.0,-0.003094562329351902,-0.0034394192043691874,2.2470877170562744,2.2470877170562744
255,5,1749.916748046875,455.45025634765625,1749.916748046875,455.45025634765625,1749.916748046875,455.45025634765625,,,,,0.0,0.0,0.0,-0.005217424128204584,0.0028124318923801184,1.9287714958190918,1.9287714958190918
255,6,1609.74267578125,433.89697265625,1609.74267578125,433.89697265625,1609.74267578125,433.89697265625,,,,,0.0,0.0,0.0,-0.002389090834185481,0.00366751616820693,2.1656863689422607,2.1656863689422607
255,8,1465.027587890625,438.7029113769531,1465.027587890625,438.7029113769531,1465.027587890625,438.7029113769531,,,,,0.0,0.0,0.0,0.010043537244200706,-0.0040603517554700375,1.923918604850769,1.923918604850769
255,9,1606.89892578125,440.92974853515625,1606.89892578125,440.92974853515625,1606.89892578125,440.92974853515625,,,,,0.0,0.0,0.0,0.003106138203293085,-0.0005601709708571434,2.0408082008361816,2.0408082008361816
255,11,-309.6466979980469,967.1213989257812,-309.6466979980469,967.1213989257812,-309.6466979980469,967.1213989257812,,,,,0.0,0.0,0.0,-4.375171661376953,1.870793342590332,48.10905075073242,48.10905075073242
255,12,244.91786193847656,824.70703125,244.91786193847656,824.70703125,244.91786193847656,824.70703125,,,,,0.0,0.0,0.0,-0.1618943214416504,-0.07954185456037521,1.8999699354171753,1.8999699354171753
255,13,1492.9686279296875,285.21575927734375,1492.9686279296875,285.21575927734375,1492.9686279296875,285.21575927734375,,,,,0.0,0.0,0.0,0.27366238832473755,-0.3196161985397339,2.339749574661255,2.339749574661255
256,0,562.2610473632812,692.7012329101562,562.2610473632812,692.7012329101562,562.2610473632812,692.7012329101562,,,,,0.0,0.0,0.0,-0.0026305767241865396,-0.011777683161199093,1.1251256465911865,1.1251256465911865
256,1,435.45855712890625,749.1904296875,435.45855712890625,749.1904296875,435.45855712890625,749.1904296875,,,,,0.0,0.0,0.0,-0.00028398065478540957,-0.017018353566527367,1.1724402904510498,1.1724402904510498
256,2,704.7713623046875,620.0241088867188,704.7713623046875,620.0241088867188,704.7713623046875,620.0241088867188,,,,,0.0,0.0,0.0,0.0017395425820723176,-0.0014295208966359496,1.139190673828125,1.139190673828125
256,5,1749.9151611328125,455.4238586425781,1749.9151611328125,455.4238586425781,1749.9151611328125,455.4238586425781,,,,,0.0,0.0,0.0,-0.004957878962159157,0.0007474558078683913,1.0551408529281616,1.0551408529281616
256,6,1609.744873046875,433.8782958984375,1609.744873046875,433.8782958984375,1609.744873046875,433.8782958984375,,,,,0.0,0.0,0.0,-0.0020341305062174797,0.0019605751149356365,1.1189419031143188,1.1189419031143188
256,8,1465.01708984375,438.7344055175781,1465.01708984375,438.7344055175781,1465.01708984375,438.7344055175781,,,,,0.0,0.0,0.0,0.008599982596933842,-0.001551153720356524,1.0537489652633667,1.0537489652633667
256,9,1606.86669921875,440.9629211425781,1606.86669921875,440.9629211425781,1606.86669921875,440.9629211425781,,,,,0.0,0.0,0.0,0.0005138525157235563,0.0019188240403309464,1.0863069295883179,1.0863069295883179
256,11,-314.0218811035156,968.9921875,-314.0218811035156,968.9921875,-314.0218811035156,968.9921875,,,,,0.0,0.0,0.0,-4.2439165115356445,1.8146696090698242,51.02103042602539,51.02103042602539
256,12,247.14288330078125,824.9856567382812,247.14288330078125,824.9856567382812,247.14288330078125,824.9856567382812,,,,,0.0,0.0,0.0,0.05235328897833824,-0.04739684239029884,1.0692507028579712,1.0692507028579712
256,13,1493.2423095703125,284.8961486816406,1493.2423095703125,284.8961486816406,1493.2423095703125,284.8961486816406,,,,,0.0,0.0,0.0,0.2654525339603424,-0.31002771854400635,2.6700127124786377,2.6700127124786377
257,0,562.2584228515625,692.689453125,562.2584228515625,692.689453125,562.2584228515625,692.689453125,,,,,0.0,0.0,0.0,-0.0025516594760119915,-0.0114243533462286,1.3288558721542358,1.3288558721542358
257,1,435.4582824707031,749.1734008789062,435.4582824707031,749.1734008789062,435.4582824707031,749.1734008789062,,,,,0.0,0.0,0.0,-0.0002754612360149622,-0.01650780253112316,1.4009677171707153,1.4009677171707153
257,2,704.7731323242188,620.022705078125,704.7731323242188,620.022705078125,704.7731323242188,620.022705078125,,,,,0.0,0.0,0.0,0.0016873563872650266,-0.001386635354720056,1.3499295711517334,1.3499295711517334
257,5,1749.91015625,455.4245910644531,1749.91015625,455.4245910644531,1749.91015625,455.4245910644531,,,,,0.0,0.0,0.0,-0.004809142556041479,0.0007250321796163917,1.226507306098938,1.226507306098938
257,6,1609.7427978515625,433.8802490234375,1609.7427978515625,433.8802490234375,1609.7427978515625,433.8802490234375,,,,,0.0,0.0,0.0,-0.0019731067586690187,0.0019017579033970833,1.3194611072540283,1.3194611072540283
257,8,1465.025634765625,438.73284912109375,1465.025634765625,438.73284912109375,1465.025634765625,438.73284912109375,,,,,0.0,0.0,0.0,0.008341982960700989,-0.0015046191401779652,1.2245197296142578,1.2245197296142578
257,9,1606.8671875,440.96484375,1606.8671875,440.96484375,1606.8671875,440.96484375,,,,,0.0,0.0,0.0,0.0004984369734302163,0.0018612593412399292,1.2714699506759644,1.2714699506759644
257,11,-318.26580810546875,970.806884765625,-318.26580810546875,970.806884765625,-318.26580810546875,970.806884765625,,,,,0.0,0.0,0.0,-4.116599082946777,1.7602295875549316,54.04896545410156,54.04896545410156
257,12,246.5541229248047,824.92919921875,246.5541229248047,824.92919921875,246.5541229248047,824.92919921875,,,,,0.0,0.0,0.0,-0.00704319728538394,-0.0482337512075901,1.2489608526229858,1.2489608526229858
257,13,1493.5078125,284.58612060546875,1493.5078125,284.58612060546875,1493.5078125,284.58612060546875,,,,,0.0,0.0,0.0,0.2574889659881592,-0.30072689056396484,3.0406064987182617,3.0406064987182617
258,0,562.255859375,692.6780395507812,562.255859375,692.6780395507812,562.255859375,692.6780395507812,,,,,0.0,0.0,0.0,-0.002475109649822116,-0.011081622913479805,1.5720508098602295,1.5720508098602295
258,1,435.4580078125,749.1569213867188,435.4580078125,749.1569213867188,435.4580078125,749.1569213867188,,,,,0.0,0.0,0.0,-0.00026719740708358586,-0.016012568026781082,1.677075743675232,1.677075743675232
258,2,704.7748413085938,620.0213012695312,704.7748413085938,620.0213012695312,704.7748413085938,620.0213012695312,,,,,0.0,0.0,0.0,0.0016367357457056642,-0.001345036318525672,1.602358341217041,1.602358341217041
258,5,1749.9053955078125,455.4253234863281,1749.9053955078125,455.4253234863281,1749.9053955078125,455.4253234863281,,,,,0.0,0.0,0.0,-0.0046648685820400715,0.000703281257301569,1.427663803100586,1.427663803100586
258,6,1609.7408447265625,433.88214111328125,1609.7408447265625,433.88214111328125,1609.7408447265625,433.88214111328125,,,,,0.0,0.0,0.0,-0.0019139136420562863,0.001844705198891461,1.5584418773651123,1.5584418773651123
258,8,1465.033935546875,438.7313537597656,1465.033935546875,438.7313537597656,1465.033935546875,438.7313537597656,,,,,0.0,0.0,0.0,0.008091723546385765,-0.001459480612538755,1.424912691116333,1.424912691116333
258,9,1606.86767578125,440.9667053222656,1606.86767578125,440.9667053222656,1606.86767578125,440.9667053222656,,,,,0.0,0.0,0.0,0.00048348389100283384,0.0018054216634482145,1.4904142618179321,1.4904142618179321
258,11,-322.3824157714844,972.567138671875,-322.3824157714844,972.567138671875,-322.3824157714844,972.567138671875,,,,,0.0,0.0,0.0,-3.993101119995117,1.7074227333068848,57.19511795043945,57.19511795043945
258,12,245.8472442626953,824.846435546875,245.8472442626953,824.846435546875,245.8472442626953,824.846435546875,,,,,0.0,0.0,0.0,-0.0725027397274971,-0.05146313086152077,1.4507968425750732,1.4507968425750732
258,13,1493.7652587890625,284.285400390625,1493.7652587890625,284.285400390625,1493.7652587890625,284.285400390625,,,,,0.0,0.0,0.0,0.2497643083333969,-0.29170510172843933,3.4538917541503906,3.4538917541503906
259,0,562.2533569335938,692.6669311523438,562.2533569335938,692.6669311523438,562.2533569335938,692.6669311523438,,,,,0.0,0.0,0.0,-0.002400856465101242,-0.010749174281954765,1.8581489324569702,1.8581489324569702
259,1,435.4577331542969,749.1409301757812,435.4577331542969,749.1409301757812,435.4577331542969,749.1409301757812,,,,,0.0,0.0,0.0,-0.00025918148458004,-0.015532191842794418,2.005182981491089,2.005182981491089
259,2,704.7764892578125,620.0199584960938,704.7764892578125,620.0199584960938,704.7764892578125,620.0199584960938,,,,,0.0,0.0,0.0,0.0015876337420195341,-0.0013046852545812726,1.9001774787902832,1.9001774787902832
259,5,1749.9007568359375,455.426025390625,1749.9007568359375,455.426025390625,1749.9007568359375,455.426025390625,,,,,0.0,0.0,0.0,-0.004524922464042902,0.0006821828428655863,1.660966396331787,1.660966396331787
259,6,1609.7388916015625,433.88397216796875,1609.7388916015625,433.88397216796875,1609.7388916015625,433.88397216796875,,,,,0.0,0.0,0.0,-0.001856496324762702,0.00178936414886266,1.8392049074172974,1.8392049074172974
259,8,1465.0419921875,438.7298889160156,1465.0419921875,438.7298889160156,1465.0419921875,438.7298889160156,,,,,0.0,0.0,0.0,0.007848972454667091,-0.0014156962279230356,1.6572661399841309,1.6572661399841309
259,9,1606.8681640625,440.968505859375,1606.8681640625,440.968505859375,1606.8681640625,440.968505859375,,,,,0.0,0.0,0.0,0.000468979385914281,0.0017512590857222676,1.7459301948547363,1.7459301948547363
259,11,-326.3755187988281,974.2745361328125,-326.3755187988281,974.2745361328125,-326.3755187988281,974.2745361328125,,,,,0.0,0.0,0.0,-3.8733081817626953,1.6562000513076782,60.461753845214844,60.461753845214844
259,12,245.0341033935547,824.7595825195312,245.0341033935547,824.7595825195312,245.0341033935547,824.7595825195312,,,,,0.0,0.0,0.0,-0.1414150446653366,-0.054756637662649155,1.669854998588562,1.669854998588562
259,13,1494.0150146484375,283.9936828613281,1494.0150146484375,283.9936828613281,1494.0150146484375,283.9936828613281,,,,,0.0,0.0,0.0,0.24227139353752136,-0.2829539477825165,3.912229537963867,3.912229537963867
260,0,562.2509765625,692.6561889648438,562.2509765625,692.6561889648438,562.2509765625,692.6561889648438,,,,,0.0,0.0,0.0,-0.002328830771148205,-0.010426699183881283,2.1905887126922607,2.1905887126922607
260,1,435.4574890136719,749.1254272460938,435.4574890136719,749.1254272460938,435.4574890136719,749.1254272460938,,,,,0.0,0.0,0.0,-0.0002514060470275581,-0.015066226944327354,2.3897080421447754,2.3897080421447754
260,2,704.778076171875,620.0186767578125,704.778076171875,620.0186767578125,704.778076171875,620.0186767578125,,,,,0.0,0.0,0.0,0.0015400047414004803,-0.0012655446771532297,2.2470877170562744,2.2470877170562744
260,5,1749.896240234375,455.42669677734375,1749.896240234375,455.42669677734375,1749.896240234375,455.42669677734375,,,,,0.0,0.0,0.0,-0.004389174748212099,0.0006617173785343766,1.9287714958190918,1.9287714958190918
260,6,1609.737060546875,433.8857727050781,1609.737060546875,433.8857727050781,1609.737060546875,433.8857727050781,,,,,0.0,0.0,0.0,-0.001800801488570869,0.0017356832977384329,2.1650710105895996,2.1650710105895996
260,8,1465.0498046875,438.7284851074219,1465.0498046875,438.7284851074219,1465.0498046875,438.7284851074219,,,,,0.0,0.0,0.0,0.007613503374159336,-0.0013732253573834896,1.92391836643219,1.92391836643219
260,9,1606.86865234375,440.9702453613281,1606.86865234375,440.9702453613281,1606.86865234375,440.9702453613281,,,,,0.0,0.0,0.0,0.0004549100121948868,0.0016987213166430593,2.0408079624176025,2.0408079624176025
260,11,-330.24884033203125,975.9307250976562,-330.24884033203125,975.9307250976562,-330.24884033203125,975.9307250976562,,,,,0.0,0.0,0.0,-3.7571091651916504,1.6065140962600708,63.85112380981445,63.85112380981445
260,12,244.1294708251953,824.6492309570312,244.1294708251953,824.6492309570312,244.1294708251953,824.6492309570312,,,,,0.0,0.0,0.0,-0.21137581765651703,-0.05985474959015846,1.8999521732330322,1.8999521732330322
260,13,1494.25732421875,283.7107238769531,1494.25732421875,283.7107238769531,1494.25732421875,283.7107238769531,,,,,0.0,0.0,0.0,0.235003262758255,-0.2744653522968292,4.417980670928955,4.417980670928955
261,0,562.22021484375,692.6829833984375,562.22021484375,692.6829833984375,562.22021484375,692.6829833984375,,,,,0.0,0.0,0.0,-0.0045198663137853146,-0.007558242417871952,1.125264286994934,1.125264286994934
261,1,435.4035949707031,749.1077880859375,435.4035949707031,749.1077880859375,435.4035949707031,749.1077880859375,,,,,0.0,0.0,0.0,-0.004625439643859863,-0.01527333352714777,1.1727111339569092,1.1727111339569092
261,2,704.8034057617188,619.9827270507812,704.8034057617188,619.9827270507812,704.8034057617188,619.9827270507812,,,,,0.0,0.0,0.0,0.0034055605065077543,-0.003980813082307577,1.139190673828125,1.139190673828125
261,5,1749.838134765625,455.41864013671875,1749.838134765625,455.41864013671875,1749.838134765625,455.41864013671875,,,,,0.0,0.0,0.0,-0.008186726830899715,4.472893488127738e-05,1.0551408529281616,1.0551408529281616
261,6,1609.76953125,433.8916320800781,1609.76953125,433.8916320800781,1609.76953125,433.8916320800781,,,,,0.0,0.0,0.0,0.0008251038379967213,0.00205152272246778,1.118818759918213,1.118818759918213
261,8,1465.0447998046875,438.75543212890625,1465.0447998046875,438.75543212890625,1465.0447998046875,438.75543212890625,,,,,0.0,0.0,0.0,0.006723764818161726,0.000626416178420186,1.0537489652633667,1.0537489652633667
261,9,1606.87890625,440.97283935546875,1606.87890625,440.97283935546875,1606.87890625,440.97283935546875,,,,,0.0,0.0,0.0,0.0011760721681639552,0.00176328478846699,1.0863070487976074,1.0863070487976074
261,11,-334.0059509277344,977.5372314453125,-334.0059509277344,977.5372314453125,-334.0059509277344,977.5372314453125,,,,,0.0,0.0,0.0,-3.6443960666656494,1.5583187341690063,67.3655014038086,67.3655014038086
261,12,246.82908630371094,825.011474609375,246.82908630371094,825.011474609375,246.82908630371094,825.011474609375,,,,,0.0,0.0,0.0,0.049916330724954605,-0.02196577750146389,1.0692474842071533,1.0692474842071533
261,13,1494.4923095703125,283.4362487792969,1494.4923095703125,283.4362487792969,1494.4923095703125,283.4362487792969,,,,,0.0,0.0,0.0,0.22795316576957703,-0.26623138785362244,4.973506450653076,4.973506450653076
262,0,562.2156982421875,692.6754150390625,562.2156982421875,692.6754150390625,562.2156982421875,692.6754150390625,,,,,0.0,0.0,0.0,-0.004384270403534174,-0.007331495173275471,1.3290199041366577,1.3290199041366577
262,1,435.3989562988281,749.092529296875,435.3989562988281,749.092529296875,435.3989562988281,749.092529296875,,,,,0.0,0.0,0.0,-0.004486676771193743,-0.01481513399630785,1.4012964963912964,1.4012964963912964
262,2,704.8068237304688,619.978759765625,704.8068237304688,619.978759765625,704.8068237304688,619.978759765625,,,,,0.0,0.0,0.0,0.0033033937215805054,-0.0038613888900727034,1.3499295711517334,1.3499295711517334
262,5,1749.8299560546875,455.4186706542969,1749.8299560546875,455.4186706542969,1749.8299560546875,455.4186706542969,,,,,0.0,0.0,0.0,-0.007941124960780144,4.3387066398281604e-05,1.226507306098938,1.226507306098938
262,6,1609.7703857421875,433.8936767578125,1609.7703857421875,433.8936767578125,1609.7703857421875,433.8936767578125,,,,,0.0,0.0,0.0,0.0008003507391549647,0.001989977201446891,1.3193535804748535,1.3193535804748535
262,8,1465.051513671875,438.7560729980469,1465.051513671875,438.7560729980469,1465.051513671875,438.7560729980469,,,,,0.0,0.0,0.0,0.006522051990032196,0.0006076237186789513,1.2245198488235474,1.2245198488235474
262,9,1606.880126953125,440.974609375,1606.880126953125,440.974609375,1606.880126953125,440.974609375,,,,,0.0,0.0,0.0,0.0011407900601625443,0.00171038624830544,1.271470069885254,1.271470069885254
262,11,-337.6503601074219,979.0955200195312,-337.6503601074219,979.0955200195312,-337.6503601074219,979.0955200195312,,,,,0.0,0.0,0.0,-3.535064220428467,1.5115692615509033,71.00713348388672,71.00713348388672
262,12,246.29864501953125,824.9388427734375,246.29864501953125,824.9388427734375,246.29864501953125,824.9388427734375,,,,,0.0,0.0,0.0,-0.003852152032777667,-0.02666120044887066,1.2489593029022217,1.2489593029022217
262,13,1494.72021484375,283.1700134277344,1494.72021484375,283.1700134277344,1494.72021484375,283.1700134277344,,,,,0.0,0.0,0.0,0.22111457586288452,-0.25824445486068726,5.581167221069336,5.581167221069336
263,0,562.2113037109375,692.6680908203125,562.2113037109375,692.6680908203125,562.2113037109375,692.6680908203125,,,,,0.0,0.0,0.0,-0.004252742510288954,-0.007111550308763981,1.572242259979248,1.572242259979248
263,1,435.39447021484375,749.0776977539062,435.39447021484375,749.0776977539062,435.39447021484375,749.0776977539062,,,,,0.0,0.0,0.0,-0.004352076444774866,-0.014370680786669254,1.677468180656433,1.677468180656433
263,2,704.8101196289062,619.9749145507812,704.8101196289062,619.9749145507812,704.8101196289062,619.9749145507812,,,,,0.0,0.0,0.0,0.003204291919246316,-0.0037455472629517317,1.602358341217041,1.602358341217041
263,5,1749.822021484375,455.418701171875,1749.822021484375,455.418701171875,1749.822021484375,455.418701171875,,,,,0.0,0.0,0.0,-0.007702891249209642,4.20854557887651e-05,1.427663803100586,1.427663803100586
263,6,1609.771240234375,433.8956604003906,1609.771240234375,433.8956604003906,1609.771240234375,433.8956604003906,,,,,0.0,0.0,0.0,0.0007763402536511421,0.001930277911014855,1.558349609375,1.558349609375
263,8,1465.0579833984375,438.7566833496094,1465.0579833984375,438.7566833496094,1465.0579833984375,438.7566833496094,,,,,0.0,0.0,0.0,0.00632639043033123,0.0005893950001336634,1.4249128103256226,1.4249128103256226
263,9,1606.8812255859375,440.976318359375,1606.8812255859375,440.976318359375,1606.8812255859375,440.976318359375,,,,,0.0,0.0,0.0,0.0011065664002671838,0.0016590746818110347,1.4904145002365112,1.4904145002365112
263,11,-341.1854248046875,980.6071166992188,-341.1854248046875,980.6071166992188,-341.1854248046875,980.6071166992188,,,,,0.0,0.0,0.0,-3.4290122985839844,1.4662222862243652,74.77828216552734,74.77828216552734
263,12,245.67684936523438,824.8675537109375,245.67684936523438,824.8675537109375,245.67684936523438,824.8675537109375,,,,,0.0,0.0,0.0,-0.0616537369787693,-0.03083564154803753,1.4507966041564941,1.4507966041564941
263,13,1494.9412841796875,282.9117736816406,1494.9412841796875,282.9117736816406,1494.9412841796875,282.9117736816406,,,,,0.0,0.0,0.0,0.2144811451435089,-0.25049713253974915,6.243323802947998,6.243323802947998
264,0,562.20703125,692.6609497070312,562.20703125,692.6609497070312,562.20703125,692.6609497070312,,,,,0.0,0.0,0.0,-0.004125160165131092,-0.006898203864693642,1.8583698272705078,1.8583698272705078
264,1,435.3901062011719,749.0633544921875,435.3901062011719,749.0633544921875,435.3901062011719,749.0633544921875,,,,,0.0,0.0,0.0,-0.004221514333039522,-0.013939560391008854,2.0056447982788086,2.0056447982788086
264,2,704.8132934570312,619.97119140625,704.8132934570312,619.97119140625,704.8132934570312,619.97119140625,,,,,0.0,0.0,0.0,0.0031081633642315865,-0.0036331808660179377,1.9001774787902832,1.9001774787902832
264,5,1749.8143310546875,455.4187316894531,1749.8143310546875,455.4187316894531,1749.8143310546875,455.4187316894531,,,,,0.0,0.0,0.0,-0.00747180450707674,4.0822891605785117e-05,1.660966396331787,1.660966396331787
264,6,1609.77197265625,433.8975830078125,1609.77197265625,433.8975830078125,1609.77197265625,433.8975830078125,,,,,0.0,0.0,0.0,0.0007530500879511237,0.0018723696703091264,1.8391276597976685,1.8391276597976685
264,8,1465.0643310546875,438.75726318359375,1465.0643310546875,438.75726318359375,1465.0643310546875,438.75726318359375,,,,,0.0,0.0,0.0,0.006136598996818066,0.0005717131425626576,1.65726637840271,1.65726637840271
264,9,1606.88232421875,440.97796630859375,1606.88232421875,440.97796630859375,1606.88232421875,440.97796630859375,,,,,0.0,0.0,0.0,0.001073369407095015,0.001609302475117147,1.745930552482605,1.745930552482605
264,11,-344.61444091796875,982.0733642578125,-344.61444091796875,982.0733642578125,-344.61444091796875,982.0733642578125,,,,,0.0,0.0,0.0,-3.3261420726776123,1.4222356081008911,78.68122100830078,78.68122100830078
264,12,244.938232421875,824.777099609375,244.938232421875,824.777099609375,244.938232421875,824.777099609375,,,,,0.0,0.0,0.0,-0.1246413141489029,-0.036383312195539474,1.6698557138442993,1.6698557138442993
264,13,1495.15576171875,282.6612854003906,1495.15576171875,282.6612854003906,1495.15576171875,282.6612854003906,,,,,0.0,0.0,0.0,0.20804671943187714,-0.24298222362995148,6.962337493896484,6.962337493896484
265,0,562.202880859375,692.654052734375,562.202880859375,692.654052734375,562.202880859375,692.654052734375,,,,,0.0,0.0,0.0,-0.0040014055557549,-0.006691257935017347,2.1908414363861084,2.1908414363861084
265,1,435.3858947753906,749.0494384765625,435.3858947753906,749.0494384765625,435.3858947753906,749.0494384765625,,,,,0.0,0.0,0.0,-0.004094868898391724,-0.013521374203264713,2.390244960784912,2.390244960784912
265,2,704.81640625,619.967529296875,704.81640625,619.967529296875,704.81640625,619.967529296875,,,,,0.0,0.0,0.0,0.003014918649569154,-0.003524185623973608,2.2470877170562744,2.2470877170562744
265,5,1749.806884765625,455.41876220703125,1749.806884765625,455.41876220703125,1749.806884765625,455.41876220703125,,,,,0.0,0.0,0.0,-0.007247650530189276,3.959820605814457e-05,1.9287714958190918,1.9287714958190918
265,6,1609.772705078125,433.8994445800781,1609.772705078125,433.8994445800781,1609.772705078125,433.8994445800781,,,,,0.0,0.0,0.0,0.0007304585888050497,0.0018161985790356994,2.165008544921875,2.165008544921875
265,8,1465.0704345703125,438.7578430175781,1465.0704345703125,438.7578430175781,1465.0704345703125,438.7578430175781,,,,,0.0,0.0,0.0,0.005952501203864813,0.0005545617896132171,1.923918604850769,1.923918604850769
265,9,1606.8834228515625,440.9795837402344,1606.8834228515625,440.9795837402344,1606.8834228515625,440.9795837402344,,,,,0.0,0.0,0.0,0.0010411683470010757,0.0015610234113410115,2.0408084392547607,2.0408084392547607
265,11,-347.9405822753906,983.49560546875,-347.9405822753906,983.49560546875,-347.9405822753906,983.49560546875,,,,,0.0,0.0,0.0,-3.226357936859131,1.3795685768127441,82.71820068359375,82.71820068359375
265,12,244.0983428955078,824.6514282226562,244.0983428955078,824.6514282226562,244.0983428955078,824.6514282226562,,,,,0.0,0.0,0.0,-0.19020532071590424,-0.04456730931997299,1.8999536037445068,1.8999536037445068
265,13,1495.36376953125,282.4183044433594,1495.36376953125,282.4183044433594,1495.36376953125,282.4183044433594,,,,,0.0,0.0,0.0,0.20180532336235046,-0.23569276928901672,7.740569114685059,7.740569114685059
266,0,562.1991577148438,692.6539306640625,562.1991577148438,692.6539306640625,562.1991577148438,692.6539306640625,,,,,0.0,0.0,0.0,-0.0039802356623113155,-0.006183179561048746,1.125319004058838,1.125319004058838
266,1,435.375,749.022705078125,435.375,749.022705078125,435.375,749.022705078125,,,,,0.0,0.0,0.0,-0.0046505858190357685,-0.014597802422940731,1.1728167533874512,1.1728167533874512
266,2,704.966796875,619.9617919921875,704.966796875,619.9617919921875,704.966796875,619.9617919921875,,,,,0.0,0.0,0.0,0.014559578150510788,-0.0036984856706112623,1.139190673828125,1.139190673828125
266,5,1749.8201904296875,455.4157409667969,1749.8201904296875,455.4157409667969,1749.8201904296875,455.4157409667969,,,,,0.0,0.0,0.0,-0.005795109551399946,-0.00017555090016685426,1.0551408529281616,1.0551408529281616
266,6,1609.745849609375,433.8898010253906,1609.745849609375,433.8898010253906,1609.745849609375,433.8898010253906,,,,,0.0,0.0,0.0,-0.0013787177158519626,0.0009378101676702499,1.118809461593628,1.118809461593628
266,8,1465.03564453125,438.77862548828125,1465.03564453125,438.77862548828125,1465.03564453125,438.77862548828125,,,,,0.0,0.0,0.0,0.003074469743296504,0.0019822288304567337,1.0537489652633667,1.0537489652633667
266,9,1606.83935546875,440.9911193847656,1606.83935546875,440.9911193847656,1606.83935546875,440.9911193847656,,,,,0.0,0.0,0.0,-0.002282025059685111,0.0022943674121052027,1.0863069295883179,1.0863069295883179
266,11,-351.16693115234375,984.8751831054688,-351.16693115234375,984.8751831054688,-351.16693115234375,984.8751831054688,,,,,0.0,0.0,0.0,-3.1295673847198486,1.3381816148757935,86.8914794921875,86.8914794921875
266,12,246.8360595703125,825.0122680664062,246.8360595703125,825.0122680664062,246.8360595703125,825.0122680664062,,,,,0.0,0.0,0.0,0.07260569930076599,-0.008180862292647362,1.069247841835022,1.069247841835022
266,13,1495.5655517578125,282.1826171875,1495.5655517578125,282.1826171875,1495.5655517578125,282.1826171875,,,,,0.0,0.0,0.0,0.19575117528438568,-0.22862198948860168,8.5803804397583,8.5803804397583
266,14,1251.895751953125,316.18017578125,1251.895751953125,316.18017578125,1251.895751953125,316.18017578125,,,,,0.0,0.0,0.0,0.0,0.0,1.0,1.0
267,0,562.1951904296875,692.6477661132812,562.1951904296875,692.6477661132812,562.1951904296875,692.6477661132812,,,,,0.0,0.0,0.0,-0.003860828699544072,-0.005997684318572283,1.3290789127349854,1.3290789127349854
267,1,435.370361328125,749.0081176757812,435.370361328125,749.0081176757812,435.370361328125,749.0081176757812,,,,,0.0,0.0,0.0,-0.0045110685750842094,-0.014159868471324444,1.4014126062393188,1.4014126062393188
267,2,704.9813842773438,619.9580688476562,704.9813842773438,619.9580688476562,704.9813842773438,619.9580688476562,,,,,0.0,0.0,0.0,0.014122791588306427,-0.0035875311587005854,1.3499295711517334,1.3499295711517334
267,5,1749.814453125,455.4155578613281,1749.814453125,455.4155578613281,1749.814453125,455.4155578613281,,,,,0.0,0.0,0.0,-0.005621256306767464,-0.00017028437287081033,1.226507306098938,1.226507306098938
267,6,1609.7445068359375,433.8907470703125,1609.7445068359375,433.8907470703125,1609.7445068359375,433.8907470703125,,,,,0.0,0.0,0.0,-0.0013373561669141054,0.0009096759022213519,1.3193515539169312,1.3193515539169312
267,8,1465.0386962890625,438.7806091308594,1465.0386962890625,438.7806091308594,1465.0386962890625,438.7806091308594,,,,,0.0,0.0,0.0,0.002982235746458173,0.0019227620214223862,1.2245198488235474,1.2245198488235474
267,9,1606.8370361328125,440.993408203125,1606.8370361328125,440.993408203125,1606.8370361328125,440.993408203125,,,,,0.0,0.0,0.0,-0.002213564468547702,0.00222553638741374,1.2714699506759644,1.2714699506759644
267,11,-354.2965087890625,986.21337890625,-354.2965087890625,986.21337890625,-354.2965087890625,986.21337890625,,,,,0.0,0.0,0.0,-3.0356805324554443,1.2980362176895142,91.20332336425781,91.20332336425781
267,12,247.6077117919922,824.0743408203125,247.6077117919922,824.0743408203125,247.6077117919922,824.0743408203125,,,,,0.0,0.0,0.0,0.1373704969882965,-0.09431977570056915,1.2489596605300903,1.2489596605300903
267,13,1495.7613525390625,281.9540100097656,1495.7613525390625,281.9540100097656,1495.7613525390625,281.9540100097656,,,,,0.0,0.0,0.0,0.1898786425590515,-0.22176334261894226,9.484130859375,9.484130859375
267,14,1251.7099609375,316.3617858886719,1251.7099609375,316.3617858886719,1251.7099609375,316.3617858886719,,,,,0.0,0.0,0.0,-0.09257244318723679,0.09046531468629837,1.881593108177185,1.881593108177185
268,0,562.1913452148438,692.6417846679688,562.1913452148438,692.6417846679688,562.1913452148438,692.6417846679688,,,,,0.0,0.0,0.0,-0.0037450038362294436,-0.005817753728479147,1.572305679321289,1.572305679321289
268,1,435.3658447265625,748.9939575195312,435.3658447265625,748.9939575195312,435.3658447265625,748.9939575195312,,,,,0.0,0.0,0.0,-0.004375736694782972,-0.013735072687268257,1.6775952577590942,1.6775952577590942
268,2,704.9954833984375,619.9544677734375,704.9954833984375,619.9544677734375,704.9954833984375,619.9544677734375,,,,,0.0,0.0,0.0,0.013699107803404331,-0.003479905426502228,1.6023582220077515,1.6023582220077515
268,5,1749.808837890625,455.4153747558594,1749.808837890625,455.4153747558594,1749.808837890625,455.4153747558594,,,,,0.0,0.0,0.0,-0.005452618934214115,-0.000165175850270316,1.427663803100586,1.427663803100586
268,6,1609.7431640625,433.89166259765625,1609.7431640625,433.89166259765625,1609.7431640625,433.89166259765625,,,,,0.0,0.0,0.0,-0.0012972354888916016,0.0008823856478556991,1.558353066444397,1.558353066444397
268,8,1465.0416259765625,438.78253173828125,1465.0416259765625,438.78253173828125,1465.0416259765625,438.78253173828125,,,,,0.0,0.0,0.0,0.002892768708989024,0.0018650791607797146,1.4249128103256226,1.4249128103256226
268,9,1606.8348388671875,440.9956359863281,1606.8348388671875,440.9956359863281,1606.8348388671875,440.9956359863281,,,,,0.0,0.0,0.0,-0.0021471576765179634,0.002158770337700844,1.4904142618179321,1.4904142618179321
268,12,248.10293579101562,822.8046264648438,248.10293579101562,822.8046264648438,248.10293579101562,822.8046264648438,,,,,0.0,0.0,0.0,0.1708427369594574,-0.20426371693611145,1.4507968425750732,1.4507968425750732
268,13,1495.951171875,281.73223876953125,1495.951171875,281.73223876953125,1495.951171875,281.73223876953125,,,,,0.0,0.0,0.0,0.1841822862625122,-0.21511045098304749,10.454181671142578,10.454181671142578
268,14,1250.884521484375,317.0069885253906,1250.884521484375,317.0069885253906,1250.884521484375,317.0069885253906,,,,,0.0,0.0,0.0,-0.38788604736328125,0.3139713704586029,4.088445663452148,4.088445663452148
269,0,562.1876220703125,692.635986328125,562.1876220703125,692.635986328125,562.1876220703125,692.635986328125,,,,,0.0,0.0,0.0,-0.0036326537374407053,-0.0056432210840284824,1.8584377765655518,1.8584377765655518
269,1,435.3614807128906,748.980224609375,435.3614807128906,748.980224609375,435.3614807128906,748.980224609375,,,,,0.0,0.0,0.0,-0.004244464915245771,-0.013323021121323109,2.0057835578918457,2.0057835578918457
269,2,705.0091552734375,619.9509887695312,705.0091552734375,619.9509887695312,705.0091552734375,619.9509887695312,,,,,0.0,0.0,0.0,0.013288134709000587,-0.0033755083568394184,1.900177240371704,1.900177240371704
269,5,1749.8033447265625,455.41522216796875,1749.8033447265625,455.41522216796875,1749.8033447265625,455.41522216796875,,,,,0.0,0.0,0.0,-0.005289040505886078,-0.0001602205738890916,1.660966396331787,1.660966396331787
269,6,1609.7418212890625,433.8925476074219,1609.7418212890625,433.8925476074219,1609.7418212890625,433.8925476074219,,,,,0.0,0.0,0.0,-0.0012583184288814664,0.0008559140842407942,1.8391348123550415,1.8391348123550415
269,8,1465.0445556640625,438.7843933105469,1465.0445556640625,438.7843933105469,1465.0445556640625,438.7843933105469,,,,,0.0,0.0,0.0,0.0028059857431799173,0.0018091268138960004,1.65726637840271,1.65726637840271
269,9,1606.8326416015625,440.997802734375,1606.8326416015625,440.997802734375,1606.8326416015625,440.997802734375,,,,,0.0,0.0,0.0,-0.0020827429834753275,0.0020940073300153017,1.7459303140640259,1.7459303140640259
269,12,248.642333984375,821.3366088867188,248.642333984375,821.3366088867188,248.642333984375,821.3366088867188,,,,,0.0,0.0,0.0,0.20513543486595154,-0.32184696197509766,1.6698555946350098,1.6698555946350098
269,13,1496.1353759765625,281.5171203613281,1496.1353759765625,281.5171203613281,1496.1353759765625,281.5171203613281,,,,,0.0,0.0,0.0,0.17865681648254395,-0.2086571455001831,11.492894172668457,11.492894172668457
269,14,1249.13671875,318.1234130859375,1249.13671875,318.1234130859375,1249.13671875,318.1234130859375,,,,,0.0,0.0,0.0,-0.8018433451652527,0.558256208896637,6.474734306335449,6.474734306335449
270,0,562.1839599609375,692.63037109375,562.1839599609375,692.63037109375,562.1839599609375,692.63037109375,,,,,0.0,0.0,0.0,-0.003523674327880144,-0.0054739248007535934,2.190913677215576,2.190913677215576
270,1,435.35723876953125,748.9669189453125,435.35723876953125,748.9669189453125,435.35723876953125,748.9669189453125,,,,,0.0,0.0,0.0,-0.004117131233215332,-0.012923330999910831,2.3903961181640625,2.3903961181640625
270,2,705.0224609375,619.9476318359375,705.0224609375,619.9476318359375,705.0224609375,619.9476318359375,,,,,0.0,0.0,0.0,0.012889491394162178,-0.0032742430921643972,2.2470874786376953,2.2470874786376953
270,5,1749.798095703125,455.4150695800781,1749.798095703125,455.4150695800781,1749.798095703125,455.4150695800781,,,,,0.0,0.0,0.0,-0.00513036921620369,-0.0001554139598738402,1.9287714958190918,1.9287714958190918
270,6,1609.7406005859375,433.8934020996094,1609.7406005859375,433.8934020996094,1609.7406005859375,433.8934020996094,,,,,0.0,0.0,0.0,-0.0012205688981339335,0.0008302367059513927,2.16501784324646,2.16501784324646
270,8,1465.04736328125,438.78619384765625,1465.04736328125,438.78619384765625,1465.04736328125,438.78619384765625,,,,,0.0,0.0,0.0,0.002721806289628148,0.0017548530595377088,1.923918604850769,1.923918604850769
270,9,1606.83056640625,440.9999084472656,1606.83056640625,440.9999084472656,1606.83056640625,440.9999084472656,,,,,0.0,0.0,0.0,-0.0020202607847750187,0.0020311870612204075,2.0408082008361816,2.0408082008361816
270,12,249.24440002441406,819.6671142578125,249.24440002441406,819.6671142578125,249.24440002441406,819.6671142578125,,,,,0.0,0.0,0.0,0.2415199875831604,-0.44538193941116333,1.899953007698059,1.899953007698059
270,13,1496.3140869140625,281.3084716796875,1496.3140869140625,281.3084716796875,1496.3140869140625,281.3084716796875,,,,,0.0,0.0,0.0,0.17329712212085724,-0.2023974359035492,12.602628707885742,12.602628707885742
270,14,1246.3643798828125,319.6388244628906,1246.3643798828125,319.6388244628906,1246.3643798828125,319.6388244628906,,,,,0.0,0.0,0.0,-1.2752608060836792,0.7882242798805237,8.116364479064941,8.116364479064941
271,0,562.4365234375,692.6860961914062,562.4365234375,692.6860961914062,562.4365234375,692.6860961914062,,,,,0.0,0.0,0.0,0.016211913898587227,-0.0007556957425549626,1.1253336668014526,1.1253336668014526
271,1,435.33233642578125,749.0720825195312,435.33233642578125,749.0720825195312,435.33233642578125,749.0720825195312,,,,,0.0,0.0,0.0,-0.005810527130961418,-0.0032997082453221083,1.1728447675704956,1.1728447675704956
271,2,704.745361328125,620.1243286132812,704.745361328125,620.1243286132812,704.745361328125,620.1243286132812,,,,,0.0,0.0,0.0,-0.009826712310314178,0.010827723890542984,1.1391905546188354,1.1391905546188354
271,5,1749.124267578125,458.586181640625,1749.124267578125,458.586181640625,1749.124267578125,458.586181640625,,,,,0.0,0.0,0.0,-0.052413083612918854,0.2240663766860962,1.0551408529281616,1.0551408529281616
271,6,1609.7393798828125,433.89422607421875,1609.7393798828125,433.89422607421875,1609.7393798828125,433.89422607421875,,,,,0.0,0.0,0.0,-0.0011839518556371331,0.00080532964784652,2.539322853088379,2.539322853088379
271,8,1465.299560546875,438.477783203125,1465.299560546875,438.477783203125,1465.299560546875,438.477783203125,,,,,0.0,0.0,0.0,0.020330453291535378,-0.020139062777161598,1.0537489652633667,1.0537489652633667
271,9,1606.9290771484375,441.31085205078125,1606.9290771484375,441.31085205078125,1606.9290771484375,441.31085205078125,,,,,0.0,0.0,0.0,0.00537165068089962,0.024733176454901695,1.0863069295883179,1.0863069295883179
271,12,249.6995086669922,822.3612670898438,249.6995086669922,822.3612670898438,249.6995086669922,822.3612670898438,,,,,0.0,0.0,0.0,0.26069217920303345,-0.163578599691391,1.0692474842071533,1.0692474842071533
271,13,1496.4874267578125,281.1060791015625,1496.4874267578125,281.1060791015625,1496.4874267578125,281.1060791015625,,,,,0.0,0.0,0.0,0.16809821128845215,-0.19632552564144135,13.785746574401855,13.785746574401855
271,14,1236.4803466796875,322.1942138671875,1236.4803466796875,322.1942138671875,1236.4803466796875,322.1942138671875,,,,,0.0,0.0,0.0,-2.9757230281829834,1.1372841596603394,1.7251545190811157,1.7251545190811157
272,0,562.4527587890625,692.6853637695312,562.4527587890625,692.6853637695312,562.4527587890625,692.6853637695312,,,,,0.0,0.0,0.0,0.015725556761026382,-0.0007330249063670635,1.3290926218032837,1.3290926218032837
272,1,435.3265380859375,749.0687866210938,435.3265380859375,749.0687866210938,435.3265380859375,749.0687866210938,,,,,0.0,0.0,0.0,-0.005636211484670639,-0.0032007170375436544,1.4014395475387573,1.4014395475387573
272,2,704.7355346679688,620.1351318359375,704.7355346679688,620.1351318359375,704.7355346679688,620.1351318359375,,,,,0.0,0.0,0.0,-0.009531911462545395,0.010502892546355724,1.3499294519424438,1.3499294519424438
272,5,1749.0718994140625,458.81024169921875,1749.0718994140625,458.81024169921875,1749.0718994140625,458.81024169921875,,,,,0.0,0.0,0.0,-0.05084069445729256,0.21734438836574554,1.226507306098938,1.226507306098938
272,6,1609.7381591796875,433.89501953125,1609.7381591796875,433.89501953125,1609.7381591796875,433.89501953125,,,,,0.0,0.0,0.0,-0.0011484333081170917,0.0007811698014847934,2.9653704166412354,2.9653704166412354
272,8,1465.3199462890625,438.4576416015625,1465.3199462890625,438.4576416015625,1465.3199462890625,438.4576416015625,,,,,0.0,0.0,0.0,0.019720539450645447,-0.019534891471266747,1.2245197296142578,1.2245197296142578
272,9,1606.9344482421875,441.3355712890625,1606.9344482421875,441.3355712890625,1606.9344482421875,441.3355712890625,,,,,0.0,0.0,0.0,0.00521050114184618,0.023991182446479797,1.2714699506759644,1.2714699506759644
272,12,249.5264434814453,822.1344604492188,249.5264434814453,822.1344604492188,249.5264434814453,822.1344604492188,,,,,0.0,0.0,0.0,0.22050486505031586,-0.16943486034870148,1.248958945274353,1.248958945274353
272,13,1496.655517578125,280.9097595214844,1496.655517578125,280.9097595214844,1496.655517578125,280.9097595214844,,,,,0.0,0.0,0.0,0.16305527091026306,-0.1904357671737671,15.044609069824219,15.044609069824219
272,14,1233.645263671875,323.468994140625,1233.645263671875,323.468994140625,1233.645263671875,323.468994140625,,,,,0.0,0.0,0.0,-2.9506821632385254,1.1617587804794312,2.3268003463745117,2.3268003463745117
273,0,562.468505859375,692.6846313476562,562.468505859375,692.6846313476562,562.468505859375,692.6846313476562,,,,,0.0,0.0,0.0,0.015253790654242039,-0.0007110341684892774,1.572318434715271,1.572318434715271
273,1,435.3208923339844,749.0656127929688,435.3208923339844,749.0656127929688,435.3208923339844,749.0656127929688,,,,,0.0,0.0,0.0,-0.005467125214636326,-0.0031046955846250057,1.6776212453842163,1.6776212453842163
273,2,704.7260131835938,620.1456298828125,704.7260131835938,620.1456298828125,704.7260131835938,620.1456298828125,,,,,0.0,0.0,0.0,-0.00924595445394516,0.010187805630266666,1.602358102798462,1.602358102798462
273,5,1749.0211181640625,459.027587890625,1749.0211181640625,459.027587890625,1749.0211181640625,459.027587890625,,,,,0.0,0.0,0.0,-0.049315474927425385,0.21082405745983124,1.427663803100586,1.427663803100586
273,6,1609.737060546875,433.89581298828125,1609.737060546875,433.89581298828125,1609.737060546875,433.89581298828125,,,,,0.0,0.0,0.0,-0.0011139803100377321,0.0007577347569167614,3.446481704711914,3.446481704711914
273,8,1465.3397216796875,438.4381103515625,1465.3397216796875,438.4381103515625,1465.3397216796875,438.4381103515625,,,,,0.0,0.0,0.0,0.01912892423570156,-0.01894884556531906,1.424912691116333,1.424912691116333
273,9,1606.939697265625,441.35955810546875,1606.939697265625,441.35955810546875,1606.939697265625,441.35955810546875,,,,,0.0,0.0,0.0,0.005054186098277569,0.02327144704759121,1.4904143810272217,1.4904143810272217
273,12,249.28953552246094,821.9000244140625,249.28953552246094,821.9000244140625,249.28953552246094,821.9000244140625,,,,,0.0,0.0,0.0,0.17771995067596436,-0.17551317811012268,1.4507957696914673,1.4507957696914673
273,13,1496.818603515625,280.7193298339844,1496.818603515625,280.7193298339844,1496.818603515625,280.7193298339844,,,,,0.0,0.0,0.0,0.1581636220216751,-0.18472270667552948,16.381576538085938,16.381576538085938
273,14,1230.88818359375,324.7683410644531,1230.88818359375,324.7683410644531,1230.88818359375,324.7683410644531,,,,,0.0,0.0,0.0,-2.9200212955474854,1.183552622795105,2.945237636566162,2.945237636566162
274,0,562.4837646484375,692.6838989257812,562.4837646484375,692.6838989257812,562.4837646484375,692.6838989257812,,,,,0.0,0.0,0.0,0.014796176925301552,-0.0006897031562402844,1.8584496974945068,1.8584496974945068
274,1,435.3154296875,749.0625,435.3154296875,749.0625,435.3154296875,749.0625,,,,,0.0,0.0,0.0,-0.005303111393004656,-0.0030115547124296427,2.0058085918426514,2.0058085918426514
274,2,704.716796875,620.1558227539062,704.716796875,620.1558227539062,704.716796875,620.1558227539062,,,,,0.0,0.0,0.0,-0.008968575857579708,0.009882171638309956,1.900177240371704,1.900177240371704
274,5,1748.9718017578125,459.2384033203125,1748.9718017578125,459.2384033203125,1748.9718017578125,459.2384033203125,,,,,0.0,0.0,0.0,-0.04783601313829422,0.20449934899806976,1.660966396331787,1.660966396331787
274,6,1609.7359619140625,433.8965759277344,1609.7359619140625,433.8965759277344,1609.7359619140625,433.8965759277344,,,,,0.0,0.0,0.0,-0.001080560963600874,0.0007350027444772422,3.9859776496887207,3.9859776496887207
274,8,1465.35888671875,438.4191589355469,1465.35888671875,438.4191589355469,1465.35888671875,438.4191589355469,,,,,0.0,0.0,0.0,0.018555056303739548,-0.018380381166934967,1.6572661399841309,1.6572661399841309
274,9,1606.9447021484375,441.3828430175781,1606.9447021484375,441.3828430175781,1606.9447021484375,441.3828430175781,,,,,0.0,0.0,0.0,0.004902560729533434,0.022573303431272507,1.7459304332733154,1.7459304332733154
274,12,248.95033264160156,821.6660766601562,248.95033264160156,821.6660766601562,248.95033264160156,821.6660766601562,,,,,0.0,0.0,0.0,0.129622682929039,-0.18095019459724426,1.6698540449142456,1.6698540449142456
274,13,1496.976806640625,280.53460693359375,1496.976806640625,280.53460693359375,1496.976806640625,280.53460693359375,,,,,0.0,0.0,0.0,0.15341871976852417,-0.1791810244321823,17.79901123046875,17.79901123046875
274,14,1228.2030029296875,326.0569763183594,1228.2030029296875,326.0569763183594,1228.2030029296875,326.0569763183594,,,,,0.0,0.0,0.0,-2.886833429336548,1.1984041929244995,3.515505313873291,3.515505313873291
275,0,562.49853515625,692.6832275390625,562.49853515625,692.6832275390625,562.49853515625,692.6832275390625,,,,,0.0,0.0,0.0,0.014352291822433472,-0.0006690120790153742,2.190924882888794,2.190924882888794
275,1,435.31011962890625,749.0595092773438,435.31011962890625,749.0595092773438,435.31011962890625,749.0595092773438,,,,,0.0,0.0,0.0,-0.005144018214195967,-0.0029212082736194134,2.3904201984405518,2.3904201984405518
275,2,704.7078247070312,620.1657104492188,704.7078247070312,620.1657104492188,704.7078247070312,620.1657104492188,,,,,0.0,0.0,0.0,-0.008699518628418446,0.009585706517100334,2.2470874786376953,2.2470874786376953
275,5,1748.9239501953125,459.4429016113281,1748.9239501953125,459.4429016113281,1748.9239501953125,459.4429016113281,,,,,0.0,0.0,0.0,-0.04640093445777893,0.19836437702178955,1.9287714958190918,1.9287714958190918
275,6,1609.73486328125,433.8973083496094,1609.73486328125,433.8973083496094,1609.73486328125,433.8973083496094,,,,,0.0,0.0,0.0,-0.0010481441859155893,0.0007129526929929852,4.587178707122803,4.587178707122803
275,8,1465.37744140625,438.4007873535156,1465.37744140625,438.4007873535156,1465.37744140625,438.4007873535156,,,,,0.0,0.0,0.0,0.017998404800891876,-0.01782897114753723,1.92391836643219,1.92391836643219
275,9,1606.9495849609375,441.4054260253906,1606.9495849609375,441.4054260253906,1606.9495849609375,441.4054260253906,,,,,0.0,0.0,0.0,0.004755483940243721,0.021896105259656906,2.0408084392547607,2.0408084392547607
275,12,250.4056854248047,820.1915893554688,250.4056854248047,820.1915893554688,250.4056854248047,820.1915893554688,,,,,0.0,0.0,0.0,0.2511471211910248,-0.29952147603034973,1.8999508619308472,1.8999508619308472
275,13,1497.1302490234375,280.3554382324219,1497.1302490234375,280.3554382324219,1497.1302490234375,280.3554382324219,,,,,0.0,0.0,0.0,0.14881616830825806,-0.1738055944442749,19.299274444580078,19.299274444580078
275,14,1225.7515869140625,327.2273864746094,1225.7515869140625,327.2273864746094,1225.7515869140625,327.2273864746094,,,,,0.0,0.0,0.0,-2.8315303325653076,1.1948484182357788,3.992063283920288,3.992063283920288
276,0,562.607177734375,692.7030029296875,562.607177734375,692.7030029296875,562.607177734375,692.7030029296875,,,,,0.0,0.0,0.0,0.02161616086959839,0.000905487802810967,1.1253355741500854,1.1253355741500854
276,1,435.3207702636719,749.1190185546875,435.3207702636719,749.1190185546875,435.3207702636719,749.1190185546875,,,,,0.0,0.0,0.0,-0.0038561124820262194,0.0021691557485610247,1.1728487014770508,1.1728487014770508
276,2,704.6141967773438,620.227294921875,704.6141967773438,620.227294921875,704.6141967773438,620.227294921875,,,,,0.0,0.0,0.0,-0.015350157395005226,0.01365997176617384,1.1391905546188354,1.1391905546188354
276,5,1748.6829833984375,461.0322265625,1748.6829833984375,461.0322265625,1748.6829833984375,461.0322265625,,,,,0.0,0.0,0.0,-0.060156818479299545,0.2967125475406647,1.0551408529281616,1.0551408529281616
276,6,1609.7337646484375,433.89801025390625,1609.7337646484375,433.89801025390625,1609.7337646484375,433.89801025390625,,,,,0.0,0.0,0.0,-0.001016699941828847,0.0006915641133673489,5.253406047821045,5.253406047821045
276,8,1465.430419921875,438.2496337890625,1465.430419921875,438.2496337890625,1465.430419921875,438.2496337890625,,,,,0.0,0.0,0.0,0.020467882975935936,-0.02724045142531395,1.0537489652633667,1.0537489652633667
276,9,1607.049072265625,441.51983642578125,1607.049072265625,441.51983642578125,1607.049072265625,441.51983642578125,,,,,0.0,0.0,0.0,0.011718597263097763,0.028695981949567795,1.0863069295883179,1.0863069295883179
276,12,250.23974609375,822.6954345703125,250.23974609375,822.6954345703125,250.23974609375,822.6954345703125,,,,,0.0,0.0,0.0,0.21371003985404968,-0.04789550602436066,1.0692471265792847,1.0692471265792847
276,13,1497.279052734375,280.181640625,1497.279052734375,280.181640625,1497.279052734375,280.181640625,,,,,0.0,0.0,0.0,0.14435169100761414,-0.1685914248228073,20.88472557067871,20.88472557067871
276,14,1225.271240234375,326.05322265625,1225.271240234375,326.05322265625,1225.271240234375,326.05322265625,,,,,0.0,0.0,0.0,-2.560828447341919,0.9220878481864929,1.4360690116882324,1.4360690116882324
277,0,562.6287841796875,692.7039184570312,562.6287841796875,692.7039184570312,562.6287841796875,692.7039184570312,,,,,0.0,0.0,0.0,0.020967677235603333,0.0008783232187852263,1.3290938138961792,1.3290938138961792
277,1,435.3169250488281,749.1212158203125,435.3169250488281,749.1212158203125,435.3169250488281,749.1212158203125,,,,,0.0,0.0,0.0,-0.0037404291797429323,0.0021040812134742737,1.401442289352417,1.401442289352417
277,2,704.598876953125,620.240966796875,704.598876953125,620.240966796875,704.598876953125,620.240966796875,,,,,0.0,0.0,0.0,-0.014889652840793133,0.013250173069536686,1.3499294519424438,1.3499294519424438
277,5,1748.622802734375,461.3289489746094,1748.622802734375,461.3289489746094,1748.622802734375,461.3289489746094,,,,,0.0,0.0,0.0,-0.058352116495370865,0.28781118988990784,1.226507306098938,1.226507306098938
277,6,1609.7327880859375,433.8987121582031,1609.7327880859375,433.8987121582031,1609.7327880859375,433.8987121582031,,,,,0.0,0.0,0.0,-0.0009861990110948682,0.0006708172149956226,5.987980365753174,5.987980365753174
277,8,1465.450927734375,438.2223815917969,1465.450927734375,438.2223815917969,1465.450927734375,438.2223815917969,,,,,0.0,0.0,0.0,0.019853847101330757,-0.026423238217830658,1.2245198488235474,1.2245198488235474
277,9,1607.060791015625,441.54852294921875,1607.060791015625,441.54852294921875,1607.060791015625,441.54852294921875,,,,,0.0,0.0,0.0,0.011367039754986763,0.027835102751851082,1.2714699506759644,1.2714699506759644
277,12,251.26937866210938,821.7711791992188,251.26937866210938,821.7711791992188,251.26937866210938,821.7711791992188,,,,,0.0,0.0,0.0,0.28930267691612244,-0.12908777594566345,1.2489582300186157,1.2489582300186157
277,13,1497.4234619140625,280.0130615234375,1497.4234619140625,280.0130615234375,1497.4234619140625,280.0130615234375,,,,,0.0,0.0,0.0,0.14002114534378052,-0.16353368759155273,22.55772590637207,22.55772590637207
277,14,1222.701171875,327.1334228515625,1222.701171875,327.1334228515625,1222.701171875,327.1334228515625,,,,,0.0,0.0,0.0,-2.561837673187256,0.9393566846847534,1.7036337852478027,1.7036337852478027
278,0,562.6497802734375,692.7047729492188,562.6497802734375,692.7047729492188,562.6497802734375,692.7047729492188,,,,,0.0,0.0,0.0,0.020338647067546844,0.0008519735420122743,1.5723190307617188,1.5723190307617188
278,1,435.31317138671875,749.123291015625,435.31317138671875,749.123291015625,435.31317138671875,749.123291015625,,,,,0.0,0.0,0.0,-0.00362821645103395,0.0020409587305039167,1.6776231527328491,1.6776231527328491
278,2,704.583984375,620.2542114257812,704.583984375,620.2542114257812,704.583984375,620.2542114257812,,,,,0.0,0.0,0.0,-0.014442963525652885,0.012852667830884457,1.602358102798462,1.602358102798462
278,5,1748.564453125,461.61676025390625,1748.564453125,461.61676025390625,1748.564453125,461.61676025390625,,,,,0.0,0.0,0.0,-0.05660155415534973,0.27917686104774475,1.427663803100586,1.427663803100586
278,6,1609.7318115234375,433.8993835449219,1609.7318115234375,433.8993835449219,1609.7318115234375,433.8993835449219,,,,,0.0,0.0,0.0,-0.0009566130465827882,0.0006506927311420441,6.794222831726074,6.794222831726074
278,8,1465.4708251953125,438.1959533691406,1465.4708251953125,438.1959533691406,1465.4708251953125,438.1959533691406,,,,,0.0,0.0,0.0,0.019258232787251472,-0.025630541145801544,1.4249128103256226,1.4249128103256226
278,9,1607.0721435546875,441.57635498046875,1607.0721435546875,441.57635498046875,1607.0721435546875,441.57635498046875,,,,,0.0,0.0,0.0,0.011026028543710709,0.027000050991773605,1.4904143810272217,1.4904143810272217
278,12,252.47157287597656,820.645751953125,252.47157287597656,820.645751953125,252.47157287597656,820.645751953125,,,,,0.0,0.0,0.0,0.3746908903121948,-0.22228150069713593,1.4507946968078613,1.4507946968078613
278,13,1497.5634765625,279.8495178222656,1497.5634765625,279.8495178222656,1497.5634765625,279.8495178222656,,,,,0.0,0.0,0.0,0.13582050800323486,-0.1586276888847351,24.320632934570312,24.320632934570312
278,14,1220.2969970703125,328.18353271484375,1220.2969970703125,328.18353271484375,1220.2969970703125,328.18353271484375,,,,,0.0,0.0,0.0,-2.5455868244171143,0.9507663249969482,1.975845456123352,1.975845456123352
279,0,562.6701049804688,692.7056274414062,562.6701049804688,692.7056274414062,562.6701049804688,692.7056274414062,,,,,0.0,0.0,0.0,0.019728487357497215,0.000826414383482188,1.8584496974945068,1.8584496974945068
279,1,435.3095397949219,749.1253051757812,435.3095397949219,749.1253051757812,435.3095397949219,749.1253051757812,,,,,0.0,0.0,0.0,-0.003519369987770915,0.0019797300919890404,2.005809783935547,2.005809783935547
279,2,704.5695190429688,620.26708984375,704.5695190429688,620.26708984375,704.5695190429688,620.26708984375,,,,,0.0,0.0,0.0,-0.01400967501103878,0.012467088177800179,1.900177240371704,1.900177240371704
279,5,1748.5078125,461.89593505859375,1748.5078125,461.89593505859375,1748.5078125,461.89593505859375,,,,,0.0,0.0,0.0,-0.054903510957956314,0.2708015739917755,1.660966396331787,1.660966396331787
279,6,1609.7308349609375,433.9000244140625,1609.7308349609375,433.9000244140625,1609.7308349609375,433.9000244140625,,,,,0.0,0.0,0.0,-0.0009279146906919777,0.00063117197714746,7.6754536628723145,7.6754536628723145
279,8,1465.4901123046875,438.1703186035156,1465.4901123046875,438.1703186035156,1465.4901123046875,438.1703186035156,,,,,0.0,0.0,0.0,0.01868048682808876,-0.02486162632703781,1.65726637840271,1.65726637840271
279,9,1607.0831298828125,441.6033630371094,1607.0831298828125,441.6033630371094,1607.0831298828125,441.6033630371094,,,,,0.0,0.0,0.0,0.010695247910916805,0.026190049946308136,1.7459304332733154,1.7459304332733154
279,12,253.4736785888672,819.200927734375,253.4736785888672,819.200927734375,253.4736785888672,819.200927734375,,,,,0.0,0.0,0.0,0.43306848406791687,-0.33603227138519287,1.6698527336120605,1.6698527336120605
279,13,1497.6993408203125,279.6908874511719,1497.6993408203125,279.6908874511719,1497.6993408203125,279.6908874511719,,,,,0.0,0.0,0.0,0.13174588978290558,-0.1538688689470291,26.175811767578125,26.175811767578125
279,14,1217.5455322265625,329.3009948730469,1217.5455322265625,329.3009948730469,1217.5455322265625,329.3009948730469,,,,,0.0,0.0,0.0,-2.56557559967041,0.9669448137283325,2.241068124771118,2.241068124771118
280,0,562.6898193359375,692.7064819335938,562.6898193359375,692.7064819335938,562.6898193359375,692.7064819335938,,,,,0.0,0.0,0.0,0.019136633723974228,0.0008016219944693148,2.1909244060516357,2.1909244060516357
280,1,435.3060302734375,749.1272583007812,435.3060302734375,749.1272583007812,435.3060302734375,749.1272583007812,,,,,0.0,0.0,0.0,-0.0034137889742851257,0.0019203382544219494,2.390420913696289,2.390420913696289
280,2,704.5554809570312,620.279541015625,704.5554809570312,620.279541015625,704.5554809570312,620.279541015625,,,,,0.0,0.0,0.0,-0.013589384965598583,0.012093075551092625,2.2470874786376953,2.2470874786376953
280,5,1748.452880859375,462.166748046875,1748.452880859375,462.166748046875,1748.452880859375,462.166748046875,,,,,0.0,0.0,0.0,-0.053256407380104065,0.26267752051353455,1.9287714958190918,1.9287714958190918
280,6,1609.7298583984375,433.9006652832031,1609.7298583984375,433.9006652832031,1609.7298583984375,433.9006652832031,,,,,0.0,0.0,0.0,-0.0009000772843137383,0.0006122368504293263,8.634994506835938,8.634994506835938
280,8,1465.5087890625,438.14544677734375,1465.5087890625,438.14544677734375,1465.5087890625,438.14544677734375,,,,,0.0,0.0,0.0,0.018120072782039642,-0.024115778505802155,1.923918604850769,1.923918604850769
280,9,1607.0938720703125,441.6295471191406,1607.0938720703125,441.6295471191406,1607.0938720703125,441.6295471191406,,,,,0.0,0.0,0.0,0.01037439052015543,0.025404348969459534,2.0408084392547607,2.0408084392547607
280,12,254.62103271484375,817.5302124023438,254.62103271484375,817.5302124023438,254.62103271484375,817.5302124023438,,,,,0.0,0.0,0.0,0.4985435903072357,-0.45837634801864624,1.8999496698379517,1.8999496698379517
280,13,1497.8310546875,279.5370178222656,1497.8310546875,279.5370178222656,1497.8310546875,279.5370178222656,,,,,0.0,0.0,0.0,0.12779352068901062,-0.14925280213356018,28.12562370300293,28.12562370300293
280,14,1214.5894775390625,330.458740234375,1214.5894775390625,330.458740234375,1214.5894775390625,330.458740234375,,,,,0.0,0.0,0.0,-2.6013166904449463,0.984406054019928,2.4892678260803223,2.4892678260803223
281,0,562.6612548828125,692.7067260742188,562.6612548828125,692.7067260742188,562.6612548828125,692.7067260742188,,,,,0.0,0.0,0.0,0.015461038798093796,0.0007592825568281114,1.1253353357315063,1.1253353357315063
281,1,435.3061828613281,749.1248779296875,435.3061828613281,749.1248779296875,435.3061828613281,749.1248779296875,,,,,0.0,0.0,0.0,-0.0031220775563269854,0.0015702845994383097,1.1728485822677612,1.1728485822677612
281,2,704.5530395507812,620.2924194335938,704.5530395507812,620.2924194335938,704.5530395507812,620.2924194335938,,,,,0.0,0.0,0.0,-0.01271243765950203,0.012152991257607937,1.1391905546188354,1.1391905546188354
281,5,1748.428466796875,462.39111328125,1748.428466796875,462.39111328125,1748.428466796875,462.39111328125,,,,,0.0,0.0,0.0,-0.051221027970314026,0.2599705159664154,1.0551408529281616,1.0551408529281616
281,6,1609.72900390625,433.9012756347656,1609.72900390625,433.9012756347656,1609.72900390625,433.9012756347656,,,,,0.0,0.0,0.0,-0.0008730749832466245,0.0005938697722740471,9.676165580749512,9.676165580749512
281,8,1465.5018310546875,438.1583557128906,1465.5018310546875,438.1583557128906,1465.5018310546875,438.1583557128906,,,,,0.0,0.0,0.0,0.01634967513382435,-0.021503306925296783,1.0537489652633667,1.0537489652633667
281,9,1607.0908203125,441.6055603027344,1607.0908203125,441.6055603027344,1607.0908203125,441.6055603027344,,,,,0.0,0.0,0.0,0.00939010176807642,0.021775392815470695,1.0863069295883179,1.0863069295883179
281,12,252.31597900390625,821.341552734375,252.31597900390625,821.341552734375,252.31597900390625,821.341552734375,,,,,0.0,0.0,0.0,0.2468913495540619,-0.07512650638818741,1.069246768951416,1.069246768951416
281,13,1497.9588623046875,279.38775634765625,1497.9588623046875,279.38775634765625,1497.9588623046875,279.38775634765625,,,,,0.0,0.0,0.0,0.12395972013473511,-0.14477522671222687,30.172428131103516,30.172428131103516
281,14,1211.9881591796875,331.4431457519531,1211.9881591796875,331.4431457519531,1211.9881591796875,331.4431457519531,,,,,0.0,0.0,0.0,-2.5232772827148438,0.9548739194869995,2.982545852661133,2.982545852661133
282,0,562.6766967773438,692.7074584960938,562.6766967773438,692.7074584960938,562.6766967773438,692.7074584960938,,,,,0.0,0.0,0.0,0.01499720849096775,0.0007365040946751833,1.3290935754776,1.3290935754776
282,1,435.3030700683594,749.12646484375,435.3030700683594,749.12646484375,435.3030700683594,749.12646484375,,,,,0.0,0.0,0.0,-0.0030284153763204813,0.001523176091723144,1.401442289352417,1.401442289352417
282,2,704.5403442382812,620.3045654296875,704.5403442382812,620.3045654296875,704.5403442382812,620.3045654296875,,,,,0.0,0.0,0.0,-0.01233106479048729,0.011788401752710342,1.3499294519424438,1.3499294519424438
282,5,1748.377197265625,462.6510925292969,1748.377197265625,462.6510925292969,1748.377197265625,462.6510925292969,,,,,0.0,0.0,0.0,-0.049684397876262665,0.2521713972091675,1.226507306098938,1.226507306098938
282,6,1609.7281494140625,433.90185546875,1609.7281494140625,433.90185546875,1609.7281494140625,433.90185546875,,,,,0.0,0.0,0.0,-0.0008468827581964433,0.0005760536878369749,10.802288055419922,10.802288055419922
282,8,1465.5181884765625,438.1368408203125,1465.5181884765625,438.1368408203125,1465.5181884765625,438.1368408203125,,,,,0.0,0.0,0.0,0.01585918478667736,-0.02085820771753788,1.2245198488235474,1.2245198488235474
282,9,1607.1002197265625,441.6273498535156,1607.1002197265625,441.6273498535156,1607.1002197265625,441.6273498535156,,,,,0.0,0.0,0.0,0.009108399040997028,0.021122131496667862,1.2714699506759644,1.2714699506759644
282,12,253.1005859375,820.2857666015625,253.1005859375,820.2857666015625,253.1005859375,820.2857666015625,,,,,0.0,0.0,0.0,0.29671019315719604,-0.1659800410270691,1.2489579916000366,1.2489579916000366
282,13,1498.082763671875,279.24298095703125,1498.082763671875,279.24298095703125,1498.082763671875,279.24298095703125,,,,,0.0,0.0,0.0,0.12024093419313431,-0.1404319703578949,32.31858444213867,32.31858444213867
282,14,1209.1527099609375,332.76239013671875,1209.1527099609375,332.76239013671875,1209.1527099609375,332.76239013671875,,,,,0.0,0.0,0.0,-2.5488033294677734,0.9846701622009277,3.164172649383545,3.164172649383545
283,0,562.6917114257812,692.7081909179688,562.6917114257812,692.7081909179688,562.6917114257812,692.7081909179688,,,,,0.0,0.0,0.0,0.014547293074429035,0.0007144089904613793,1.5723187923431396,1.5723187923431396
283,1,435.300048828125,749.1279907226562,435.300048828125,749.1279907226562,435.300048828125,749.1279907226562,,,,,0.0,0.0,0.0,-0.002937562996521592,0.0014774808660149574,1.6776235103607178,1.6776235103607178
283,2,704.5280151367188,620.3163452148438,704.5280151367188,620.3163452148438,704.5280151367188,620.3163452148438,,,,,0.0,0.0,0.0,-0.0119611332193017,0.011434749700129032,1.6023582220077515,1.6023582220077515
283,5,1748.3275146484375,462.90325927734375,1748.3275146484375,462.90325927734375,1748.3275146484375,462.90325927734375,,,,,0.0,0.0,0.0,-0.04819386824965477,0.24460625648498535,1.427663803100586,1.427663803100586
283,6,1609.727294921875,433.9024353027344,1609.727294921875,433.9024353027344,1609.727294921875,433.9024353027344,,,,,0.0,0.0,0.0,-0.0008214762783609331,0.00055877206614241,12.016682624816895,12.016682624816895
283,8,1465.5340576171875,438.1159973144531,1465.5340576171875,438.1159973144531,1465.5340576171875,438.1159973144531,,,,,0.0,0.0,0.0,0.015383409336209297,-0.020232461392879486,1.4249128103256226,1.4249128103256226
283,9,1607.109375,441.6484680175781,1607.109375,441.6484680175781,1607.109375,441.6484680175781,,,,,0.0,0.0,0.0,0.008835147134959698,0.020488468930125237,1.4904143810272217,1.4904143810272217
283,12,253.99893188476562,819.0271606445312,253.99893188476562,819.0271606445312,253.99893188476562,819.0271606445312,,,,,0.0,0.0,0.0,0.3529857099056244,-0.26818352937698364,1.4507944583892822,1.4507944583892822
283,13,1498.2030029296875,279.1025390625,1498.2030029296875,279.1025390625,1498.2030029296875,279.1025390625,,,,,0.0,0.0,0.0,0.11663371324539185,-0.13621900975704193,34.56645584106445,34.56645584106445
283,14,1206.460693359375,334.0637512207031,1206.460693359375,334.0637512207031,1206.460693359375,334.0637512207031,,,,,0.0,0.0,0.0,-2.55991530418396,1.0092483758926392,3.308861494064331,3.308861494064331
284,0,562.7062377929688,692.7089233398438,562.7062377929688,692.7089233398438,562.7062377929688,692.7089233398438,,,,,0.0,0.0,0.0,0.014110874384641647,0.0006929767550900578,1.8584495782852173,1.8584495782852173
284,1,435.297119140625,749.1294555664062,435.297119140625,749.1294555664062,435.297119140625,749.1294555664062,,,,,0.0,0.0,0.0,-0.002849436132237315,0.001433156430721283,2.0058107376098633,2.0058107376098633
284,2,704.5160522460938,620.3277587890625,704.5160522460938,620.3277587890625,704.5160522460938,620.3277587890625,,,,,0.0,0.0,0.0,-0.01160229928791523,0.011091707274317741,1.9001773595809937,1.9001773595809937
284,5,1748.279296875,463.1478576660156,1748.279296875,463.1478576660156,1748.279296875,463.1478576660156,,,,,0.0,0.0,0.0,-0.04674805328249931,0.23726807534694672,1.660966396331787,1.660966396331787
284,6,1609.7264404296875,433.9029846191406,1609.7264404296875,433.9029846191406,1609.7264404296875,433.9029846191406,,,,,0.0,0.0,0.0,-0.0007968320278450847,0.0005420089000836015,13.322669982910156,13.322669982910156
284,8,1465.5494384765625,438.09576416015625,1465.5494384765625,438.09576416015625,1465.5494384765625,438.09576416015625,,,,,0.0,0.0,0.0,0.01492190733551979,-0.01962548866868019,1.65726637840271,1.65726637840271
284,9,1607.1181640625,441.6689453125,1607.1181640625,441.6689453125,1607.1181640625,441.6689453125,,,,,0.0,0.0,0.0,0.008570092730224133,0.019873814657330513,1.7459304332733154,1.7459304332733154
284,12,255.00979614257812,817.5138549804688,255.00979614257812,817.5138549804688,255.00979614257812,817.5138549804688,,,,,0.0,0.0,0.0,0.4141984283924103,-0.384033203125,1.6698524951934814,1.6698524951934814
284,13,1498.319580078125,278.96630859375,1498.319580078125,278.96630859375,1498.319580078125,278.96630859375,,,,,0.0,0.0,0.0,0.1131347045302391,-0.13213244080543518,36.91840362548828,36.91840362548828
284,14,1203.5911865234375,335.3167724609375,1203.5911865234375,335.3167724609375,1203.5911865234375,335.3167724609375,,,,,0.0,0.0,0.0,-2.5828073024749756,1.0272769927978516,3.418823003768921,3.418823003768921
285,0,562.7203369140625,692.7095947265625,562.7203369140625,692.7095947265625,562.7203369140625,692.7095947265625,,,,,0.0,0.0,0.0,0.013687548227608204,0.0006721874815411866,2.1909244060516357,2.1909244060516357
285,1,435.2942810058594,749.130859375,435.2942810058594,749.130859375,435.2942810058594,749.130859375,,,,,0.0,0.0,0.0,-0.002763953059911728,0.0013901618076488376,2.3904225826263428,2.3904225826263428
285,2,704.5044555664062,620.3388671875,704.5044555664062,620.3388671875,704.5044555664062,620.3388671875,,,,,0.0,0.0,0.0,-0.01125423051416874,0.010758955962955952,2.2470877170562744,2.2470877170562744
285,5,1748.2325439453125,463.3851318359375,1748.2325439453125,463.3851318359375,1748.2325439453125,463.3851318359375,,,,,0.0,0.0,0.0,-0.04534561187028885,0.230150043964386,1.9287714958190918,1.9287714958190918
285,6,1609.7255859375,433.9035339355469,1609.7255859375,433.9035339355469,1609.7255859375,433.9035339355469,,,,,0.0,0.0,0.0,-0.0007729270728304982,0.0005257486482150853,14.723570823669434,14.723570823669434
285,8,1465.5643310546875,438.0761413574219,1465.5643310546875,438.0761413574219,1465.5643310546875,438.0761413574219,,,,,0.0,0.0,0.0,0.014474250376224518,-0.019036725163459778,1.923918604850769,1.923918604850769
285,9,1607.126708984375,441.6888122558594,1607.126708984375,441.6888122558594,1607.126708984375,441.6888122558594,,,,,0.0,0.0,0.0,0.008312989957630634,0.019277600571513176,2.0408084392547607,2.0408084392547607
285,12,256.10870361328125,815.80810546875,256.10870361328125,815.80810546875,256.10870361328125,815.80810546875,,,,,0.0,0.0,0.0,0.47696325182914734,-0.5051906108856201,1.8999491930007935,1.8999491930007935
285,13,1498.4327392578125,278.83416748046875,1498.4327392578125,278.83416748046875,1498.4327392578125,278.83416748046875,,,,,0.0,0.0,0.0,0.10974066704511642,-0.1281684786081314,39.37678909301758,39.37678909301758
285,14,1200.870361328125,336.565185546875,1200.870361328125,336.565185546875,1200.870361328125,336.565185546875,,,,,0.0,0.0,0.0,-2.5925750732421875,1.0429234504699707,3.497697114944458,3.497697114944458
286,0,562.700927734375,692.7158813476562,562.700927734375,692.7158813476562,562.700927734375,692.7158813476562,,,,,0.0,0.0,0.0,0.011139239184558392,0.0011061674449592829,1.1253355741500854,1.1253355741500854
286,1,435.28485107421875,749.12890625,435.28485107421875,749.12890625,435.28485107421875,749.12890625,,,,,0.0,0.0,0.0,-0.00330653740093112,0.0011188696371391416,1.1728490591049194,1.1728490591049194
286,2,704.5101318359375,620.29150390625,704.5101318359375,620.29150390625,704.5101318359375,620.29150390625,,,,,0.0,0.0,0.0,-0.009927915409207344,0.006208088714629412,1.139190673828125,1.139190673828125
286,5,1748.3675537109375,462.8665771484375,1748.3675537109375,462.8665771484375,1748.3675537109375,462.8665771484375,,,,,0.0,0.0,0.0,-0.03259603679180145,0.17721198499202728,1.0551408529281616,1.0551408529281616
286,6,1609.724853515625,433.904052734375,1609.724853515625,433.904052734375,1609.724853515625,433.904052734375,,,,,0.0,0.0,0.0,-0.0007497392944060266,0.0005099761765450239,16.222705841064453,16.222705841064453
286,8,1465.5306396484375,438.1138000488281,1465.5306396484375,438.1138000488281,1465.5306396484375,438.1138000488281,,,,,0.0,0.0,0.0,0.011069639585912228,-0.01503403764218092,1.0537489652633667,1.0537489652633667
286,9,1607.1202392578125,441.66217041015625,1607.1202392578125,441.66217041015625,1607.1202392578125,441.66217041015625,,,,,0.0,0.0,0.0,0.007226374000310898,0.015902025625109673,1.0863069295883179,1.0863069295883179
286,12,252.9856719970703,820.5602416992188,252.9856719970703,820.5602416992188,252.9856719970703,820.5602416992188,,,,,0.0,0.0,0.0,0.15382790565490723,-0.03329038992524147,1.069246530532837,1.069246530532837
286,13,1498.54248046875,278.70599365234375,1498.54248046875,278.70599365234375,1498.54248046875,278.70599365234375,,,,,0.0,0.0,0.0,0.1064484491944313,-0.12432342767715454,41.943973541259766,41.943973541259766
286,14,1198.27783203125,337.6081237792969,1198.27783203125,337.6081237792969,1198.27783203125,337.6081237792969,,,,,0.0,0.0,0.0,-2.5147979259490967,1.0116357803344727,4.026248455047607,4.026248455047607
287,0,562.7120971679688,692.7169799804688,562.7120971679688,692.7169799804688,562.7120971679688,692.7169799804688,,,,,0.0,0.0,0.0,0.010805062018334866,0.0010729824425652623,1.3290941715240479,1.3290941715240479
287,1,435.28155517578125,749.1300048828125,435.28155517578125,749.1300048828125,435.28155517578125,749.1300048828125,,,,,0.0,0.0,0.0,-0.0032073413021862507,0.0010853036073967814,1.4014432430267334,1.4014432430267334
287,2,704.5001831054688,620.2977294921875,704.5001831054688,620.2977294921875,704.5001831054688,620.2977294921875,,,,,0.0,0.0,0.0,-0.009630078449845314,0.0060218460857868195,1.3499295711517334,1.3499295711517334
287,5,1748.3349609375,463.0437927246094,1748.3349609375,463.0437927246094,1748.3349609375,463.0437927246094,,,,,0.0,0.0,0.0,-0.0316181555390358,0.17189562320709229,1.226507306098938,1.226507306098938
287,6,1609.72412109375,433.9045715332031,1609.72412109375,433.9045715332031,1609.72412109375,433.9045715332031,,,,,0.0,0.0,0.0,-0.0007272471557371318,0.0004946769331581891,17.823396682739258,17.823396682739258
287,8,1465.541748046875,438.0987548828125,1465.541748046875,438.0987548828125,1465.541748046875,438.0987548828125,,,,,0.0,0.0,0.0,0.01073755044490099,-0.014583016745746136,1.2245197296142578,1.2245197296142578
287,9,1607.12744140625,441.6780700683594,1607.12744140625,441.6780700683594,1607.12744140625,441.6780700683594,,,,,0.0,0.0,0.0,0.007009583059698343,0.01542496494948864,1.2714699506759644,1.2714699506759644
287,12,253.7069549560547,819.510986328125,253.7069549560547,819.510986328125,253.7069549560547,819.510986328125,,,,,0.0,0.0,0.0,0.2064007669687271,-0.12742161750793457,1.248957633972168,1.248957633972168
287,13,1498.64892578125,278.5816650390625,1498.64892578125,278.5816650390625,1498.64892578125,278.5816650390625,,,,,0.0,0.0,0.0,0.10325499624013901,-0.12059372663497925,44.622310638427734,44.622310638427734
287,14,1194.7373046875,339.0190124511719,1194.7373046875,339.0190124511719,1194.7373046875,339.0190124511719,,,,,0.0,0.0,0.0,-2.581758499145508,1.037697672843933,3.994544506072998,3.994544506072998
288,0,562.722900390625,692.7180786132812,562.722900390625,692.7180786132812,562.722900390625,692.7180786132812,,,,,0.0,0.0,0.0,0.010480910539627075,0.0010407930240035057,1.5723198652267456,1.5723198652267456
288,1,435.2783508300781,749.131103515625,435.2783508300781,749.131103515625,435.2783508300781,749.131103515625,,,,,0.0,0.0,0.0,-0.003111121244728565,0.0010527445701882243,1.677625060081482,1.677625060081482
288,2,704.4905395507812,620.3037719726562,704.4905395507812,620.3037719726562,704.4905395507812,620.3037719726562,,,,,0.0,0.0,0.0,-0.009341176599264145,0.005841190926730633,1.602358341217041,1.602358341217041
288,5,1748.3033447265625,463.2156982421875,1748.3033447265625,463.2156982421875,1748.3033447265625,463.2156982421875,,,,,0.0,0.0,0.0,-0.03066961094737053,0.16673876345157623,1.427663803100586,1.427663803100586
288,6,1609.723388671875,433.9050598144531,1609.723388671875,433.9050598144531,1609.723388671875,433.9050598144531,,,,,0.0,0.0,0.0,-0.000705429760273546,0.00047983662807382643,19.528963088989258,19.528963088989258
288,8,1465.552490234375,438.08416748046875,1465.552490234375,438.08416748046875,1465.552490234375,438.08416748046875,,,,,0.0,0.0,0.0,0.010415424592792988,-0.01414552703499794,1.424912691116333,1.424912691116333
288,9,1607.1343994140625,441.6934814453125,1607.1343994140625,441.6934814453125,1607.1343994140625,441.6934814453125,,,,,0.0,0.0,0.0,0.006799295544624329,0.014962216839194298,1.4904143810272217,1.4904143810272217
288,12,254.53440856933594,818.2604370117188,254.53440856933594,818.2604370117188,254.53440856933594,818.2604370117188,,,,,0.0,0.0,0.0,0.2644907832145691,-0.23247292637825012,1.450793981552124,1.450793981552124
288,13,1498.752197265625,278.4610595703125,1498.752197265625,278.4610595703125,1498.752197265625,278.4610595703125,,,,,0.0,0.0,0.0,0.10015735030174255,-0.11697591841220856,47.41416931152344,47.41416931152344
288,14,1191.401123046875,340.31622314453125,1191.401123046875,340.31622314453125,1191.401123046875,340.31622314453125,,,,,0.0,0.0,0.0,-2.6292612552642822,1.0540415048599243,3.950249671936035,3.950249671936035
289,0,562.7333984375,692.7191162109375,562.7333984375,692.7191162109375,562.7333984375,692.7191162109375,,,,,0.0,0.0,0.0,0.01016648393124342,0.0010095692705363035,1.8584511280059814,1.8584511280059814
289,1,435.2752380371094,749.1321411132812,435.2752380371094,749.1321411132812,435.2752380371094,749.1321411132812,,,,,0.0,0.0,0.0,-0.0030177875887602568,0.0010211622575297952,2.005812883377075,2.005812883377075
289,2,704.481201171875,620.3096313476562,704.481201171875,620.3096313476562,704.481201171875,620.3096313476562,,,,,0.0,0.0,0.0,-0.009060941636562347,0.005665955133736134,1.9001774787902832,1.9001774787902832
289,5,1748.272705078125,463.3824462890625,1748.272705078125,463.3824462890625,1748.272705078125,463.3824462890625,,,,,0.0,0.0,0.0,-0.029749523848295212,0.1617366075515747,1.660966396331787,1.660966396331787
289,6,1609.72265625,433.9055480957031,1609.72265625,433.9055480957031,1609.72265625,433.9055480957031,,,,,0.0,0.0,0.0,-0.0006842669099569321,0.0004654415533877909,21.34272575378418,21.34272575378418
289,8,1465.5628662109375,438.07000732421875,1465.5628662109375,438.07000732421875,1465.5628662109375,438.07000732421875,,,,,0.0,0.0,0.0,0.010102962143719196,-0.013721161521971226,1.6572661399841309,1.6572661399841309
289,9,1607.1412353515625,441.70843505859375,1607.1412353515625,441.70843505859375,1607.1412353515625,441.70843505859375,,,,,0.0,0.0,0.0,0.006595316808670759,0.014513351023197174,1.7459304332733154,1.7459304332733154
289,12,255.44911193847656,816.7927856445312,255.44911193847656,816.7927856445312,255.44911193847656,816.7927856445312,,,,,0.0,0.0,0.0,0.3249898850917816,-0.3473982810974121,1.6698520183563232,1.6698520183563232
289,13,1498.852294921875,278.3440856933594,1498.852294921875,278.3440856933594,1498.852294921875,278.3440856933594,,,,,0.0,0.0,0.0,0.09715263545513153,-0.11346664279699326,50.32190704345703,50.32190704345703
289,14,1187.69091796875,341.85711669921875,1187.69091796875,341.85711669921875,1187.69091796875,341.85711669921875,,,,,0.0,0.0,0.0,-2.69519305229187,1.0837377309799194,3.8977277278900146,3.8977277278900146
290,0,562.7435913085938,692.7201538085938,562.7435913085938,692.7201538085938,562.7435913085938,692.7201538085938,,,,,0.0,0.0,0.0,0.00986148975789547,0.0009792821947485209,2.1909267902374268,2.1909267902374268
290,1,435.272216796875,749.1331787109375,435.272216796875,749.1331787109375,435.272216796875,749.1331787109375,,,,,0.0,0.0,0.0,-0.0029272539541125298,0.0009905274491757154,2.390425682067871,2.390425682067871
290,2,704.47216796875,620.3153076171875,704.47216796875,620.3153076171875,704.47216796875,620.3153076171875,,,,,0.0,0.0,0.0,-0.008789113722741604,0.005495976656675339,2.2470877170562744,2.2470877170562744
290,5,1748.242919921875,463.544189453125,1748.242919921875,463.544189453125,1748.242919921875,463.544189453125,,,,,0.0,0.0,0.0,-0.028857039287686348,0.15688452124595642,1.9287714958190918,1.9287714958190918
290,6,1609.721923828125,433.906005859375,1609.721923828125,433.906005859375,1609.721923828125,433.906005859375,,,,,0.0,0.0,0.0,-0.0006637389305979013,0.0004514783213380724,23.268007278442383,23.268007278442383
290,8,1465.572998046875,438.0562744140625,1465.572998046875,438.0562744140625,1465.572998046875,438.0562744140625,,,,,0.0,0.0,0.0,0.00979987345635891,-0.013309527188539505,1.92391836643219,1.92391836643219
290,9,1607.1478271484375,441.72296142578125,1607.1478271484375,441.72296142578125,1607.1478271484375,441.72296142578125,,,,,0.0,0.0,0.0,0.006397457327693701,0.014077951200306416,2.0408084392547607,2.0408084392547607
290,12,256.47540283203125,815.1226196289062,256.47540283203125,815.1226196289062,256.47540283203125,815.1226196289062,,,,,0.0,0.0,0.0,0.3892757296562195,-0.4686516523361206,1.8999488353729248,1.8999488353729248
290,13,1498.949462890625,278.2306213378906,1498.949462890625,278.2306213378906,1498.949462890625,278.2306213378906,,,,,0.0,0.0,0.0,0.09423805773258209,-0.11006264388561249,53.34788513183594,53.34788513183594
290,14,1184.084228515625,343.3799133300781,1184.084228515625,343.3799133300781,1184.084228515625,343.3799133300781,,,,,0.0,0.0,0.0,-2.7492475509643555,1.1097763776779175,3.8403756618499756,3.8403756618499756
291,0,562.6769409179688,692.69482421875,562.6769409179688,692.69482421875,562.6769409179688,692.69482421875,,,,,0.0,0.0,0.0,0.003963060677051544,-0.001047723926603794,1.1253360509872437,1.1253360509872437
291,1,435.2232666015625,749.0986938476562,435.2232666015625,749.0986938476562,435.2232666015625,749.0986938476562,,,,,0.0,0.0,0.0,-0.006678675767034292,-0.001897425507195294,1.1728498935699463,1.1728498935699463
291,2,704.4974975585938,620.3035278320312,704.4974975585938,620.3035278320312,704.4974975585938,620.3035278320312,,,,,0.0,0.0,0.0,-0.006114696618169546,0.004145151004195213,1.139190673828125,1.139190673828125
291,5,1748.3509521484375,462.9781799316406,1748.3509521484375,462.9781799316406,1748.3509521484375,462.9781799316406,,,,,0.0,0.0,0.0,-0.01918557472527027,0.10577124357223511,1.0551408529281616,1.0551408529281616
291,6,1609.7213134765625,433.9064636230469,1609.7213134765625,433.9064636230469,1609.7213134765625,433.9064636230469,,,,,0.0,0.0,0.0,-0.0006438267882913351,0.0004379339807201177,25.308128356933594,25.308128356933594
291,8,1465.515380859375,438.0948486328125,1465.515380859375,438.0948486328125,1465.515380859375,438.0948486328125,,,,,0.0,0.0,0.0,0.005047036334872246,-0.00964843574911356,1.0537489652633667,1.0537489652633667
291,9,1607.0635986328125,441.6617126464844,1607.0635986328125,441.6617126464844,1607.0635986328125,441.6617126464844,,,,,0.0,0.0,0.0,-0.0002635467972140759,0.008543763309717178,1.0863069295883179,1.0863069295883179
291,12,253.0787353515625,820.244384765625,253.0787353515625,820.244384765625,253.0787353515625,820.244384765625,,,,,0.0,0.0,0.0,0.049447640776634216,0.03314132243394852,1.069246530532837,1.069246530532837
291,13,1499.043701171875,278.12054443359375,1499.043701171875,278.12054443359375,1499.043701171875,278.12054443359375,,,,,0.0,0.0,0.0,0.09141092002391815,-0.10676077008247375,56.49446487426758,56.49446487426758
291,14,1181.3349609375,344.48968505859375,1181.3349609375,344.48968505859375,1181.3349609375,344.48968505859375,,,,,0.0,0.0,0.0,-2.6667702198028564,1.076483130455017,4.325973987579346,4.325973987579346
292,0,562.680908203125,692.6937866210938,562.680908203125,692.6937866210938,562.680908203125,692.6937866210938,,,,,0.0,0.0,0.0,0.003844168968498707,-0.001016292255371809,1.329094648361206,1.329094648361206
292,1,435.2165832519531,749.0968017578125,435.2165832519531,749.0968017578125,435.2165832519531,749.0968017578125,,,,,0.0,0.0,0.0,-0.006478315684944391,-0.0018405028386041522,1.401444435119629,1.401444435119629
292,2,704.4913940429688,620.3076782226562,704.4913940429688,620.3076782226562,704.4913940429688,620.3076782226562,,,,,0.0,0.0,0.0,-0.0059312558732926846,0.004020796623080969,1.3499295711517334,1.3499295711517334
292,5,1748.331787109375,463.0839538574219,1748.331787109375,463.0839538574219,1748.331787109375,463.0839538574219,,,,,0.0,0.0,0.0,-0.01861000806093216,0.10259810835123062,1.226507306098938,1.226507306098938
292,6,1609.720703125,433.9068908691406,1609.720703125,433.9068908691406,1609.720703125,433.9068908691406,,,,,0.0,0.0,0.0,-0.0006245120312087238,0.0004247959877829999,27.46640968322754,27.46640968322754
292,8,1465.5203857421875,438.085205078125,1465.5203857421875,438.085205078125,1465.5203857421875,438.085205078125,,,,,0.0,0.0,0.0,0.0048956251703202724,-0.009358982555568218,1.2245198488235474,1.2245198488235474
292,9,1607.0633544921875,441.6702575683594,1607.0633544921875,441.6702575683594,1607.0633544921875,441.6702575683594,,,,,0.0,0.0,0.0,-0.00025564039242453873,0.008287450298666954,1.2714699506759644,1.2714699506759644
292,12,253.84683227539062,819.20751953125,253.84683227539062,819.20751953125,253.84683227539062,819.20751953125,,,,,0.0,0.0,0.0,0.11602860689163208,-0.06599017977714539,1.248957633972168,1.248957633972168
292,13,1499.1351318359375,278.0137939453125,1499.1351318359375,278.0137939453125,1499.1351318359375,278.0137939453125,,,,,0.0,0.0,0.0,0.088668592274189,-0.10355795174837112,59.764007568359375,59.764007568359375
292,14,1177.67236328125,346.0214538574219,1177.67236328125,346.0214538574219,1177.67236328125,346.0214538574219,,,,,0.0,0.0,0.0,-2.7229506969451904,1.1021687984466553,4.180870056152344,4.180870056152344
293,0,562.6847534179688,692.6927490234375,562.6847534179688,692.6927490234375,562.6847534179688,692.6927490234375,,,,,0.0,0.0,0.0,0.003728843992576003,-0.000985803548246622,1.572320580482483,1.572320580482483
293,1,435.2101135253906,749.094970703125,435.2101135253906,749.094970703125,435.2101135253906,749.094970703125,,,,,0.0,0.0,0.0,-0.006283966358751059,-0.001785287749953568,1.677626609802246,1.677626609802246
293,2,704.4854736328125,620.3117065429688,704.4854736328125,620.3117065429688,704.4854736328125,620.3117065429688,,,,,0.0,0.0,0.0,-0.005753318313509226,0.0039001728873699903,1.602358341217041,1.602358341217041
293,5,1748.313232421875,463.1865539550781,1748.313232421875,463.1865539550781,1748.313232421875,463.1865539550781,,,,,0.0,0.0,0.0,-0.01805170811712742,0.09952016919851303,1.427663803100586,1.427663803100586
293,6,1609.7200927734375,433.9073181152344,1609.7200927734375,433.9073181152344,1609.7200927734375,433.9073181152344,,,,,0.0,0.0,0.0,-0.0006057766731828451,0.00041205211891792715,29.746171951293945,29.746171951293945
293,8,1465.5252685546875,438.0758361816406,1465.5252685546875,438.0758361816406,1465.5252685546875,438.0758361816406,,,,,0.0,0.0,0.0,0.004748756531625986,-0.009078213013708591,1.4249128103256226,1.4249128103256226
293,9,1607.0631103515625,441.6785583496094,1607.0631103515625,441.6785583496094,1607.0631103515625,441.6785583496094,,,,,0.0,0.0,0.0,-0.0002479711838532239,0.00803882721811533,1.4904143810272217,1.4904143810272217
293,12,254.7864532470703,817.9404296875,254.7864532470703,817.9404296875,254.7864532470703,817.9404296875,,,,,0.0,0.0,0.0,0.19306379556655884,-0.17833539843559265,1.450793981552124,1.450793981552124
293,13,1499.2237548828125,277.9102478027344,1499.2237548828125,277.9102478027344,1499.2237548828125,277.9102478027344,,,,,0.0,0.0,0.0,0.08600853383541107,-0.10045121610164642,63.15887451171875,63.15887451171875
293,14,1173.5860595703125,347.7978210449219,1173.5860595703125,347.7978210449219,1173.5860595703125,347.7978210449219,,,,,0.0,0.0,0.0,-2.798227548599243,1.1393922567367554,4.050524711608887,4.050524711608887
294,0,562.6884765625,692.6917724609375,562.6884765625,692.6917724609375,562.6884765625,692.6917724609375,,,,,0.0,0.0,0.0,0.003616978880017996,-0.0009562294580973685,1.8584522008895874,1.8584522008895874
294,1,435.2038269042969,749.0932006835938,435.2038269042969,749.0932006835938,435.2038269042969,749.0932006835938,,,,,0.0,0.0,0.0,-0.006095447577536106,-0.0017317291349172592,2.005815029144287,2.005815029144287
294,2,704.479736328125,620.3156127929688,704.479736328125,620.3156127929688,704.479736328125,620.3156127929688,,,,,0.0,0.0,0.0,-0.005580719094723463,0.0037831678055226803,1.9001774787902832,1.9001774787902832
294,5,1748.295166015625,463.28607177734375,1748.295166015625,463.28607177734375,1748.295166015625,463.28607177734375,,,,,0.0,0.0,0.0,-0.017510157078504562,0.09653456509113312,1.660966396331787,1.660966396331787
294,6,1609.719482421875,433.9077453613281,1609.719482421875,433.9077453613281,1609.719482421875,433.9077453613281,,,,,0.0,0.0,0.0,-0.0005876033683307469,0.00039969055796973407,32.150733947753906,32.150733947753906
294,8,1465.530029296875,438.0667724609375,1465.530029296875,438.0667724609375,1465.530029296875,438.0667724609375,,,,,0.0,0.0,0.0,0.004606293980032206,-0.008805867284536362,1.65726637840271,1.65726637840271
294,9,1607.0628662109375,441.68658447265625,1607.0628662109375,441.68658447265625,1607.0628662109375,441.68658447265625,,,,,0.0,0.0,0.0,-0.00024053205561358482,0.0077976626344025135,1.7459304332733154,1.7459304332733154
294,12,255.8604278564453,816.4545288085938,255.8604278564453,816.4545288085938,255.8604278564453,816.4545288085938,,,,,0.0,0.0,0.0,0.27502745389938354,-0.29999789595603943,1.6698520183563232,1.6698520183563232
294,13,1499.309814453125,277.8097839355469,1499.309814453125,277.8097839355469,1499.309814453125,277.8097839355469,,,,,0.0,0.0,0.0,0.0834282785654068,-0.09743767976760864,66.68142700195312,66.68142700195312
294,14,1169.7005615234375,349.39105224609375,1169.7005615234375,349.39105224609375,1169.7005615234375,349.39105224609375,,,,,0.0,0.0,0.0,-2.857196569442749,1.1640043258666992,3.9335849285125732,3.9335849285125732
295,0,562.6920776367188,692.6907958984375,562.6920776367188,692.6907958984375,562.6920776367188,692.6907958984375,,,,,0.0,0.0,0.0,0.003508469555526972,-0.0009275426273234189,2.1909279823303223,2.1909279823303223
295,1,435.1977233886719,749.0914916992188,435.1977233886719,749.0914916992188,435.1977233886719,749.0914916992188,,,,,0.0,0.0,0.0,-0.005912584252655506,-0.0016797772841528058,2.390428304672241,2.390428304672241
295,2,704.4741821289062,620.3193969726562,704.4741821289062,620.3193969726562,704.4741821289062,620.3193969726562,,,,,0.0,0.0,0.0,-0.005413297563791275,0.003669672878459096,2.2470877170562744,2.2470877170562744
295,5,1748.2777099609375,463.3825988769531,1748.2777099609375,463.3825988769531,1748.2777099609375,463.3825988769531,,,,,0.0,0.0,0.0,-0.0169848520308733,0.09363853186368942,1.9287714958190918,1.9287714958190918
295,6,1609.7188720703125,433.90814208984375,1609.7188720703125,433.90814208984375,1609.7188720703125,433.90814208984375,,,,,0.0,0.0,0.0,-0.0005699752946384251,0.00038769986713305116,34.68341827392578,34.68341827392578
295,8,1465.53466796875,438.0579528808594,1465.53466796875,438.0579528808594,1465.53466796875,438.0579528808594,,,,,0.0,0.0,0.0,0.0044681052677333355,-0.008541691116988659,1.923918604850769,1.923918604850769
295,9,1607.0626220703125,441.69439697265625,1607.0626220703125,441.69439697265625,1607.0626220703125,441.69439697265625,,,,,0.0,0.0,0.0,-0.00023331609554588795,0.007563733030110598,2.0408084392547607,2.0408084392547607
295,12,257.1243896484375,814.7434692382812,257.1243896484375,814.7434692382812,257.1243896484375,814.7434692382812,,,,,0.0,0.0,0.0,0.3656766712665558,-0.42934557795524597,1.8999488353729248,1.8999488353729248
295,13,1499.3931884765625,277.71234130859375,1499.3931884765625,277.71234130859375,1499.3931884765625,277.71234130859375,,,,,0.0,0.0,0.0,0.08092543482780457,-0.09451454877853394,70.33402252197266,70.33402252197266
295,14,1166.0887451171875,350.87115478515625,1166.0887451171875,350.87115478515625,1166.0887451171875,350.87115478515625,,,,,0.0,0.0,0.0,-2.8975319862365723,1.1809000968933105,3.8288464546203613,3.8288464546203613
296,0,562.6893920898438,692.7063598632812,562.6893920898438,692.7063598632812,562.6893920898438,692.7063598632812,,,,,0.0,0.0,0.0,0.0030321492813527584,0.0003426446346566081,1.1253365278244019,1.1253365278244019
296,1,435.1964416503906,749.1001586914062,435.1964416503906,749.1001586914062,435.1964416503906,749.1001586914062,,,,,0.0,0.0,0.0,-0.005534816533327103,-0.0008338107145391405,1.1728503704071045,1.1728503704071045
296,2,704.5011596679688,620.2674560546875,704.5011596679688,620.2674560546875,704.5011596679688,620.2674560546875,,,,,0.0,0.0,0.0,-0.0028723287396132946,-0.00068783009191975,1.139190673828125,1.139190673828125
296,5,1748.39306640625,462.89990234375,1748.39306640625,462.89990234375,1748.39306640625,462.89990234375,,,,,0.0,0.0,0.0,-0.007632127031683922,0.052888836711645126,1.0551408529281616,1.0551408529281616
296,6,1609.71826171875,433.9085388183594,1609.71826171875,433.9085388183594,1609.71826171875,433.9085388183594,,,,,0.0,0.0,0.0,-0.0005528760375455022,0.000376068870536983,37.34754943847656,37.34754943847656
296,8,1465.4656982421875,438.1144104003906,1465.4656982421875,438.1144104003906,1465.4656982421875,438.1144104003906,,,,,0.0,0.0,0.0,-0.0007205224246717989,-0.00395454466342926,1.0537489652633667,1.0537489652633667
296,9,1607.0133056640625,441.6488037109375,1607.0133056640625,441.6488037109375,1607.0133056640625,441.6488037109375,,,,,0.0,0.0,0.0,-0.0038391267880797386,0.0036558141000568867,1.0863069295883179,1.0863069295883179
296,12,253.36781311035156,820.12548828125,253.36781311035156,820.12548828125,253.36781311035156,820.12548828125,,,,,0.0,0.0,0.0,-0.0043356772512197495,0.09227929264307022,1.069246530532837,1.069246530532837
296,13,1499.47412109375,277.6178283691406,1499.47412109375,277.6178283691406,1499.47412109375,277.6178283691406,,,,,0.0,0.0,0.0,0.07849767059087753,-0.09167911857366562,74.11902618408203,74.11902618408203
296,14,1163.191162109375,352.05206298828125,1163.191162109375,352.05206298828125,1163.191162109375,352.05206298828125,,,,,0.0,0.0,0.0,-2.810606002807617,1.1454731225967407,4.266437530517578,4.266437530517578
297,0,562.6924438476562,692.7067260742188,562.6924438476562,692.7067260742188,562.6924438476562,692.7067260742188,,,,,0.0,0.0,0.0,0.0029411849100142717,0.00033236530725844204,1.3290953636169434,1.3290953636169434
297,1,435.19091796875,749.0993041992188,435.19091796875,749.0993041992188,435.19091796875,749.0993041992188,,,,,0.0,0.0,0.0,-0.005368772428482771,-0.0008087964379228652,1.401444911956787,1.401444911956787
297,2,704.498291015625,620.2667846679688,704.498291015625,620.2667846679688,704.498291015625,620.2667846679688,,,,,0.0,0.0,0.0,-0.002786159049719572,-0.0006671951850876212,1.3499295711517334,1.3499295711517334
297,5,1748.3853759765625,462.9527893066406,1748.3853759765625,462.9527893066406,1748.3853759765625,462.9527893066406,,,,,0.0,0.0,0.0,-0.007403163239359856,0.05130217224359512,1.226507306098938,1.226507306098938
297,6,1609.7176513671875,433.9089050292969,1609.7176513671875,433.9089050292969,1609.7176513671875,433.9089050292969,,,,,0.0,0.0,0.0,-0.0005362897645682096,0.0003647868288680911,40.14644241333008,40.14644241333008
297,8,1465.4649658203125,438.1104431152344,1465.4649658203125,438.1104431152344,1465.4649658203125,438.1104431152344,,,,,0.0,0.0,0.0,-0.0006989067769609392,-0.003835908370092511,1.2245198488235474,1.2245198488235474
297,9,1607.009521484375,441.6524658203125,1607.009521484375,441.6524658203125,1607.009521484375,441.6524658203125,,,,,0.0,0.0,0.0,-0.00372395315207541,0.0035461396910250187,1.2714699506759644,1.2714699506759644
297,12,254.2052459716797,819.109375,254.2052459716797,819.109375,254.2052459716797,819.109375,,,,,0.0,0.0,0.0,0.07365114986896515,-0.010409840382635593,1.248957633972168,1.248957633972168
297,13,1499.5526123046875,277.5261535644531,1499.5526123046875,277.5261535644531,1499.5526123046875,277.5261535644531,,,,,0.0,0.0,0.0,0.07614274322986603,-0.08892874419689178,78.03880310058594,78.03880310058594
297,14,1159.6473388671875,353.4999694824219,1159.6473388671875,353.4999694824219,1159.6473388671875,353.4999694824219,,,,,0.0,0.0,0.0,-2.8488149642944336,1.1612322330474854,4.098281383514404,4.098281383514404
298,0,562.6953735351562,692.70703125,562.6953735351562,692.70703125,562.6953735351562,692.70703125,,,,,0.0,0.0,0.0,0.002852949546650052,0.00032239436404779553,1.5723214149475098,1.5723214149475098
298,1,435.185546875,749.0985107421875,435.185546875,749.0985107421875,435.185546875,749.0985107421875,,,,,0.0,0.0,0.0,-0.00520770950242877,-0.0007845325744710863,1.6776272058486938,1.6776272058486938
298,2,704.4954833984375,620.26611328125,704.4954833984375,620.26611328125,704.4954833984375,620.26611328125,,,,,0.0,0.0,0.0,-0.002702574245631695,-0.0006471793749369681,1.6023582220077515,1.6023582220077515
298,5,1748.3779296875,463.00408935546875,1748.3779296875,463.00408935546875,1748.3779296875,463.00408935546875,,,,,0.0,0.0,0.0,-0.007181068416684866,0.04976310953497887,1.427663803100586,1.427663803100586
298,6,1609.7171630859375,433.9092712402344,1609.7171630859375,433.9092712402344,1609.7171630859375,433.9092712402344,,,,,0.0,0.0,0.0,-0.0005202011088840663,0.00035384323564358056,43.08341979980469,43.08341979980469
298,8,1465.4642333984375,438.1065979003906,1465.4642333984375,438.1065979003906,1465.4642333984375,438.1065979003906,,,,,0.0,0.0,0.0,-0.0006779396208003163,-0.003720831125974655,1.4249128103256226,1.4249128103256226
298,9,1607.0057373046875,441.656005859375,1607.0057373046875,441.656005859375,1607.0057373046875,441.656005859375,,,,,0.0,0.0,0.0,-0.0036122347228229046,0.003439755644649267,1.4904143810272217,1.4904143810272217
298,12,254.27890014648438,819.0989379882812,254.27890014648438,819.0989379882812,254.27890014648438,819.0989379882812,,,,,0.0,0.0,0.0,0.07144162058830261,-0.010097545571625233,1.524519443511963,1.524519443511963
298,13,1499.6287841796875,277.4372253417969,1499.6287841796875,277.4372253417969,1499.6287841796875,277.4372253417969,,,,,0.0,0.0,0.0,0.07385846227407455,-0.08626088500022888,82.095703125,82.095703125
298,14,1155.978515625,355.06304931640625,1155.978515625,355.06304931640625,1155.978515625,355.06304931640625,,,,,0.0,0.0,0.0,-2.891103744506836,1.1819539070129395,3.953948736190796,3.953948736190796
299,0,562.6982421875,692.7073364257812,562.6982421875,692.7073364257812,562.6982421875,692.7073364257812,,,,,0.0,0.0,0.0,0.0027673612348735332,0.00031272255000658333,1.8584531545639038,1.8584531545639038
299,1,435.1803283691406,749.0977172851562,435.1803283691406,749.0977172851562,435.1803283691406,749.0977172851562,,,,,0.0,0.0,0.0,-0.005051478277891874,-0.0007609965978190303,2.0058157444000244,2.0058157444000244
299,2,704.4927978515625,620.2654418945312,704.4927978515625,620.2654418945312,704.4927978515625,620.2654418945312,,,,,0.0,0.0,0.0,-0.0026214970275759697,-0.0006277640350162983,1.900177240371704,1.900177240371704
299,5,1748.3707275390625,463.0538635253906,1748.3707275390625,463.0538635253906,1748.3707275390625,463.0538635253906,,,,,0.0,0.0,0.0,-0.006965636741369963,0.04827021807432175,1.660966396331787,1.660966396331787
299,6,1609.7166748046875,433.9096374511719,1609.7166748046875,433.9096374511719,1609.7166748046875,433.9096374511719,,,,,0.0,0.0,0.0,-0.0005045951111242175,0.0003432279627304524,46.16180419921875,46.16180419921875
299,8,1465.4635009765625,438.1028747558594,1465.4635009765625,438.1028747558594,1465.4635009765625,438.1028747558594,,,,,0.0,0.0,0.0,-0.0006576014566235244,-0.0036092062946408987,1.65726637840271,1.65726637840271
299,9,1607.0020751953125,441.6594543457031,1607.0020751953125,441.6594543457031,1607.0020751953125,441.6594543457031,,,,,0.0,0.0,0.0,-0.0035038678906857967,0.0033365630079060793,1.7459304332733154,1.7459304332733154
299,12,254.350341796875,819.0888671875,254.350341796875,819.0888671875,254.350341796875,819.0888671875,,,,,0.0,0.0,0.0,0.06929837167263031,-0.009794619865715504,1.8564398288726807,1.8564398288726807
299,13,1499.70263671875,277.3509521484375,1499.70263671875,277.3509521484375,1499.70263671875,277.3509521484375,,,,,0.0,0.0,0.0,0.07164271175861359,-0.08367305994033813,86.2920913696289,86.2920913696289
299,14,1152.268310546875,356.56024169921875,1152.268310546875,356.56024169921875,1152.268310546875,356.56024169921875,,,,,0.0,0.0,0.0,-2.933027982711792,1.1980888843536377,3.8296258449554443,3.8296258449554443
300,0,562.7009887695312,692.7076416015625,562.7009887695312,692.7076416015625,562.7009887695312,692.7076416015625,,,,,0.0,0.0,0.0,0.0026843405794352293,0.0003033408720511943,2.1909291744232178,2.1909291744232178
300,1,435.1752624511719,749.0969848632812,435.1752624511719,749.0969848632812,435.1752624511719,749.0969848632812,,,,,0.0,0.0,0.0,-0.004899933934211731,-0.0007381667383015156,2.3904292583465576,2.3904292583465576
300,2,704.4901733398438,620.2648315429688,704.4901733398438,620.2648315429688,704.4901733398438,620.2648315429688,,,,,0.0,0.0,0.0,-0.0025428521912544966,-0.0006089311209507287,2.2470874786376953,2.2470874786376953
300,5,1748.36376953125,463.1021423339844,1748.36376953125,463.1021423339844,1748.36376953125,463.1021423339844,,,,,0.0,0.0,0.0,-0.0067566679790616035,0.046822112053632736,1.9287714958190918,1.9287714958190918
300,6,1609.7161865234375,433.90997314453125,1609.7161865234375,433.90997314453125,1609.7161865234375,433.90997314453125,,,,,0.0,0.0,0.0,-0.0004894572775810957,0.00033293114393018186,49.38491439819336,49.38491439819336
300,8,1465.462890625,438.0992736816406,1465.462890625,438.0992736816406,1465.462890625,438.0992736816406,,,,,0.0,0.0,0.0,-0.0006378734251484275,-0.003500930266454816,1.923918604850769,1.923918604850769
300,9,1606.99853515625,441.66278076171875,1606.99853515625,441.66278076171875,1606.99853515625,441.66278076171875,,,,,0.0,0.0,0.0,-0.003398751839995384,0.003236466320231557,2.0408084392547607,2.0408084392547607
300,12,254.41964721679688,819.0791015625,254.41964721679688,819.0791015625,254.41964721679688,819.0791015625,,,,,0.0,0.0,0.0,0.06721942126750946,-0.009500782005488873,2.249894380569458,2.249894380569458
300,13,1499.7742919921875,277.26727294921875,1499.7742919921875,277.26727294921875,1499.7742919921875,277.26727294921875,,,,,0.0,0.0,0.0,0.06949343532323837,-0.08116286993026733,90.63032531738281,90.63032531738281
300,14,1148.4453125,357.9496765136719,1148.4453125,357.9496765136719,1148.4453125,357.9496765136719,,,,,0.0,0.0,0.0,-2.9783670902252197,1.2078360319137573,3.7223317623138428,3.7223317623138428
301,0,562.6491088867188,692.6941528320312,562.6491088867188,692.6941528320312,562.6491088867188,692.6941528320312,,,,,0.0,0.0,0.0,-0.00151786336209625,-0.0007604412385262549,1.1253365278244019,1.1253365278244019
301,1,435.19091796875,749.0888671875,435.19091796875,749.0888671875,435.19091796875,749.0888671875,,,,,0.0,0.0,0.0,-0.003222586354240775,-0.0013420118484646082,1.1728508472442627,1.1728508472442627
301,2,704.5045166015625,620.2861328125,704.5045166015625,620.2861328125,704.5045166015625,620.2861328125,,,,,0.0,0.0,0.0,-0.001219260855577886,0.0011095588561147451,1.1391905546188354,1.1391905546188354
301,5,1748.4049072265625,462.9302978515625,1748.4049072265625,462.9302978515625,1748.4049072265625,462.9302978515625,,,,,0.0,0.0,0.0,-0.0033734766766428947,0.03136097267270088,1.0551408529281616,1.0551408529281616
301,6,1609.7156982421875,433.9103088378906,1609.7156982421875,433.9103088378906,1609.7156982421875,433.9103088378906,,,,,0.0,0.0,0.0,-0.00047477358020842075,0.0003229432331863791,52.75606918334961,52.75606918334961
301,8,1465.4202880859375,438.1147766113281,1465.4202880859375,438.1147766113281,1465.4202880859375,438.1147766113281,,,,,0.0,0.0,0.0,-0.0035976150538772345,-0.0021595137659460306,1.0537489652633667,1.0537489652633667
301,9,1606.995361328125,441.61297607421875,1606.995361328125,441.61297607421875,1606.995361328125,441.61297607421875,,,,,0.0,0.0,0.0,-0.0033841338008642197,-0.0006604890804737806,1.0863069295883179,1.0863069295883179
301,12,251.77862548828125,822.5238037109375,251.77862548828125,822.5238037109375,251.77862548828125,822.5238037109375,,,,,0.0,0.0,0.0,-0.17140083014965057,0.29484793543815613,1.1507534980773926,1.1507534980773926
301,13,1499.84375,277.18609619140625,1499.84375,277.18609619140625,1499.84375,277.18609619140625,,,,,0.0,0.0,0.0,0.06740863621234894,-0.07872798293828964,95.11277770996094,95.11277770996094
301,14,1145.4669189453125,359.1575012207031,1145.4669189453125,359.1575012207031,1145.4669189453125,359.1575012207031,,,,,0.0,0.0,0.0,-2.8890161514282227,1.1716009378433228,4.129286766052246,4.129286766052246
302,0,562.6475830078125,692.6934204101562,562.6475830078125,692.6934204101562,562.6475830078125,692.6934204101562,,,,,0.0,0.0,0.0,-0.0014723275089636445,-0.0007376280263997614,1.3290953636169434,1.3290953636169434
302,1,435.18768310546875,749.0875244140625,435.18768310546875,749.0875244140625,435.18768310546875,749.0875244140625,,,,,0.0,0.0,0.0,-0.00312590878456831,-0.0013017515884712338,1.4014456272125244,1.4014456272125244
302,2,704.5032958984375,620.2872314453125,704.5032958984375,620.2872314453125,704.5032958984375,620.2872314453125,,,,,0.0,0.0,0.0,-0.0011826830450445414,0.0010762721067294478,1.3499294519424438,1.3499294519424438
302,5,1748.4014892578125,462.961669921875,1748.4014892578125,462.961669921875,1748.4014892578125,462.961669921875,,,,,0.0,0.0,0.0,-0.003272272413596511,0.030420145019888878,1.226507306098938,1.226507306098938
302,6,1609.7152099609375,433.91064453125,1609.7152099609375,433.91064453125,1609.7152099609375,433.91064453125,,,,,0.0,0.0,0.0,-0.00046053039841353893,0.00031325494637712836,56.27859115600586,56.27859115600586
302,8,1465.416748046875,438.11260986328125,1465.416748046875,438.11260986328125,1465.416748046875,438.11260986328125,,,,,0.0,0.0,0.0,-0.003489686641842127,-0.0020947284065186977,1.2245197296142578,1.2245197296142578
302,9,1606.991943359375,441.6123046875,1606.991943359375,441.6123046875,1606.991943359375,441.6123046875,,,,,0.0,0.0,0.0,-0.003282609861344099,-0.0006406744359992445,1.2714699506759644,1.2714699506759644
302,12,251.6072235107422,822.8186645507812,251.6072235107422,822.8186645507812,251.6072235107422,822.8186645507812,,,,,0.0,0.0,0.0,-0.1662588119506836,0.286002516746521,1.3959200382232666,1.3959200382232666
302,14,1141.5255126953125,360.500732421875,1141.5255126953125,360.500732421875,1141.5255126953125,360.500732421875,,,,,0.0,0.0,0.0,-2.9421639442443848,1.1802678108215332,3.9717469215393066,3.9717469215393066
303,0,562.6461181640625,692.6926879882812,562.6461181640625,692.6926879882812,562.6461181640625,692.6926879882812,,,,,0.0,0.0,0.0,-0.0014281576732173562,-0.0007154992199502885,1.5723214149475098,1.5723214149475098
303,1,435.1845703125,749.0862426757812,435.1845703125,749.0862426757812,435.1845703125,749.0862426757812,,,,,0.0,0.0,0.0,-0.0030321315862238407,-0.0012626990210264921,1.6776279211044312,1.6776279211044312
303,2,704.5021362304688,620.288330078125,704.5021362304688,620.288330078125,704.5021362304688,620.288330078125,,,,,0.0,0.0,0.0,-0.0011472025653347373,0.001043983967974782,1.602358102798462,1.602358102798462
303,5,1748.398193359375,462.9920959472656,1748.398193359375,462.9920959472656,1748.398193359375,462.9920959472656,,,,,0.0,0.0,0.0,-0.0031741042621433735,0.02950754202902317,1.427663803100586,1.427663803100586
303,6,1609.7147216796875,433.91094970703125,1609.7147216796875,433.91094970703125,1609.7147216796875,433.91094970703125,,,,,0.0,0.0,0.0,-0.0004467144899535924,0.00030385731952264905,59.95580291748047,59.95580291748047
303,8,1465.4132080078125,438.1105041503906,1465.4132080078125,438.1105041503906,1465.4132080078125,438.1105041503906,,,,,0.0,0.0,0.0,-0.0033849962055683136,-0.0020318867173045874,1.424912691116333,1.424912691116333
303,9,1606.9886474609375,441.6116638183594,1606.9886474609375,441.6116638183594,1606.9886474609375,441.6116638183594,,,,,0.0,0.0,0.0,-0.0031841315794736147,-0.0006214542081579566,1.4904143810272217,1.4904143810272217
303,12,251.4409637451172,823.1046752929688,251.4409637451172,823.1046752929688,251.4409637451172,823.1046752929688,,,,,0.0,0.0,0.0,-0.16127105057239532,0.2774224579334259,1.693936824798584,1.693936824798584
303,14,1137.6163330078125,361.87921142578125,1137.6163330078125,361.87921142578125,1137.6163330078125,361.87921142578125,,,,,0.0,0.0,0.0,-2.9908292293548584,1.1902433633804321,3.838221788406372,3.838221788406372
304,0,562.6447143554688,692.6919555664062,562.6447143554688,692.6919555664062,562.6447143554688,692.6919555664062,,,,,0.0,0.0,0.0,-0.001385312993079424,-0.0006940342718735337,1.8584531545639038,1.8584531545639038
304,1,435.1815490722656,749.0849609375,435.1815490722656,749.0849609375,435.1815490722656,749.0849609375,,,,,0.0,0.0,0.0,-0.0029411676805466413,-0.0012248180573806167,2.0058164596557617,2.0058164596557617
304,2,704.5009765625,620.2893676757812,704.5009765625,620.2893676757812,704.5009765625,620.2893676757812,,,,,0.0,0.0,0.0,-0.001112786470912397,0.001012664521113038,1.900177240371704,1.900177240371704
304,5,1748.39501953125,463.0216064453125,1748.39501953125,463.0216064453125,1748.39501953125,463.0216064453125,,,,,0.0,0.0,0.0,-0.003078881185501814,0.02862231619656086,1.660966396331787,1.660966396331787
304,6,1609.7142333984375,433.9112548828125,1609.7142333984375,433.9112548828125,1609.7142333984375,433.9112548828125,,,,,0.0,0.0,0.0,-0.0004333130782470107,0.0002947416214738041,63.79102325439453,63.79102325439453
304,8,1465.4097900390625,438.10845947265625,1465.4097900390625,438.10845947265625,1465.4097900390625,438.10845947265625,,,,,0.0,0.0,0.0,-0.0032834464218467474,-0.0019709302578121424,1.6572661399841309,1.6572661399841309
304,9,1606.9854736328125,441.6110534667969,1606.9854736328125,441.6110534667969,1606.9854736328125,441.6110534667969,,,,,0.0,0.0,0.0,-0.0030886076856404543,-0.0006028105854056776,1.7459304332733154,1.7459304332733154
304,12,251.27969360351562,823.382080078125,251.27969360351562,823.382080078125,251.27969360351562,823.382080078125,,,,,0.0,0.0,0.0,-0.15643292665481567,0.26909980177879333,2.0499796867370605,2.0499796867370605
304,14,1133.7662353515625,363.2511291503906,1133.7662353515625,363.2511291503906,1133.7662353515625,363.2511291503906,,,,,0.0,0.0,0.0,-3.0340235233306885,1.1993765830993652,3.724684000015259,3.724684000015259
305,0,562.643310546875,692.6912841796875,562.643310546875,692.6912841796875,562.643310546875,692.6912841796875,,,,,0.0,0.0,0.0,-0.0013437536545097828,-0.0006732132751494646,2.1909291744232178,2.1909291744232178
305,1,435.1786193847656,749.083740234375,435.1786193847656,749.083740234375,435.1786193847656,749.083740234375,,,,,0.0,0.0,0.0,-0.002852932782843709,-0.0011880735401064157,2.390429973602295,2.390429973602295
305,2,704.4998779296875,620.2904052734375,704.4998779296875,620.2904052734375,704.4998779296875,620.2904052734375,,,,,0.0,0.0,0.0,-0.0010794028639793396,0.0009822846623137593,2.2470874786376953,2.2470874786376953
305,5,1748.3919677734375,463.05023193359375,1748.3919677734375,463.05023193359375,1748.3919677734375,463.05023193359375,,,,,0.0,0.0,0.0,-0.0029865149408578873,0.027763647958636284,1.9287714958190918,1.9287714958190918
305,6,1609.7137451171875,433.91156005859375,1609.7137451171875,433.91156005859375,1609.7137451171875,433.91156005859375,,,,,0.0,0.0,0.0,-0.0004203137068543583,0.00028589938301593065,67.7875747680664,67.7875747680664
305,8,1465.406494140625,438.1064758300781,1465.406494140625,438.1064758300781,1465.406494140625,438.1064758300781,,,,,0.0,0.0,0.0,-0.003184943227097392,-0.0019118024501949549,1.92391836643219,1.92391836643219
305,9,1606.982421875,441.6104431152344,1606.982421875,441.6104431152344,1606.982421875,441.6104431152344,,,,,0.0,0.0,0.0,-0.0029959494713693857,-0.000584726280067116,2.0408084392547607,2.0408084392547607
305,12,251.12326049804688,823.6511840820312,251.12326049804688,823.6511840820312,251.12326049804688,823.6511840820312,,,,,0.0,0.0,0.0,-0.1517399400472641,0.2610268294811249,2.469224214553833,2.469224214553833
305,14,1129.9185791015625,364.4869384765625,1129.9185791015625,364.4869384765625,1129.9185791015625,364.4869384765625,,,,,0.0,0.0,0.0,-3.0749645233154297,1.2012094259262085,3.6279962062835693,3.6279962062835693
306,0,562.64794921875,692.6787719726562,562.64794921875,692.6787719726562,562.64794921875,692.6787719726562,,,,,0.0,0.0,0.0,-0.000883310625795275,-0.001583514385856688,1.1253365278244019,1.1253365278244019
306,1,435.2079162597656,749.1151733398438,435.2079162597656,749.1151733398438,435.2079162597656,749.1151733398438,,,,,0.0,0.0,0.0,-0.00023335318837780505,0.001469428651034832,1.1728507280349731,1.1728507280349731
306,2,704.5114135742188,620.2718505859375,704.5114135742188,620.2718505859375,704.5114135742188,620.2718505859375,,,,,0.0,0.0,0.0,-8.807093399809673e-05,-0.0005482882843352854,1.1391905546188354,1.1391905546188354
306,5,1748.4560546875,462.7936096191406,1748.4560546875,462.7936096191406,1748.4560546875,462.7936096191406,,,,,0.0,0.0,0.0,0.0017535955412313342,0.007655743975192308,1.0551408529281616,1.0551408529281616
306,6,1609.71337890625,433.9118347167969,1609.71337890625,433.9118347167969,1609.71337890625,433.9118347167969,,,,,0.0,0.0,0.0,-0.0004077042976859957,0.00027732239686883986,71.94878387451172,71.94878387451172
306,8,1465.3480224609375,438.134521484375,1465.3480224609375,438.134521484375,1465.3480224609375,438.134521484375,,,,,0.0,0.0,0.0,-0.007088897284120321,0.00020359584596008062,1.0537489652633667,1.0537489652633667
306,9,1606.9720458984375,441.62548828125,1606.9720458984375,441.62548828125,1606.9720458984375,441.62548828125,,,,,0.0,0.0,0.0,-0.00353682111017406,0.0005627985810860991,1.0863069295883179,1.0863069295883179
306,12,249.98529052734375,824.6779174804688,249.98529052734375,824.6779174804688,249.98529052734375,824.6779174804688,,,,,0.0,0.0,0.0,-0.2361016422510147,0.32652175426483154,1.1930351257324219,1.1930351257324219
306,14,1126.8436279296875,365.6881408691406,1126.8436279296875,365.6881408691406,1126.8436279296875,365.6881408691406,,,,,0.0,0.0,0.0,-2.982715606689453,1.1651731729507446,4.020881175994873,4.020881175994873
307,0,562.6470947265625,692.6771850585938,562.6470947265625,692.6771850585938,562.6470947265625,692.6771850585938,,,,,0.0,0.0,0.0,-0.0008568113553337753,-0.0015360090183094144,1.3290953636169434,1.3290953636169434
307,1,435.2076721191406,749.1166381835938,435.2076721191406,749.1166381835938,435.2076721191406,749.1166381835938,,,,,0.0,0.0,0.0,-0.00022635259665548801,0.0014253457775339484,1.4014455080032349,1.4014455080032349
307,2,704.5113525390625,620.2713012695312,704.5113525390625,620.2713012695312,704.5113525390625,620.2713012695312,,,,,0.0,0.0,0.0,-8.542880823370069e-05,-0.0005318396724760532,1.3499294519424438,1.3499294519424438
307,5,1748.457763671875,462.80126953125,1748.457763671875,462.80126953125,1748.457763671875,462.80126953125,,,,,0.0,0.0,0.0,0.001700987690128386,0.007426071912050247,1.226507306098938,1.226507306098938
307,6,1609.7130126953125,433.912109375,1609.7130126953125,433.912109375,1609.7130126953125,433.912109375,,,,,0.0,0.0,0.0,-0.0003954731801059097,0.0002690027467906475,76.27796173095703,76.27796173095703
307,8,1465.3409423828125,438.1347351074219,1465.3409423828125,438.1347351074219,1465.3409423828125,438.1347351074219,,,,,0.0,0.0,0.0,-0.006876230705529451,0.0001974879705812782,1.2245198488235474,1.2245198488235474
307,9,1606.968505859375,441.62603759765625,1606.968505859375,441.62603759765625,1606.968505859375,441.62603759765625,,,,,0.0,0.0,0.0,-0.0034307166934013367,0.0005459146341308951,1.271470069885254,1.271470069885254
307,12,249.7491912841797,825.0044555664062,249.7491912841797,825.0044555664062,249.7491912841797,825.0044555664062,,,,,0.0,0.0,0.0,-0.22901859879493713,0.31672611832618713,1.4395537376403809,1.4395537376403809
307,14,1123.2225341796875,366.75177001953125,1123.2225341796875,366.75177001953125,1123.2225341796875,366.75177001953125,,,,,0.0,0.0,0.0,-3.0148439407348633,1.1600639820098877,3.8793134689331055,3.8793134689331055
308,0,562.646240234375,692.6756591796875,562.646240234375,692.6756591796875,562.646240234375,692.6756591796875,,,,,0.0,0.0,0.0,-0.0008311070268973708,-0.001489928807131946,1.5723214149475098,1.5723214149475098
308,1,435.20745849609375,749.1180419921875,435.20745849609375,749.1180419921875,435.20745849609375,749.1180419921875,,,,,0.0,0.0,0.0,-0.00021956201817374676,0.0013825854985043406,1.6776278018951416,1.6776278018951416
308,2,704.5112915039062,620.270751953125,704.5112915039062,620.270751953125,704.5112915039062,620.270751953125,,,,,0.0,0.0,0.0,-8.286594675155357e-05,-0.0005158844869583845,1.602358102798462,1.602358102798462
308,5,1748.45947265625,462.8086853027344,1748.45947265625,462.8086853027344,1748.45947265625,462.8086853027344,,,,,0.0,0.0,0.0,0.0016499580815434456,0.007203289773315191,1.427663803100586,1.427663803100586
308,6,1609.712646484375,433.9123840332031,1609.712646484375,433.9123840332031,1609.712646484375,433.9123840332031,,,,,0.0,0.0,0.0,-0.0003836090036202222,0.00026093266205862164,80.77843475341797,80.77843475341797
308,8,1465.3341064453125,438.1349182128906,1465.3341064453125,438.1349182128906,1465.3341064453125,438.1349182128906,,,,,0.0,0.0,0.0,-0.006669944152235985,0.00019156333291903138,1.4249128103256226,1.4249128103256226
308,9,1606.965087890625,441.6265869140625,1606.965087890625,441.6265869140625,1606.965087890625,441.6265869140625,,,,,0.0,0.0,0.0,-0.0033277953043580055,0.0005295372102409601,1.4904145002365112,1.4904145002365112
308,12,249.52017211914062,825.3211669921875,249.52017211914062,825.3211669921875,249.52017211914062,825.3211669921875,,,,,0.0,0.0,0.0,-0.22214804589748383,0.3072243332862854,1.7389891147613525,1.7389891147613525
308,14,1119.5224609375,367.947021484375,1119.5224609375,367.947021484375,1119.5224609375,367.947021484375,,,,,0.0,0.0,0.0,-3.049326181411743,1.1618341207504272,3.7596826553344727,3.7596826553344727
309,0,562.6453857421875,692.6741943359375,562.6453857421875,692.6741943359375,562.6453857421875,692.6741943359375,,,,,0.0,0.0,0.0,-0.000806173833552748,-0.0014452310279011726,1.8584531545639038,1.8584531545639038
309,1,435.2072448730469,749.1194458007812,435.2072448730469,749.1194458007812,435.2072448730469,749.1194458007812,,,,,0.0,0.0,0.0,-0.00021297516650520265,0.0013411079999059439,2.0058164596557617,2.0058164596557617
309,2,704.51123046875,620.270263671875,704.51123046875,620.270263671875,704.51123046875,620.270263671875,,,,,0.0,0.0,0.0,-8.037997031351551e-05,-0.0005004079430364072,1.900177240371704,1.900177240371704
309,5,1748.461181640625,462.8158874511719,1748.461181640625,462.8158874511719,1748.461181640625,462.8158874511719,,,,,0.0,0.0,0.0,0.0016004593344405293,0.006987191271036863,1.660966396331787,1.660966396331787
309,6,1609.7122802734375,433.91265869140625,1609.7122802734375,433.91265869140625,1609.7122802734375,433.91265869140625,,,,,0.0,0.0,0.0,-0.0003721007378771901,0.00025310469209216535,85.45352172851562,85.45352172851562
309,8,1465.327392578125,438.1351013183594,1465.327392578125,438.1351013183594,1465.327392578125,438.1351013183594,,,,,0.0,0.0,0.0,-0.006469846237450838,0.00018581643234938383,1.65726637840271,1.65726637840271
309,9,1606.9617919921875,441.6271057128906,1606.9617919921875,441.6271057128906,1606.9617919921875,441.6271057128906,,,,,0.0,0.0,0.0,-0.0032279614824801683,0.0005136511172167957,1.745930552482605,1.745930552482605
309,12,249.2980194091797,825.62841796875,249.2980194091797,825.62841796875,249.2980194091797,825.62841796875,,,,,0.0,0.0,0.0,-0.21548360586166382,0.298007607460022,2.0965168476104736,2.0965168476104736
309,14,1116.0052490234375,369.07635498046875,1116.0052490234375,369.07635498046875,1116.0052490234375,369.07635498046875,,,,,0.0,0.0,0.0,-3.072916030883789,1.160194993019104,3.6583471298217773,3.6583471298217773
310,0,562.6445922851562,692.6727294921875,562.6445922851562,692.6727294921875,562.6445922851562,692.6727294921875,,,,,0.0,0.0,0.0,-0.0007819886668585241,-0.0014018741203472018,2.1909291744232178,2.1909291744232178
310,1,435.20703125,749.1207885742188,435.20703125,749.1207885742188,435.20703125,749.1207885742188,,,,,0.0,0.0,0.0,-0.00020658591529354453,0.0013008747482672334,2.390429973602295,2.390429973602295
310,2,704.5111694335938,620.269775390625,704.5111694335938,620.269775390625,704.5111694335938,620.269775390625,,,,,0.0,0.0,0.0,-7.796857244102284e-05,-0.0004853957216255367,2.2470874786376953,2.2470874786376953
310,5,1748.4627685546875,462.8228759765625,1748.4627685546875,462.8228759765625,1748.4627685546875,462.8228759765625,,,,,0.0,0.0,0.0,0.0015524455811828375,0.006777575705200434,1.9287714958190918,1.9287714958190918
310,6,1609.7119140625,433.91290283203125,1609.7119140625,433.91290283203125,1609.7119140625,433.91290283203125,,,,,0.0,0.0,0.0,-0.00036093773087486625,0.00024551156093366444,90.3065414428711,90.3065414428711
310,8,1465.3209228515625,438.1352844238281,1465.3209228515625,438.1352844238281,1465.3209228515625,438.1352844238281,,,,,0.0,0.0,0.0,-0.0062757511623203754,0.00018024194287136197,1.923918604850769,1.923918604850769
310,9,1606.9586181640625,441.62762451171875,1606.9586181640625,441.62762451171875,1606.9586181640625,441.62762451171875,,,,,0.0,0.0,0.0,-0.0031311227940022945,0.0004982415703125298,2.0408084392547607,2.0408084392547607
310,12,249.08253479003906,825.9264526367188,249.08253479003906,825.9264526367188,249.08253479003906,825.9264526367188,,,,,0.0,0.0,0.0,-0.20901910960674286,0.2890673875808716,2.5173122882843018,2.5173122882843018
310,14,1112.665771484375,370.2693786621094,1112.665771484375,370.2693786621094,1112.665771484375,370.2693786621094,,,,,0.0,0.0,0.0,-3.086397647857666,1.1618551015853882,3.5724411010742188,3.5724411010742188
311,0,562.6239013671875,692.6804809570312,562.6239013671875,692.6804809570312,562.6239013671875,692.6804809570312,,,,,0.0,0.0,0.0,-0.002314152428880334,-0.0006953322445042431,1.1253365278244019,1.1253365278244019
311,1,435.19525146484375,749.0925903320312,435.19525146484375,749.0925903320312,435.19525146484375,749.0925903320312,,,,,0.0,0.0,0.0,-0.0011502762790769339,-0.0011028375010937452,1.1728507280349731,1.1728507280349731
311,2,704.5139770507812,620.2886352539062,704.5139770507812,620.2886352539062,704.5139770507812,620.2886352539062,,,,,0.0,0.0,0.0,0.00014535342052113265,0.001031559775583446,1.1391905546188354,1.1391905546188354
311,5,1748.47265625,462.60540771484375,1748.47265625,462.60540771484375,1748.47265625,462.60540771484375,,,,,0.0,0.0,0.0,0.002135283313691616,-0.009077433496713638,1.0551408529281616,1.0551408529281616
311,6,1609.7115478515625,433.91314697265625,1609.7115478515625,433.91314697265625,1609.7115478515625,433.91314697265625,,,,,0.0,0.0,0.0,-0.000350109621649608,0.00023814622545614839,95.34081268310547,95.34081268310547
311,8,1465.299560546875,438.12432861328125,1465.299560546875,438.12432861328125,1465.299560546875,438.12432861328125,,,,,0.0,0.0,0.0,-0.007347068749368191,-0.0006062233005650342,1.0537489652633667,1.0537489652633667
311,9,1606.99609375,441.6039123535156,1606.99609375,441.6039123535156,1606.99609375,441.6039123535156,,,,,0.0,0.0,0.0,-0.0001392745616612956,-0.00128030008636415,1.0863069295883179,1.0863069295883179
311,12,249.39251708984375,825.2960815429688,249.39251708984375,825.2960815429688,249.39251708984375,825.2960815429688,,,,,0.0,0.0,0.0,-0.16521592438220978,0.2114669531583786,1.2010469436645508,1.2010469436645508
311,14,1109.579345703125,371.4312438964844,1109.579345703125,371.4312438964844,1109.579345703125,371.4312438964844,,,,,0.0,0.0,0.0,-2.9938058853149414,1.1269994974136353,3.96183180809021,3.96183180809021
312,0,562.62158203125,692.6798095703125,562.62158203125,692.6798095703125,562.62158203125,692.6798095703125,,,,,0.0,0.0,0.0,-0.0022447279188781977,-0.0006744723068550229,1.3290953636169434,1.3290953636169434
312,1,435.194091796875,749.0914916992188,435.194091796875,749.0914916992188,435.194091796875,749.0914916992188,,,,,0.0,0.0,0.0,-0.0011157679837197065,-0.0010697523830458522,1.4014455080032349,1.4014455080032349
312,2,704.5140991210938,620.2896728515625,704.5140991210938,620.2896728515625,704.5140991210938,620.2896728515625,,,,,0.0,0.0,0.0,0.0001409928227076307,0.0010006129741668701,1.3499294519424438,1.3499294519424438
312,5,1748.4747314453125,462.5963439941406,1748.4747314453125,462.5963439941406,1748.4747314453125,462.5963439941406,,,,,0.0,0.0,0.0,0.0020712248515337706,-0.008805111050605774,1.226507306098938,1.226507306098938
312,6,1609.711181640625,433.91339111328125,1609.711181640625,433.91339111328125,1609.711181640625,433.91339111328125,,,,,0.0,0.0,0.0,-0.0003396063402760774,0.00023100184625945985,100.5596694946289,100.5596694946289
312,8,1465.292236328125,438.12371826171875,1465.292236328125,438.12371826171875,1465.292236328125,438.12371826171875,,,,,0.0,0.0,0.0,-0.007126656826585531,-0.0005880366079509258,1.2245198488235474,1.2245198488235474
312,9,1606.9959716796875,441.6026306152344,1606.9959716796875,441.6026306152344,1606.9959716796875,441.6026306152344,,,,,0.0,0.0,0.0,-0.00013509632844943553,-0.0012418910628184676,1.271470069885254,1.271470069885254
312,12,249.227294921875,825.507568359375,249.227294921875,825.507568359375,249.227294921875,825.507568359375,,,,,0.0,0.0,0.0,-0.1602594554424286,0.2051229476928711,1.4462764263153076,1.4462764263153076
312,14,1106.1591796875,372.6817321777344,1106.1591796875,372.6817321777344,1106.1591796875,372.6817321777344,,,,,0.0,0.0,0.0,-3.0154404640197754,1.1332639455795288,3.83223557472229,3.83223557472229
313,0,562.6193237304688,692.6791381835938,562.6193237304688,692.6791381835938,562.6193237304688,692.6791381835938,,,,,0.0,0.0,0.0,-0.0021773860789835453,-0.0006542381597682834,1.5723214149475098,1.5723214149475098
313,1,435.1929626464844,749.0903930664062,435.1929626464844,749.0903930664062,435.1929626464844,749.0903930664062,,,,,0.0,0.0,0.0,-0.0010822949698194861,-0.0010376598220318556,1.6776278018951416,1.6776278018951416
313,2,704.5142211914062,620.2906494140625,704.5142211914062,620.2906494140625,704.5142211914062,620.2906494140625,,,,,0.0,0.0,0.0,0.00013676304661203176,0.000970594584941864,1.6023582220077515,1.6023582220077515
313,5,1748.476806640625,462.5875244140625,1748.476806640625,462.5875244140625,1748.476806640625,462.5875244140625,,,,,0.0,0.0,0.0,0.002009088173508644,-0.008540958166122437,1.427663803100586,1.427663803100586
313,6,1609.7108154296875,433.91363525390625,1609.7108154296875,433.91363525390625,1609.7108154296875,433.91363525390625,,,,,0.0,0.0,0.0,-0.0003294181660749018,0.00022407180222216994,105.96642303466797,105.96642303466797
313,8,1465.28515625,438.1231384277344,1465.28515625,438.1231384277344,1465.28515625,438.1231384277344,,,,,0.0,0.0,0.0,-0.006912857294082642,-0.0005703955539502203,1.4249128103256226,1.4249128103256226
313,9,1606.995849609375,441.60137939453125,1606.995849609375,441.60137939453125,1606.995849609375,441.60137939453125,,,,,0.0,0.0,0.0,-0.00013104344543535262,-0.0012046343181282282,1.4904145002365112,1.4904145002365112
313,12,249.06703186035156,825.7127075195312,249.06703186035156,825.7127075195312,249.06703186035156,825.7127075195312,,,,,0.0,0.0,0.0,-0.1554516702890396,0.1989692598581314,1.744578242301941,1.744578242301941
313,14,1101.6533203125,374.11053466796875,1101.6533203125,374.11053466796875,1101.6533203125,374.11053466796875,,,,,0.0,0.0,0.0,-3.0911192893981934,1.1482698917388916,3.7225992679595947,3.7225992679595947
314,0,562.6171264648438,692.678466796875,562.6171264648438,692.678466796875,562.6171264648438,692.678466796875,,,,,0.0,0.0,0.0,-0.0021120645105838776,-0.0006346110603772104,1.8584531545639038,1.8584531545639038
314,1,435.19189453125,749.08935546875,435.19189453125,749.08935546875,435.19189453125,749.08935546875,,,,,0.0,0.0,0.0,-0.0010498261544853449,-0.0010065300157293677,2.0058164596557617,2.0058164596557617
314,2,704.5143432617188,620.2916259765625,704.5143432617188,620.2916259765625,704.5143432617188,620.2916259765625,,,,,0.0,0.0,0.0,0.00013266016321722418,0.0009414767846465111,1.9001773595809937,1.9001773595809937
314,5,1748.478759765625,462.5789794921875,1748.478759765625,462.5789794921875,1748.478759765625,462.5789794921875,,,,,0.0,0.0,0.0,0.0019488155376166105,-0.008284729905426502,1.660966396331787,1.660966396331787
314,6,1609.71044921875,433.9138488769531,1609.71044921875,433.9138488769531,1609.71044921875,433.9138488769531,,,,,0.0,0.0,0.0,-0.00031953564030118287,0.0002173496613977477,111.56439208984375,111.56439208984375
314,8,1465.2781982421875,438.12255859375,1465.2781982421875,438.12255859375,1465.2781982421875,438.12255859375,,,,,0.0,0.0,0.0,-0.006705471780151129,-0.0005532837240025401,1.65726637840271,1.65726637840271
314,9,1606.9957275390625,441.6001892089844,1606.9957275390625,441.6001892089844,1606.9957275390625,441.6001892089844,,,,,0.0,0.0,0.0,-0.00012711214367300272,-0.0011684952769428492,1.745930552482605,1.745930552482605
314,12,248.9115753173828,825.9116821289062,248.9115753173828,825.9116821289062,248.9115753173828,825.9116821289062,,,,,0.0,0.0,0.0,-0.15078812837600708,0.1930001825094223,2.101128101348877,2.101128101348877
314,14,1097.326171875,375.4283752441406,1097.326171875,375.4283752441406,1097.326171875,375.4283752441406,,,,,0.0,0.0,0.0,-3.1540238857269287,1.156899094581604,3.629669189453125,3.629669189453125
315,0,562.614990234375,692.6778564453125,562.614990234375,692.6778564453125,562.614990234375,692.6778564453125,,,,,0.0,0.0,0.0,-0.0020487026777118444,-0.0006155727314762771,2.1909291744232178,2.1909291744232178
315,1,435.19085693359375,749.08837890625,435.19085693359375,749.08837890625,435.19085693359375,749.08837890625,,,,,0.0,0.0,0.0,-0.0010183313861489296,-0.0009763341513462365,2.390429973602295,2.390429973602295
315,2,704.5144653320312,620.2925415039062,704.5144653320312,620.2925415039062,704.5144653320312,620.2925415039062,,,,,0.0,0.0,0.0,0.00012868035992141813,0.0009132325067184865,2.2470877170562744,2.2470877170562744
315,5,1748.480712890625,462.5707092285156,1748.480712890625,462.5707092285156,1748.480712890625,462.5707092285156,,,,,0.0,0.0,0.0,0.0018903511809185147,-0.00803618784993887,1.9287714958190918,1.9287714958190918
315,6,1609.7100830078125,433.9140625,1609.7100830078125,433.9140625,1609.7100830078125,433.9140625,,,,,0.0,0.0,0.0,-0.0003099495661444962,0.00021082918101456016,117.35689544677734,117.35689544677734
315,8,1465.271484375,438.12200927734375,1465.271484375,438.12200927734375,1465.271484375,438.12200927734375,,,,,0.0,0.0,0.0,-0.006504307966679335,-0.0005366852274164557,1.923918604850769,1.923918604850769
315,9,1606.99560546875,441.5990295410156,1606.99560546875,441.5990295410156,1606.99560546875,441.5990295410156,,,,,0.0,0.0,0.0,-0.00012329878518357873,-0.0011334404116496444,2.04080867767334,2.04080867767334
315,12,248.7607879638672,826.1046752929688,248.7607879638672,826.1046752929688,248.7607879638672,826.1046752929688,,,,,0.0,0.0,0.0,-0.14626449346542358,0.18721018731594086,2.521101474761963,2.521101474761963
315,14,1093.03466796875,376.8751220703125,1093.03466796875,376.8751220703125,1093.03466796875,376.8751220703125,,,,,0.0,0.0,0.0,-3.212114095687866,1.1717017889022827,3.5508615970611572,3.5508615970611572
316,0,562.6327514648438,692.6536254882812,562.6327514648438,692.6536254882812,562.6327514648438,692.6536254882812,,,,,0.0,0.0,0.0,-0.0005218313308432698,-0.002436175011098385,1.1253365278244019,1.1253365278244019
316,1,435.2041320800781,749.1197509765625,435.2041320800781,749.1197509765625,435.2041320800781,749.1197509765625,,,,,0.0,0.0,0.0,0.00014560208364855498,0.0016607481520622969,1.1728507280349731,1.1728507280349731
316,2,704.5202026367188,620.2719116210938,704.5202026367188,620.2719116210938,704.5202026367188,620.2719116210938,,,,,0.0,0.0,0.0,0.0005671540857292712,-0.0007725764880888164,1.139190673828125,1.139190673828125
316,5,1748.5086669921875,462.5724182128906,1748.5086669921875,462.5724182128906,1748.5086669921875,462.5724182128906,,,,,0.0,0.0,0.0,0.003734486410394311,-0.007348621264100075,1.0551408529281616,1.0551408529281616
316,6,1609.709716796875,433.9142761230469,1609.709716796875,433.9142761230469,1609.709716796875,433.9142761230469,,,,,0.0,0.0,0.0,-0.000300651096040383,0.00020450430747587234,123.34725952148438,123.34725952148438
316,8,1465.286376953125,438.12841796875,1465.286376953125,438.12841796875,1465.286376953125,438.12841796875,,,,,0.0,0.0,0.0,-0.004992661066353321,-4.5286422391654924e-05,1.0537489652633667,1.0537489652633667
316,9,1605.6881103515625,441.8997497558594,1605.6881103515625,441.8997497558594,1605.6881103515625,441.8997497558594,,,,,0.0,0.0,0.0,-0.09620839357376099,0.021049601957201958,1.0863070487976074,1.0863070487976074
316,12,249.21177673339844,825.0204467773438,249.21177673339844,825.0204467773438,249.21177673339844,825.0204467773438,,,,,0.0,0.0,0.0,-0.0959666445851326,0.08013743907213211,1.2015448808670044,1.2015448808670044
316,14,1084.3082275390625,376.8633728027344,1084.3082275390625,376.8633728027344,1084.3082275390625,376.8633728027344,,,,,0.0,0.0,0.0,-3.4949393272399902,1.1110035181045532,1.326812505722046,1.326812505722046
317,0,562.6322021484375,692.6511840820312,562.6322021484375,692.6511840820312,562.6322021484375,692.6511840820312,,,,,0.0,0.0,0.0,-0.0005061763804405928,-0.0023630899377167225,1.3290953636169434,1.3290953636169434
317,1,435.20428466796875,749.1213989257812,435.20428466796875,749.1213989257812,435.20428466796875,749.1213989257812,,,,,0.0,0.0,0.0,0.00014123402070254087,0.0016109257703647017,1.4014455080032349,1.4014455080032349
317,2,704.520751953125,620.2711181640625,704.520751953125,620.2711181640625,704.520751953125,620.2711181640625,,,,,0.0,0.0,0.0,0.0005501394625753164,-0.0007493991870433092,1.3499295711517334,1.3499295711517334
317,5,1748.512451171875,462.5650634765625,1748.512451171875,462.5650634765625,1748.512451171875,462.5650634765625,,,,,0.0,0.0,0.0,0.0036224520299583673,-0.0071281627751886845,1.226507306098938,1.226507306098938
317,8,1465.2813720703125,438.1283874511719,1465.2813720703125,438.1283874511719,1465.2813720703125,438.1283874511719,,,,,0.0,0.0,0.0,-0.004842881578952074,-4.3927830120082945e-05,1.2245197296142578,1.2245197296142578
317,9,1605.5919189453125,441.9208068847656,1605.5919189453125,441.9208068847656,1605.5919189453125,441.9208068847656,,,,,0.0,0.0,0.0,-0.09332214295864105,0.020418114960193634,1.2714701890945435,1.2714701890945435
317,12,249.11581420898438,825.1005859375,249.11581420898438,825.1005859375,249.11581420898438,825.1005859375,,,,,0.0,0.0,0.0,-0.09308765083551407,0.07773331552743912,1.446528434753418,1.446528434753418
317,14,1080.4801025390625,378.20928955078125,1080.4801025390625,378.20928955078125,1080.4801025390625,378.20928955078125,,,,,0.0,0.0,0.0,-3.5135860443115234,1.1241523027420044,1.4154216051101685,1.4154216051101685
318,0,562.6317138671875,692.6488037109375,562.6317138671875,692.6488037109375,562.6317138671875,692.6488037109375,,,,,0.0,0.0,0.0,-0.0004909911076538265,-0.002292197197675705,1.5723214149475098,1.5723214149475098
318,1,435.2044372558594,749.1229858398438,435.2044372558594,749.1229858398438,435.2044372558594,749.1229858398438,,,,,0.0,0.0,0.0,0.0001369969977531582,0.0015625980449840426,1.6776278018951416,1.6776278018951416
318,2,704.5213012695312,620.2703857421875,704.5213012695312,620.2703857421875,704.5213012695312,620.2703857421875,,,,,0.0,0.0,0.0,0.0005336353206075728,-0.0007269172347150743,1.602358341217041,1.602358341217041
318,5,1748.51611328125,462.55792236328125,1748.51611328125,462.55792236328125,1748.51611328125,462.55792236328125,,,,,0.0,0.0,0.0,0.0035137785598635674,-0.006914318073540926,1.427663803100586,1.427663803100586
318,8,1465.2764892578125,438.12835693359375,1465.2764892578125,438.12835693359375,1465.2764892578125,438.12835693359375,,,,,0.0,0.0,0.0,-0.004697595257312059,-4.260999776306562e-05,1.424912691116333,1.424912691116333
318,9,1605.4986572265625,441.94122314453125,1605.4986572265625,441.94122314453125,1605.4986572265625,441.94122314453125,,,,,0.0,0.0,0.0,-0.09052248299121857,0.01980557292699814,1.4904147386550903,1.4904147386550903
318,12,249.02272033691406,825.1783447265625,249.02272033691406,825.1783447265625,249.02272033691406,825.1783447265625,,,,,0.0,0.0,0.0,-0.09029502421617508,0.07540132105350494,1.744815707206726,1.744815707206726
318,14,1076.78857421875,379.5382080078125,1076.78857421875,379.5382080078125,1076.78857421875,379.5382080078125,,,,,0.0,0.0,0.0,-3.5241944789886475,1.1363579034805298,1.5166047811508179,1.5166047811508179
319,0,562.6312255859375,692.646484375,562.6312255859375,692.646484375,562.6312255859375,692.646484375,,,,,0.0,0.0,0.0,-0.00047626139712519944,-0.0022234313655644655,1.8584531545639038,1.8584531545639038
319,1,435.2045593261719,749.1245727539062,435.2045593261719,749.1245727539062,435.2045593261719,749.1245727539062,,,,,0.0,0.0,0.0,0.00013288708578329533,0.0015157201560214162,2.0058164596557617,2.0058164596557617
319,2,704.5218505859375,620.2696533203125,704.5218505859375,620.2696533203125,704.5218505859375,620.2696533203125,,,,,0.0,0.0,0.0,0.0005176262930035591,-0.0007051097345538437,1.9001774787902832,1.9001774787902832
319,5,1748.5196533203125,462.5509948730469,1748.5196533203125,462.5509948730469,1748.5196533203125,462.5509948730469,,,,,0.0,0.0,0.0,0.0034083654172718525,-0.006706888787448406,1.660966396331787,1.660966396331787
319,8,1465.2718505859375,438.1283264160156,1465.2718505859375,438.1283264160156,1465.2718505859375,438.1283264160156,,,,,0.0,0.0,0.0,-0.004556667525321245,-4.1331699321744964e-05,1.6572661399841309,1.6572661399841309
319,9,1605.4080810546875,441.9610290527344,1605.4080810546875,441.9610290527344,1605.4080810546875,441.9610290527344,,,,,0.0,0.0,0.0,-0.0878068134188652,0.019211405888199806,1.7459309101104736,1.7459309101104736
319,12,248.9324188232422,825.2537231445312,248.9324188232422,825.2537231445312,248.9324188232422,825.2537231445312,,,,,0.0,0.0,0.0,-0.0875861793756485,0.07313928008079529,2.1015820503234863,2.1015820503234863
319,14,1073.0419921875,380.96923828125,1073.0419921875,380.96923828125,1073.0419921875,380.96923828125,,,,,0.0,0.0,0.0,-3.5380446910858154,1.1547112464904785,1.6282916069030762,1.6282916069030762
320,0,562.6307373046875,692.644287109375,562.6307373046875,692.644287109375,562.6307373046875,692.644287109375,,,,,0.0,0.0,0.0,-0.000461973570054397,-0.0021567284129559994,2.1909291744232178,2.1909291744232178
320,1,435.2046813964844,749.1260986328125,435.2046813964844,749.1260986328125,435.2046813964844,749.1260986328125,,,,,0.0,0.0,0.0,0.0001289004721911624,0.001470248564146459,2.390429973602295,2.390429973602295
320,2,704.5223388671875,620.2689208984375,704.5223388671875,620.2689208984375,704.5223388671875,620.2689208984375,,,,,0.0,0.0,0.0,0.0005020975368097425,-0.0006839564885012805,2.2470877170562744,2.2470877170562744
320,5,1748.5230712890625,462.5442810058594,1748.5230712890625,462.5442810058594,1748.5230712890625,462.5442810058594,,,,,0.0,0.0,0.0,0.0033061145804822445,-0.00650568213313818,1.9287714958190918,1.9287714958190918
320,8,1465.267333984375,438.1282958984375,1465.267333984375,438.1282958984375,1465.267333984375,438.1282958984375,,,,,0.0,0.0,0.0,-0.004419967532157898,-4.009174881502986e-05,1.92391836643219,1.92391836643219
320,9,1605.3203125,441.9802551269531,1605.3203125,441.9802551269531,1605.3203125,441.9802551269531,,,,,0.0,0.0,0.0,-0.0851726084947586,0.018635064363479614,2.040808916091919,2.040808916091919
320,12,248.84483337402344,825.3268432617188,248.84483337402344,825.3268432617188,248.84483337402344,825.3268432617188,,,,,0.0,0.0,0.0,-0.08495859801769257,0.07094510644674301,2.522003173828125,2.522003173828125
320,14,1068.872802734375,382.5248107910156,1068.872802734375,382.5248107910156,1068.872802734375,382.5248107910156,,,,,0.0,0.0,0.0,-3.5785064697265625,1.1804108619689941,1.748058557510376,1.748058557510376
321,0,562.6070556640625,692.6709594726562,562.6070556640625,692.6709594726562,562.6070556640625,692.6709594726562,,,,,0.0,0.0,0.0,-0.0022508210968226194,6.080744424252771e-05,1.1253365278244019,1.1253365278244019
321,1,435.1712951660156,748.967041015625,435.1712951660156,748.967041015625,435.1712951660156,748.967041015625,,,,,0.0,0.0,0.0,-0.002602988388389349,-0.01161014661192894,1.1728507280349731,1.1728507280349731
321,2,704.5167846679688,620.2916870117188,704.5167846679688,620.2916870117188,704.5167846679688,620.2916870117188,,,,,0.0,0.0,0.0,2.821916677930858e-05,0.0011543647851794958,1.139190673828125,1.139190673828125
321,5,1748.498779296875,462.4942321777344,1748.498779296875,462.4942321777344,1748.498779296875,462.4942321777344,,,,,0.0,0.0,0.0,0.0013572507305070758,-0.009583794511854649,1.0551408529281616,1.0551408529281616
321,8,1465.3485107421875,438.1443786621094,1465.3485107421875,438.1443786621094,1465.3485107421875,438.1443786621094,,,,,0.0,0.0,0.0,0.001617542584426701,0.0010981832165271044,1.0537489652633667,1.0537489652633667
321,9,1606.196044921875,441.77679443359375,1606.196044921875,441.77679443359375,1606.196044921875,441.77679443359375,,,,,0.0,0.0,0.0,-0.01454746164381504,0.0023114655632525682,1.0863072872161865,1.0863072872161865
321,12,249.2572479248047,825.2802124023438,249.2572479248047,825.2802124023438,249.2572479248047,825.2802124023438,,,,,0.0,0.0,0.0,-0.04302848130464554,0.06103572994470596,1.201796531677246,1.201796531677246
321,14,1065.2943115234375,383.7052307128906,1065.2943115234375,383.7052307128906,1065.2943115234375,383.7052307128906,,,,,0.0,0.0,0.0,-3.471151351928711,1.144998550415039,1.9979896545410156,1.9979896545410156
322,0,562.6047973632812,692.6710205078125,562.6047973632812,692.6710205078125,562.6047973632812,692.6710205078125,,,,,0.0,0.0,0.0,-0.002183296484872699,5.8983223425457254e-05,1.3290953636169434,1.3290953636169434
322,1,435.168701171875,748.9554443359375,435.168701171875,748.9554443359375,435.168701171875,748.9554443359375,,,,,0.0,0.0,0.0,-0.0025248988531529903,-0.011261842213571072,1.4014455080032349,1.4014455080032349
322,2,704.5167846679688,620.2928466796875,704.5167846679688,620.2928466796875,704.5167846679688,620.2928466796875,,,,,0.0,0.0,0.0,2.7372592739993706e-05,0.0011197339044883847,1.3499295711517334,1.3499295711517334
322,5,1748.5001220703125,462.4846496582031,1748.5001220703125,462.4846496582031,1748.5001220703125,462.4846496582031,,,,,0.0,0.0,0.0,0.0013165331911295652,-0.009296281263232231,1.226507306098938,1.226507306098938
322,8,1465.35009765625,438.1454772949219,1465.35009765625,438.1454772949219,1465.35009765625,438.1454772949219,,,,,0.0,0.0,0.0,0.001569016370922327,0.0010652377968654037,1.2245198488235474,1.2245198488235474
322,9,1606.1815185546875,441.77911376953125,1606.1815185546875,441.77911376953125,1606.1815185546875,441.77911376953125,,,,,0.0,0.0,0.0,-0.01411103829741478,0.0022421216126531363,1.2714704275131226,1.2714704275131226
322,12,249.21421813964844,825.3412475585938,249.21421813964844,825.3412475585938,249.21421813964844,825.3412475585938,,,,,0.0,0.0,0.0,-0.0417376272380352,0.05920466035604477,1.4471129179000854,1.4471129179000854
322,14,1061.05859375,385.3307189941406,1061.05859375,385.3307189941406,1061.05859375,385.3307189941406,,,,,0.0,0.0,0.0,-3.521240711212158,1.1764817237854004,2.123795986175537,2.123795986175537
323,0,562.6026000976562,692.6710815429688,562.6026000976562,692.6710815429688,562.6026000976562,692.6710815429688,,,,,0.0,0.0,0.0,-0.0021177977323532104,5.721372872358188e-05,1.5723214149475098,1.5723214149475098
323,1,435.1661682128906,748.9441528320312,435.1661682128906,748.9441528320312,435.1661682128906,748.9441528320312,,,,,0.0,0.0,0.0,-0.002449152059853077,-0.010923987254500389,1.6776278018951416,1.6776278018951416
323,2,704.5167846679688,620.2939453125,704.5167846679688,620.2939453125,704.5167846679688,620.2939453125,,,,,0.0,0.0,0.0,2.655141543073114e-05,0.0010861419141292572,1.602358341217041,1.602358341217041
323,5,1748.50146484375,462.475341796875,1748.50146484375,462.475341796875,1748.50146484375,462.475341796875,,,,,0.0,0.0,0.0,0.0012770371977239847,-0.009017392992973328,1.427663803100586,1.427663803100586
323,8,1465.3516845703125,438.14654541015625,1465.3516845703125,438.14654541015625,1465.3516845703125,438.14654541015625,,,,,0.0,0.0,0.0,0.0015219459310173988,0.0010332807432860136,1.4249128103256226,1.4249128103256226
323,9,1606.1673583984375,441.7813415527344,1606.1673583984375,441.7813415527344,1606.1673583984375,441.7813415527344,,,,,0.0,0.0,0.0,-0.013687707483768463,0.0021748580038547516,1.4904149770736694,1.4904149770736694
323,12,249.1724853515625,825.4004516601562,249.1724853515625,825.4004516601562,249.1724853515625,825.4004516601562,,,,,0.0,0.0,0.0,-0.040485501289367676,0.057428523898124695,1.745891809463501,1.745891809463501
323,14,1057.0653076171875,386.8897399902344,1057.0653076171875,386.8897399902344,1057.0653076171875,386.8897399902344,,,,,0.0,0.0,0.0,-3.552133798599243,1.2015167474746704,2.2474398612976074,2.2474398612976074
324,0,562.6004638671875,692.671142578125,562.6004638671875,692.671142578125,562.6004638671875,692.671142578125,,,,,0.0,0.0,0.0,-0.002054263837635517,5.549731940845959e-05,1.8584531545639038,1.8584531545639038
324,1,435.1637268066406,748.9332275390625,435.1637268066406,748.9332275390625,435.1637268066406,748.9332275390625,,,,,0.0,0.0,0.0,-0.0023756774608045816,-0.010596267879009247,2.0058164596557617,2.0058164596557617
324,2,704.5167846679688,620.2950439453125,704.5167846679688,620.2950439453125,704.5167846679688,620.2950439453125,,,,,0.0,0.0,0.0,2.57548745139502e-05,0.0010535577312111855,1.9001774787902832,1.9001774787902832
324,5,1748.502685546875,462.4663391113281,1748.502685546875,462.4663391113281,1748.502685546875,462.4663391113281,,,,,0.0,0.0,0.0,0.0012387260794639587,-0.00874687172472477,1.660966396331787,1.660966396331787
324,8,1465.3531494140625,438.1475830078125,1465.3531494140625,438.1475830078125,1465.3531494140625,438.1475830078125,,,,,0.0,0.0,0.0,0.0014762876089662313,0.0010022823698818684,1.65726637840271,1.65726637840271
324,9,1606.1536865234375,441.78350830078125,1606.1536865234375,441.78350830078125,1606.1536865234375,441.78350830078125,,,,,0.0,0.0,0.0,-0.013277077116072178,0.002109612338244915,1.7459311485290527,1.7459311485290527
324,12,249.1320037841797,825.4578857421875,249.1320037841797,825.4578857421875,249.1320037841797,825.4578857421875,,,,,0.0,0.0,0.0,-0.03927093744277954,0.05570567026734352,2.10330867767334,2.10330867767334
324,14,1053.0379638671875,388.4500427246094,1053.0379638671875,388.4500427246094,1053.0379638671875,388.4500427246094,,,,,0.0,0.0,0.0,-3.5830721855163574,1.2248742580413818,2.366595506668091,2.366595506668091
325,0,562.598388671875,692.6712036132812,562.598388671875,692.6712036132812,562.598388671875,692.6712036132812,,,,,0.0,0.0,0.0,-0.0019926358945667744,5.3832402045372874e-05,2.1909291744232178,2.1909291744232178
325,1,435.1613464355469,748.922607421875,435.1613464355469,748.922607421875,435.1613464355469,748.922607421875,,,,,0.0,0.0,0.0,-0.002304407302290201,-0.01027838047593832,2.390429973602295,2.390429973602295
325,2,704.5167846679688,620.2960815429688,704.5167846679688,620.2960815429688,704.5167846679688,620.2960815429688,,,,,0.0,0.0,0.0,2.498222966096364e-05,0.0010219509713351727,2.2470877170562744,2.2470877170562744
325,5,1748.50390625,462.45758056640625,1748.50390625,462.45758056640625,1748.50390625,462.45758056640625,,,,,0.0,0.0,0.0,0.00120156432967633,-0.00848446600139141,1.9287714958190918,1.9287714958190918
325,8,1465.3546142578125,438.1485900878906,1465.3546142578125,438.1485900878906,1465.3546142578125,438.1485900878906,,,,,0.0,0.0,0.0,0.0014319990295916796,0.0009722139220684767,1.923918604850769,1.923918604850769
325,9,1606.140380859375,441.7856140136719,1606.140380859375,441.7856140136719,1606.140380859375,441.7856140136719,,,,,0.0,0.0,0.0,-0.012878765352070332,0.0020463240798562765,2.040809154510498,2.040809154510498
325,12,249.0927276611328,825.5136108398438,249.0927276611328,825.5136108398438,249.0927276611328,825.5136108398438,,,,,0.0,0.0,0.0,-0.03809281066060066,0.05403450131416321,2.5245392322540283,2.5245392322540283
325,14,1049.066162109375,389.98193359375,1049.066162109375,389.98193359375,1049.066162109375,389.98193359375,,,,,0.0,0.0,0.0,-3.6081697940826416,1.2446976900100708,2.479311227798462,2.479311227798462
326,0,562.6187744140625,692.6842041015625,562.6187744140625,692.6842041015625,562.6187744140625,692.6842041015625,,,,,0.0,0.0,0.0,-0.0002672977279871702,0.0010488126426935196,1.1253365278244019,1.1253365278244019
326,1,435.2156066894531,748.7401123046875,435.2156066894531,748.7401123046875,435.2156066894531,748.7401123046875,,,,,0.0,0.0,0.0,0.00230611115694046,-0.024315593764185905,1.1728507280349731,1.1728507280349731
326,2,704.5064697265625,620.2775268554688,704.5064697265625,620.2775268554688,704.5064697265625,620.2775268554688,,,,,0.0,0.0,0.0,-0.0007838792516849935,-0.0005140688153915107,1.139190673828125,1.139190673828125
326,5,1748.5162353515625,462.50921630859375,1748.5162353515625,462.50921630859375,1748.5162353515625,462.50921630859375,,,,,0.0,0.0,0.0,0.0019847527146339417,-0.004232709761708975,1.0551408529281616,1.0551408529281616
326,8,1465.2955322265625,438.1403503417969,1465.2955322265625,438.1403503417969,1465.2955322265625,438.1403503417969,,,,,0.0,0.0,0.0,-0.00284419278614223,0.0003219331556465477,1.0537489652633667,1.0537489652633667
326,9,1606.6533203125,441.7038269042969,1606.6533203125,441.7038269042969,1606.6533203125,441.7038269042969,,,,,0.0,0.0,0.0,0.025771621614694595,-0.004114008042961359,1.0863072872161865,1.0863072872161865
326,12,248.81466674804688,826.4563598632812,248.81466674804688,826.4563598632812,248.81466674804688,826.4563598632812,,,,,0.0,0.0,0.0,-0.058341845870018005,0.12902118265628815,1.2023545503616333,1.2023545503616333
326,14,1039.5313720703125,392.4991149902344,1039.5313720703125,392.4991149902344,1039.5313720703125,392.4991149902344,,,,,0.0,0.0,0.0,-3.9869720935821533,1.3260291814804077,1.171435832977295,1.171435832977295
327,0,562.6185302734375,692.6852416992188,562.6185302734375,692.6852416992188,562.6185302734375,692.6852416992188,,,,,0.0,0.0,0.0,-0.0002592788077890873,0.0010173482587561011,1.3290953636169434,1.3290953636169434
327,1,435.2179260253906,748.7158203125,435.2179260253906,748.7158203125,435.2179260253906,748.7158203125,,,,,0.0,0.0,0.0,0.0022369278594851494,-0.023586126044392586,1.4014455080032349,1.4014455080032349
327,2,704.5056762695312,620.2770385742188,704.5056762695312,620.2770385742188,704.5056762695312,620.2770385742188,,,,,0.0,0.0,0.0,-0.0007603628910146654,-0.0004986467538401484,1.3499295711517334,1.3499295711517334
327,5,1748.5181884765625,462.5049743652344,1748.5181884765625,462.5049743652344,1748.5181884765625,462.5049743652344,,,,,0.0,0.0,0.0,0.0019252102356404066,-0.004105728585273027,1.226507306098938,1.226507306098938
327,8,1465.292724609375,438.14068603515625,1465.292724609375,438.14068603515625,1465.292724609375,438.14068603515625,,,,,0.0,0.0,0.0,-0.0027588671073317528,0.0003122751659248024,1.2245198488235474,1.2245198488235474
327,9,1606.6790771484375,441.69970703125,1606.6790771484375,441.69970703125,1606.6790771484375,441.69970703125,,,,,0.0,0.0,0.0,0.02499847300350666,-0.003990587778389454,1.2714704275131226,1.2714704275131226
327,12,248.75633239746094,826.5853881835938,248.75633239746094,826.5853881835938,248.75633239746094,826.5853881835938,,,,,0.0,0.0,0.0,-0.056591592729091644,0.12515054643154144,1.4479825496673584,1.4479825496673584
327,14,1035.27587890625,394.04766845703125,1035.27587890625,394.04766845703125,1035.27587890625,394.04766845703125,,,,,0.0,0.0,0.0,-4.0049357414245605,1.3409132957458496,1.2860805988311768,1.2860805988311768
328,0,562.6182861328125,692.686279296875,562.6182861328125,692.686279296875,562.6182861328125,692.686279296875,,,,,0.0,0.0,0.0,-0.00025150045985355973,0.0009868278866633773,1.5723214149475098,1.5723214149475098
328,1,435.22015380859375,748.6922607421875,435.22015380859375,748.6922607421875,435.22015380859375,748.6922607421875,,,,,0.0,0.0,0.0,0.002169820014387369,-0.02287854254245758,1.6776278018951416,1.6776278018951416
328,2,704.5049438476562,620.2765502929688,704.5049438476562,620.2765502929688,704.5049438476562,620.2765502929688,,,,,0.0,0.0,0.0,-0.0007375520071946084,-0.00048368735588155687,1.6023582220077515,1.6023582220077515
328,5,1748.5201416015625,462.5008544921875,1748.5201416015625,462.5008544921875,1748.5201416015625,462.5008544921875,,,,,0.0,0.0,0.0,0.001867454033344984,-0.003982556983828545,1.427663803100586,1.427663803100586
328,8,1465.2899169921875,438.1409912109375,1465.2899169921875,438.1409912109375,1465.2899169921875,438.1409912109375,,,,,0.0,0.0,0.0,-0.002676101168617606,0.0003029069339390844,1.4249128103256226,1.4249128103256226
328,9,1606.7041015625,441.6957092285156,1606.7041015625,441.6957092285156,1606.7041015625,441.6957092285156,,,,,0.0,0.0,0.0,0.0242485199123621,-0.0038708702195435762,1.4904149770736694,1.4904149770736694
328,12,248.69973754882812,826.7105102539062,248.69973754882812,826.7105102539062,248.69973754882812,826.7105102539062,,,,,0.0,0.0,0.0,-0.054893847554922104,0.1213960349559784,1.7471437454223633,1.7471437454223633
328,14,1030.8123779296875,395.6822509765625,1030.8123779296875,395.6822509765625,1030.8123779296875,395.6822509765625,,,,,0.0,0.0,0.0,-4.036477565765381,1.3611103296279907,1.4117735624313354,1.4117735624313354
329,0,562.6180419921875,692.687255859375,562.6180419921875,692.687255859375,562.6180419921875,692.687255859375,,,,,0.0,0.0,0.0,-0.00024395545187871903,0.0009572230628691614,1.8584531545639038,1.8584531545639038
329,1,435.2223205566406,748.6693725585938,435.2223205566406,748.6693725585938,435.2223205566406,748.6693725585938,,,,,0.0,0.0,0.0,0.002104725455865264,-0.02219218760728836,2.0058164596557617,2.0058164596557617
329,2,704.5042114257812,620.2760620117188,704.5042114257812,620.2760620117188,704.5042114257812,620.2760620117188,,,,,0.0,0.0,0.0,-0.0007154254708439112,-0.0004691767389886081,1.900177240371704,1.900177240371704
329,5,1748.52197265625,462.4968566894531,1748.52197265625,462.4968566894531,1748.52197265625,462.4968566894531,,,,,0.0,0.0,0.0,0.0018114304402843118,-0.0038630804046988487,1.660966396331787,1.660966396331787
329,8,1465.2872314453125,438.14129638671875,1465.2872314453125,438.14129638671875,1465.2872314453125,438.14129638671875,,,,,0.0,0.0,0.0,-0.0025958181358873844,0.0002938197285402566,1.65726637840271,1.65726637840271
329,9,1606.7283935546875,441.69183349609375,1606.7283935546875,441.69183349609375,1606.7283935546875,441.69183349609375,,,,,0.0,0.0,0.0,0.023521065711975098,-0.003754744306206703,1.7459311485290527,1.7459311485290527
329,12,248.64483642578125,826.8319091796875,248.64483642578125,826.8319091796875,248.64483642578125,826.8319091796875,,,,,0.0,0.0,0.0,-0.053247034549713135,0.11775415390729904,2.105013608932495,2.105013608932495
329,14,1026.499755859375,397.2853088378906,1026.499755859375,397.2853088378906,1026.499755859375,397.2853088378906,,,,,0.0,0.0,0.0,-4.05574369430542,1.3779933452606201,1.5461146831512451,1.5461146831512451
330,0,562.6177978515625,692.688232421875,562.6177978515625,692.688232421875,562.6177978515625,692.688232421875,,,,,0.0,0.0,0.0,-0.00023663679894525558,0.0009285063715651631,2.1909291744232178,2.1909291744232178
330,1,435.22442626953125,748.6471557617188,435.22442626953125,748.6471557617188,435.22442626953125,748.6471557617188,,,,,0.0,0.0,0.0,0.0020415836479514837,-0.02152642235159874,2.390429973602295,2.390429973602295
330,2,704.5034790039062,620.2755737304688,704.5034790039062,620.2755737304688,704.5034790039062,620.2755737304688,,,,,0.0,0.0,0.0,-0.0006939627346582711,-0.0004551014571916312,2.2470874786376953,2.2470874786376953
330,5,1748.5238037109375,462.49298095703125,1748.5238037109375,462.49298095703125,1748.5238037109375,462.49298095703125,,,,,0.0,0.0,0.0,0.001757087535224855,-0.0037471880204975605,1.9287714958190918,1.9287714958190918
330,8,1465.28466796875,438.1416015625,1465.28466796875,438.1416015625,1465.28466796875,438.1416015625,,,,,0.0,0.0,0.0,-0.002517943736165762,0.00028500513872131705,1.923918604850769,1.923918604850769
330,9,1606.751953125,441.6880798339844,1606.751953125,441.6880798339844,1606.751953125,441.6880798339844,,,,,0.0,0.0,0.0,0.022815434262156487,-0.0036421020049601793,2.040809154510498,2.040809154510498
330,12,248.59158325195312,826.9496459960938,248.59158325195312,826.9496459960938,248.59158325195312,826.9496459960938,,,,,0.0,0.0,0.0,-0.05164962634444237,0.11422153562307358,2.5267677307128906,2.5267677307128906
330,14,1022.09912109375,398.91278076171875,1022.09912109375,398.91278076171875,1022.09912109375,398.91278076171875,,,,,0.0,0.0,0.0,-4.079927444458008,1.3954839706420898,1.6863484382629395,1.6863484382629395
331,0,562.7509765625,692.6200561523438,562.7509765625,692.6200561523438,562.7509765625,692.6200561523438,,,,,0.0,0.0,0.0,0.010043944232165813,-0.004393050447106361,1.1253365278244019,1.1253365278244019
331,1,434.80743408203125,745.9644775390625,434.80743408203125,745.9644775390625,434.80743408203125,745.9644775390625,,,,,0.0,0.0,0.0,-0.03211067616939545,-0.23840893805027008,1.1728507280349731,1.1728507280349731
331,2,704.3569946289062,620.1939086914062,704.3569946289062,620.1939086914062,704.3569946289062,620.1939086914062,,,,,0.0,0.0,0.0,-0.012116065248847008,-0.006817054934799671,1.1391905546188354,1.1391905546188354
331,5,1748.554931640625,459.734619140625,1748.554931640625,459.734619140625,1748.554931640625,459.734619140625,,,,,0.0,0.0,0.0,0.003838000586256385,-0.19850949943065643,1.0551408529281616,1.0551408529281616
331,8,1466.6680908203125,438.98388671875,1466.6680908203125,438.98388671875,1466.6680908203125,438.98388671875,,,,,0.0,0.0,0.0,0.09530332684516907,0.059714753180742264,1.0537489652633667,1.0537489652633667
331,9,1608.1337890625,437.4343566894531,1608.1337890625,437.4343566894531,1608.1337890625,437.4343566894531,,,,,0.0,0.0,0.0,0.12269149720668793,-0.31598928570747375,1.0863072872161865,1.0863072872161865
331,12,249.2547149658203,825.1743774414062,249.2547149658203,825.1743774414062,249.2547149658203,825.1743774414062,,,,,0.0,0.0,0.0,0.008679918944835663,-0.04525275528430939,1.202803373336792,1.202803373336792
331,14,1014.3206787109375,400.2794189453125,1014.3206787109375,400.2794189453125,1014.3206787109375,400.2794189453125,,,,,0.0,0.0,0.0,-4.338558673858643,1.3934663534164429,0.9869131445884705,0.9869131445884705
332,0,562.7610473632812,692.6156616210938,562.7610473632812,692.6156616210938,562.7610473632812,692.6156616210938,,,,,0.0,0.0,0.0,0.00974262598901987,-0.004261258989572525,1.3290953636169434,1.3290953636169434
332,1,434.77532958984375,745.72607421875,434.77532958984375,745.72607421875,434.77532958984375,745.72607421875,,,,,0.0,0.0,0.0,-0.03114735707640648,-0.23125667870044708,1.4014455080032349,1.4014455080032349
332,2,704.3448486328125,620.1870727539062,704.3448486328125,620.1870727539062,704.3448486328125,620.1870727539062,,,,,0.0,0.0,0.0,-0.011752584017813206,-0.006612543482333422,1.3499294519424438,1.3499294519424438
332,5,1748.5587158203125,459.5361022949219,1748.5587158203125,459.5361022949219,1748.5587158203125,459.5361022949219,,,,,0.0,0.0,0.0,0.003722860710695386,-0.19255422055721283,1.226507306098938,1.226507306098938
332,8,1466.763427734375,439.0436096191406,1466.763427734375,439.0436096191406,1466.763427734375,439.0436096191406,,,,,0.0,0.0,0.0,0.09244422614574432,0.05792331323027611,1.2245197296142578,1.2245197296142578
332,9,1608.2564697265625,437.1183776855469,1608.2564697265625,437.1183776855469,1608.2564697265625,437.1183776855469,,,,,0.0,0.0,0.0,0.11901075392961502,-0.3065096139907837,1.2714704275131226,1.2714704275131226
332,12,249.26339721679688,825.129150390625,249.26339721679688,825.129150390625,249.26339721679688,825.129150390625,,,,,0.0,0.0,0.0,0.00841952208429575,-0.043895173817873,1.4485788345336914,1.4485788345336914
332,14,1009.638671875,401.9098815917969,1009.638671875,401.9098815917969,1009.638671875,401.9098815917969,,,,,0.0,0.0,0.0,-4.3635478019714355,1.4107104539871216,1.1046500205993652,1.1046500205993652
333,0,562.7708129882812,692.6113891601562,562.7708129882812,692.6113891601562,562.7708129882812,692.6113891601562,,,,,0.0,0.0,0.0,0.009450347162783146,-0.004133421462029219,1.5723214149475098,1.5723214149475098
333,1,434.7441711425781,745.4948120117188,434.7441711425781,745.4948120117188,434.7441711425781,745.4948120117188,,,,,0.0,0.0,0.0,-0.03021293692290783,-0.2243189811706543,1.6776278018951416,1.6776278018951416
333,2,704.3330688476562,620.1804809570312,704.3330688476562,620.1804809570312,704.3330688476562,620.1804809570312,,,,,0.0,0.0,0.0,-0.011400006711483002,-0.006414167582988739,1.602358102798462,1.602358102798462
333,5,1748.5623779296875,459.3435363769531,1748.5623779296875,459.3435363769531,1748.5623779296875,459.3435363769531,,,,,0.0,0.0,0.0,0.003611175110563636,-0.18677760660648346,1.427663803100586,1.427663803100586
333,8,1466.8558349609375,439.1015319824219,1466.8558349609375,439.1015319824219,1466.8558349609375,439.1015319824219,,,,,0.0,0.0,0.0,0.08967090398073196,0.05618561431765556,1.424912691116333,1.424912691116333
333,9,1608.37548828125,436.8118591308594,1608.37548828125,436.8118591308594,1608.37548828125,436.8118591308594,,,,,0.0,0.0,0.0,0.11544043570756912,-0.2973143458366394,1.4904149770736694,1.4904149770736694
333,12,249.27182006835938,825.0852661132812,249.27182006835938,825.0852661132812,249.27182006835938,825.0852661132812,,,,,0.0,0.0,0.0,0.008166936226189137,-0.0425783209502697,1.7479087114334106,1.7479087114334106
333,14,1004.9085693359375,403.5533752441406,1004.9085693359375,403.5533752441406,1004.9085693359375,403.5533752441406,,,,,0.0,0.0,0.0,-4.390783786773682,1.4280067682266235,1.2352039813995361,1.2352039813995361
334,0,562.7802734375,692.6072387695312,562.7802734375,692.6072387695312,562.7802734375,692.6072387695312,,,,,0.0,0.0,0.0,0.009166836738586426,-0.004009419120848179,1.8584531545639038,1.8584531545639038
334,1,434.7139587402344,745.2705078125,434.7139587402344,745.2705078125,434.7139587402344,745.2705078125,,,,,0.0,0.0,0.0,-0.029306549578905106,-0.21758942306041718,2.0058164596557617,2.0058164596557617
334,2,704.3216552734375,620.174072265625,704.3216552734375,620.174072265625,704.3216552734375,620.174072265625,,,,,0.0,0.0,0.0,-0.011058006435632706,-0.006221742834895849,1.900177240371704,1.900177240371704
334,5,1748.5660400390625,459.1567687988281,1748.5660400390625,459.1567687988281,1748.5660400390625,459.1567687988281,,,,,0.0,0.0,0.0,0.003502839943394065,-0.18117427825927734,1.660966396331787,1.660966396331787
334,8,1466.945556640625,439.15771484375,1466.945556640625,439.15771484375,1466.945556640625,439.15771484375,,,,,0.0,0.0,0.0,0.08698078244924545,0.054500047117471695,1.6572661399841309,1.6572661399841309
334,9,1608.490966796875,436.5145568847656,1608.490966796875,436.5145568847656,1608.490966796875,436.5145568847656,,,,,0.0,0.0,0.0,0.1119772270321846,-0.2883949279785156,1.7459310293197632,1.7459310293197632
334,12,249.2799835205078,825.0426635742188,249.2799835205078,825.0426635742188,249.2799835205078,825.0426635742188,,,,,0.0,0.0,0.0,0.00792192853987217,-0.04130097106099129,2.105968713760376,2.105968713760376
334,14,1000.0868530273438,405.2503967285156,1000.0868530273438,405.2503967285156,1000.0868530273438,405.2503967285156,,,,,0.0,0.0,0.0,-4.42302942276001,1.44813871383667,1.376254916191101,1.376254916191101
335,0,562.7894287109375,692.6032104492188,562.7894287109375,692.6032104492188,562.7894287109375,692.6032104492188,,,,,0.0,0.0,0.0,0.008891832083463669,-0.003889136714860797,2.1909291744232178,2.1909291744232178
335,1,434.6846618652344,745.0529174804688,434.6846618652344,745.0529174804688,434.6846618652344,745.0529174804688,,,,,0.0,0.0,0.0,-0.028427353128790855,-0.2110617458820343,2.390429973602295,2.390429973602295
335,2,704.3106079101562,620.1678466796875,704.3106079101562,620.1678466796875,704.3106079101562,620.1678466796875,,,,,0.0,0.0,0.0,-0.010726266540586948,-0.0060350908897817135,2.2470874786376953,2.2470874786376953
335,5,1748.569580078125,458.9755859375,1748.569580078125,458.9755859375,1748.569580078125,458.9755859375,,,,,0.0,0.0,0.0,0.0033977548591792583,-0.17573904991149902,1.9287714958190918,1.9287714958190918
335,8,1467.0325927734375,439.21221923828125,1467.0325927734375,439.21221923828125,1467.0325927734375,439.21221923828125,,,,,0.0,0.0,0.0,0.08437135815620422,0.05286504700779915,1.92391836643219,1.92391836643219
335,9,1608.6029052734375,436.2261657714844,1608.6029052734375,436.2261657714844,1608.6029052734375,436.2261657714844,,,,,0.0,0.0,0.0,0.10861791670322418,-0.2797430753707886,2.040809154510498,2.040809154510498
335,12,249.28790283203125,825.0013427734375,249.28790283203125,825.0013427734375,249.28790283203125,825.0013427734375,,,,,0.0,0.0,0.0,0.007684270851314068,-0.04006194323301315,2.5279343128204346,2.5279343128204346
335,14,995.424072265625,406.9075622558594,995.424072265625,406.9075622558594,995.424072265625,406.9075622558594,,,,,0.0,0.0,0.0,-4.440925121307373,1.463739275932312,1.524997353553772,1.524997353553772
336,0,562.751220703125,692.8521728515625,562.751220703125,692.8521728515625,562.751220703125,692.8521728515625,,,,,0.0,0.0,0.0,0.005261212587356567,0.015595012344419956,1.1253365278244019,1.1253365278244019
336,1,434.64178466796875,746.0565185546875,434.64178466796875,746.0565185546875,434.64178466796875,746.0565185546875,,,,,0.0,0.0,0.0,-0.029602956026792526,-0.11206614226102829,1.1728507280349731,1.1728507280349731
336,2,704.2509765625,620.1956787109375,704.2509765625,620.1956787109375,704.2509765625,620.1956787109375,,,,,0.0,0.0,0.0,-0.01455814577639103,-0.0033824609126895666,1.1391905546188354,1.1391905546188354
336,5,1748.594482421875,457.642578125,1748.594482421875,457.642578125,1748.594482421875,457.642578125,,,,,0.0,0.0,0.0,0.004918597172945738,-0.25756287574768066,1.0551408529281616,1.0551408529281616
336,8,1467.47998046875,439.4920654296875,1467.47998046875,439.4920654296875,1467.47998046875,439.4920654296875,,,,,0.0,0.0,0.0,0.10999219119548798,0.06888601183891296,1.0537489652633667,1.0537489652633667
336,9,1609.01904296875,435.20465087890625,1609.01904296875,435.20465087890625,1609.01904296875,435.20465087890625,,,,,0.0,0.0,0.0,0.13121269643306732,-0.3342553675174713,1.0863072872161865,1.0863072872161865
336,12,249.71861267089844,824.3339233398438,249.71861267089844,824.3339233398438,249.71861267089844,824.3339233398438,,,,,0.0,0.0,0.0,0.04338905215263367,-0.093013696372509,1.203025460243225,1.203025460243225
336,14,989.1529541015625,408.93011474609375,989.1529541015625,408.93011474609375,989.1529541015625,408.93011474609375,,,,,0.0,0.0,0.0,-4.5762200355529785,1.5050485134124756,0.9411665797233582,0.9411665797233582
337,0,562.7564697265625,692.8677978515625,562.7564697265625,692.8677978515625,562.7564697265625,692.8677978515625,,,,,0.0,0.0,0.0,0.005103376228362322,0.01512716244906187,1.3290953636169434,1.3290953636169434
337,1,434.6121826171875,745.9444580078125,434.6121826171875,745.9444580078125,434.6121826171875,745.9444580078125,,,,,0.0,0.0,0.0,-0.028714867308735847,-0.10870416462421417,1.4014455080032349,1.4014455080032349
337,2,704.2363891601562,620.1923217773438,704.2363891601562,620.1923217773438,704.2363891601562,620.1923217773438,,,,,0.0,0.0,0.0,-0.0141214020550251,-0.0032809872645884752,1.3499294519424438,1.3499294519424438
337,5,1748.599365234375,457.385009765625,1748.599365234375,457.385009765625,1748.599365234375,457.385009765625,,,,,0.0,0.0,0.0,0.004771039355546236,-0.2498359978199005,1.226507306098938,1.226507306098938
337,8,1467.5899658203125,439.5609436035156,1467.5899658203125,439.5609436035156,1467.5899658203125,439.5609436035156,,,,,0.0,0.0,0.0,0.10669242590665817,0.0668194368481636,1.2245198488235474,1.2245198488235474
337,9,1609.1502685546875,434.8703918457031,1609.1502685546875,434.8703918457031,1609.1502685546875,434.8703918457031,,,,,0.0,0.0,0.0,0.12727631628513336,-0.3242277204990387,1.2714704275131226,1.2714704275131226
337,12,249.7620086669922,824.2409057617188,249.7620086669922,824.2409057617188,249.7620086669922,824.2409057617188,,,,,0.0,0.0,0.0,0.042087383568286896,-0.0902232900261879,1.4488431215286255,1.4488431215286255
337,14,984.2181396484375,410.6900634765625,984.2181396484375,410.6900634765625,984.2181396484375,410.6900634765625,,,,,0.0,0.0,0.0,-4.603462219238281,1.5244160890579224,1.0629265308380127,1.0629265308380127
338,0,562.7615966796875,692.8829345703125,562.7615966796875,692.8829345703125,562.7615966796875,692.8829345703125,,,,,0.0,0.0,0.0,0.004950275178998709,0.01467334758490324,1.5723214149475098,1.5723214149475098
338,1,434.5834655761719,745.8357543945312,434.5834655761719,745.8357543945312,434.5834655761719,745.8357543945312,,,,,0.0,0.0,0.0,-0.02785342186689377,-0.10544304549694061,1.6776278018951416,1.6776278018951416
338,2,704.2222900390625,620.1890258789062,704.2222900390625,620.1890258789062,704.2222900390625,620.1890258789062,,,,,0.0,0.0,0.0,-0.013697760179638863,-0.0031825576443225145,1.602358102798462,1.602358102798462
338,5,1748.6041259765625,457.1351623535156,1748.6041259765625,457.1351623535156,1748.6041259765625,457.1351623535156,,,,,0.0,0.0,0.0,0.004627908114343882,-0.24234092235565186,1.427663803100586,1.427663803100586
338,8,1467.6966552734375,439.6277770996094,1467.6966552734375,439.6277770996094,1467.6966552734375,439.6277770996094,,,,,0.0,0.0,0.0,0.1034916564822197,0.06481485813856125,1.4249128103256226,1.4249128103256226
338,9,1609.277587890625,434.5461730957031,1609.277587890625,434.5461730957031,1609.277587890625,434.5461730957031,,,,,0.0,0.0,0.0,0.12345802783966064,-0.3145008981227875,1.4904149770736694,1.4904149770736694
338,12,249.80409240722656,824.1506958007812,249.80409240722656,824.1506958007812,249.80409240722656,824.1506958007812,,,,,0.0,0.0,0.0,0.0408247634768486,-0.08751659095287323,1.7482191324234009,1.7482191324234009
338,14,979.4207153320312,412.4273681640625,979.4207153320312,412.4273681640625,979.4207153320312,412.4273681640625,,,,,0.0,0.0,0.0,-4.618363380432129,1.5407716035842896,1.1972322463989258,1.1972322463989258
339,0,562.7665405273438,692.8975830078125,562.7665405273438,692.8975830078125,562.7665405273438,692.8975830078125,,,,,0.0,0.0,0.0,0.004801766946911812,0.014233147725462914,1.8584531545639038,1.8584531545639038
339,1,434.55560302734375,745.7302856445312,434.55560302734375,745.7302856445312,434.55560302734375,745.7302856445312,,,,,0.0,0.0,0.0,-0.02701782062649727,-0.10227975994348526,2.0058164596557617,2.0058164596557617
339,2,704.2086181640625,620.1858520507812,704.2086181640625,620.1858520507812,704.2086181640625,620.1858520507812,,,,,0.0,0.0,0.0,-0.013286828063428402,-0.003087081015110016,1.900177240371704,1.900177240371704
339,5,1748.6087646484375,456.892822265625,1748.6087646484375,456.892822265625,1748.6087646484375,456.892822265625,,,,,0.0,0.0,0.0,0.004489071201533079,-0.23507070541381836,1.660966396331787,1.660966396331787
339,8,1467.8001708984375,439.6925964355469,1467.8001708984375,439.6925964355469,1467.8001708984375,439.6925964355469,,,,,0.0,0.0,0.0,0.10038691014051437,0.06287041306495667,1.65726637840271,1.65726637840271
339,9,1609.4010009765625,434.2316589355469,1609.4010009765625,434.2316589355469,1609.4010009765625,434.2316589355469,,,,,0.0,0.0,0.0,0.11975429207086563,-0.3050658702850342,1.7459311485290527,1.7459311485290527
339,12,249.84490966796875,824.0631713867188,249.84490966796875,824.0631713867188,249.84490966796875,824.0631713867188,,,,,0.0,0.0,0.0,0.03960002213716507,-0.08489109575748444,2.1063289642333984,2.1063289642333984
339,14,974.34619140625,414.2682189941406,974.34619140625,414.2682189941406,974.34619140625,414.2682189941406,,,,,0.0,0.0,0.0,-4.653393745422363,1.563815951347351,1.3417664766311646,1.3417664766311646
340,0,562.7713623046875,692.9118041992188,562.7713623046875,692.9118041992188,562.7713623046875,692.9118041992188,,,,,0.0,0.0,0.0,0.004657714162021875,0.013806154020130634,2.1909291744232178,2.1909291744232178
340,1,434.5285949707031,745.6279907226562,434.5285949707031,745.6279907226562,434.5285949707031,745.6279907226562,,,,,0.0,0.0,0.0,-0.02620728686451912,-0.09921137243509293,2.390429973602295,2.390429973602295
340,2,704.1953125,620.1827392578125,704.1953125,620.1827392578125,704.1953125,620.1827392578125,,,,,0.0,0.0,0.0,-0.012888223864138126,-0.002994468668475747,2.2470874786376953,2.2470874786376953
340,5,1748.61328125,456.6577453613281,1748.61328125,456.6577453613281,1748.61328125,456.6577453613281,,,,,0.0,0.0,0.0,0.004354399163275957,-0.2280185967683792,1.9287714958190918,1.9287714958190918
340,8,1467.9005126953125,439.7554626464844,1467.9005126953125,439.7554626464844,1467.9005126953125,439.7554626464844,,,,,0.0,0.0,0.0,0.0973753035068512,0.060984302312135696,1.923918604850769,1.923918604850769
340,9,1609.520751953125,433.9266052246094,1609.520751953125,433.9266052246094,1609.520751953125,433.9266052246094,,,,,0.0,0.0,0.0,0.11616166681051254,-0.2959139049053192,2.040809154510498,2.040809154510498
340,12,249.88450622558594,823.978271484375,249.88450622558594,823.978271484375,249.88450622558594,823.978271484375,,,,,0.0,0.0,0.0,0.03841202333569527,-0.08234436810016632,2.528348207473755,2.528348207473755
340,14,969.1754150390625,416.15283203125,969.1754150390625,416.15283203125,969.1754150390625,416.15283203125,,,,,0.0,0.0,0.0,-4.692785263061523,1.5882399082183838,1.4937206506729126,1.4937206506729126
341,0,563.1017456054688,691.1541137695312,563.1017456054688,691.1541137695312,563.1017456054688,691.1541137695312,,,,,0.0,0.0,0.0,0.029757151380181313,-0.12269403040409088,1.1253365278244019,1.1253365278244019
341,1,434.7713623046875,746.7106323242188,434.7713623046875,746.7106323242188,434.7713623046875,746.7106323242188,,,,,0.0,0.0,0.0,-0.004285081289708614,-0.002893689787015319,1.1728507280349731,1.1728507280349731
341,2,704.2596435546875,619.966064453125,704.2596435546875,619.966064453125,704.2596435546875,619.966064453125,,,,,0.0,0.0,0.0,-0.006839465815573931,-0.019732724875211716,1.1391905546188354,1.1391905546188354
341,5,1748.500244140625,456.6866455078125,1748.500244140625,456.6866455078125,1748.500244140625,456.6866455078125,,,,,0.0,0.0,0.0,-0.0039464859291911125,-0.20985159277915955,1.0551408529281616,1.0551408529281616
341,8,1467.886474609375,439.7423400878906,1467.886474609375,439.7423400878906,1467.886474609375,439.7423400878906,,,,,0.0,0.0,0.0,0.08950838446617126,0.0557536855340004,1.0537489652633667,1.0537489652633667
341,9,1609.4017333984375,434.23248291015625,1609.4017333984375,434.23248291015625,1609.4017333984375,434.23248291015625,,,,,0.0,0.0,0.0,0.09887814521789551,-0.251686692237854,1.0863072872161865,1.0863072872161865
341,12,249.91012573242188,823.9606323242188,249.91012573242188,823.9606323242188,249.91012573242188,823.9606323242188,,,,,0.0,0.0,0.0,0.03733285143971443,-0.07688421756029129,1.203100323677063,1.203100323677063
341,14,959.0484008789062,419.1986999511719,959.0484008789062,419.1986999511719,959.0484008789062,419.1986999511719,,,,,0.0,0.0,0.0,-5.100599765777588,1.6976300477981567,0.9321865439414978,0.9321865439414978
342,0,563.1315307617188,691.0314331054688,563.1315307617188,691.0314331054688,563.1315307617188,691.0314331054688,,,,,0.0,0.0,0.0,0.028864437714219093,-0.119013212621212,1.3290953636169434,1.3290953636169434
342,1,434.76708984375,746.707763671875,434.76708984375,746.707763671875,434.76708984375,746.707763671875,,,,,0.0,0.0,0.0,-0.004156528972089291,-0.0028068791143596172,1.4014455080032349,1.4014455080032349
342,2,704.2528076171875,619.9463500976562,704.2528076171875,619.9463500976562,704.2528076171875,619.9463500976562,,,,,0.0,0.0,0.0,-0.006634281948208809,-0.01914074458181858,1.3499294519424438,1.3499294519424438
342,5,1748.496337890625,456.476806640625,1748.496337890625,456.476806640625,1748.496337890625,456.476806640625,,,,,0.0,0.0,0.0,-0.00382809154689312,-0.20355604588985443,1.226507306098938,1.226507306098938
342,8,1467.9759521484375,439.798095703125,1467.9759521484375,439.798095703125,1467.9759521484375,439.798095703125,,,,,0.0,0.0,0.0,0.08682313561439514,0.05408107489347458,1.2245198488235474,1.2245198488235474
342,9,1609.5006103515625,433.9808044433594,1609.5006103515625,433.9808044433594,1609.5006103515625,433.9808044433594,,,,,0.0,0.0,0.0,0.09591180086135864,-0.24413609504699707,1.2714704275131226,1.2714704275131226
342,12,249.9474639892578,823.8837280273438,249.9474639892578,823.8837280273438,249.9474639892578,823.8837280273438,,,,,0.0,0.0,0.0,0.03621286526322365,-0.074577696621418,1.4489226341247559,1.4489226341247559
342,14,953.9829711914062,420.98406982421875,953.9829711914062,420.98406982421875,953.9829711914062,420.98406982421875,,,,,0.0,0.0,0.0,-5.097905158996582,1.704354166984558,1.0550014972686768,1.0550014972686768
343,0,563.160400390625,690.9124145507812,563.160400390625,690.9124145507812,563.160400390625,690.9124145507812,,,,,0.0,0.0,0.0,0.027998505160212517,-0.11544281989336014,1.5723214149475098,1.5723214149475098
343,1,434.762939453125,746.7049560546875,434.762939453125,746.7049560546875,434.762939453125,746.7049560546875,,,,,0.0,0.0,0.0,-0.00403183326125145,-0.0027226728852838278,1.6776278018951416,1.6776278018951416
343,2,704.2461547851562,619.9271850585938,704.2461547851562,619.9271850585938,704.2461547851562,619.9271850585938,,,,,0.0,0.0,0.0,-0.006435253657400608,-0.018566522747278214,1.6023582220077515,1.6023582220077515
343,5,1748.4925537109375,456.27325439453125,1748.4925537109375,456.27325439453125,1748.4925537109375,456.27325439453125,,,,,0.0,0.0,0.0,-0.003713248996064067,-0.19744937121868134,1.427663803100586,1.427663803100586
343,8,1468.062744140625,439.8521728515625,1468.062744140625,439.8521728515625,1468.062744140625,439.8521728515625,,,,,0.0,0.0,0.0,0.08421844244003296,0.05245864391326904,1.4249128103256226,1.4249128103256226
343,9,1609.5965576171875,433.7366638183594,1609.5965576171875,433.7366638183594,1609.5965576171875,433.7366638183594,,,,,0.0,0.0,0.0,0.09303444623947144,-0.236812025308609,1.4904149770736694,1.4904149770736694
343,12,249.98367309570312,823.8091430664062,249.98367309570312,823.8091430664062,249.98367309570312,823.8091430664062,,,,,0.0,0.0,0.0,0.03512648120522499,-0.07234036922454834,1.7483034133911133,1.7483034133911133
343,14,948.71240234375,422.8550720214844,948.71240234375,422.8550720214844,948.71240234375,422.8550720214844,,,,,0.0,0.0,0.0,-5.111228942871094,1.717215657234192,1.1898369789123535,1.1898369789123535
344,0,563.1884155273438,690.7969970703125,563.1884155273438,690.7969970703125,563.1884155273438,690.7969970703125,,,,,0.0,0.0,0.0,0.027158550918102264,-0.11197953671216965,1.8584531545639038,1.8584531545639038
344,1,434.7589111328125,746.7022094726562,434.7589111328125,746.7022094726562,434.7589111328125,746.7022094726562,,,,,0.0,0.0,0.0,-0.003910878207534552,-0.002640992868691683,2.0058164596557617,2.0058164596557617
344,2,704.23974609375,619.9086303710938,704.23974609375,619.9086303710938,704.23974609375,619.9086303710938,,,,,0.0,0.0,0.0,-0.006242196075618267,-0.018009528517723083,1.9001773595809937,1.9001773595809937
344,5,1748.4888916015625,456.0758056640625,1748.4888916015625,456.0758056640625,1748.4888916015625,456.0758056640625,,,,,0.0,0.0,0.0,-0.0036018516402691603,-0.1915258914232254,1.660966396331787,1.660966396331787
344,8,1468.14697265625,439.9046325683594,1468.14697265625,439.9046325683594,1468.14697265625,439.9046325683594,,,,,0.0,0.0,0.0,0.08169189095497131,0.05088488757610321,1.65726637840271,1.65726637840271
344,9,1609.6895751953125,433.4998474121094,1609.6895751953125,433.4998474121094,1609.6895751953125,433.4998474121094,,,,,0.0,0.0,0.0,0.09024341404438019,-0.22970767319202423,1.7459311485290527,1.7459311485290527
344,12,250.018798828125,823.73681640625,250.018798828125,823.73681640625,250.018798828125,823.73681640625,,,,,0.0,0.0,0.0,0.03407268598675728,-0.07017015665769577,2.1064181327819824,2.1064181327819824
344,14,943.2966918945312,424.9198913574219,943.2966918945312,424.9198913574219,943.2966918945312,424.9198913574219,,,,,0.0,0.0,0.0,-5.134646892547607,1.7439466714859009,1.3344403505325317,1.3344403505325317
345,0,563.215576171875,690.6849975585938,563.215576171875,690.6849975585938,563.215576171875,690.6849975585938,,,,,0.0,0.0,0.0,0.02634379453957081,-0.10862015187740326,2.1909291744232178,2.1909291744232178
345,1,434.7550048828125,746.6995849609375,434.7550048828125,746.6995849609375,434.7550048828125,746.6995849609375,,,,,0.0,0.0,0.0,-0.003793552052229643,-0.002561763161793351,2.390429973602295,2.390429973602295
345,2,704.2335205078125,619.890625,704.2335205078125,619.890625,704.2335205078125,619.890625,,,,,0.0,0.0,0.0,-0.00605493038892746,-0.017469244077801704,2.2470877170562744,2.2470877170562744
345,5,1748.4852294921875,455.88427734375,1748.4852294921875,455.88427734375,1748.4852294921875,455.88427734375,,,,,0.0,0.0,0.0,-0.0034937961027026176,-0.1857801228761673,1.9287714958190918,1.9287714958190918
345,8,1468.2286376953125,439.95550537109375,1468.2286376953125,439.95550537109375,1468.2286376953125,439.95550537109375,,,,,0.0,0.0,0.0,0.07924113422632217,0.049358341842889786,1.923918604850769,1.923918604850769
345,9,1609.77978515625,433.2701416015625,1609.77978515625,433.2701416015625,1609.77978515625,433.2701416015625,,,,,0.0,0.0,0.0,0.08753611147403717,-0.22281645238399506,2.040809154510498,2.040809154510498
345,12,250.05287170410156,823.6666259765625,250.05287170410156,823.6666259765625,250.05287170410156,823.6666259765625,,,,,0.0,0.0,0.0,0.03305050730705261,-0.06806505471467972,2.5284423828125,2.5284423828125
345,14,937.8074340820312,427.01617431640625,937.8074340820312,427.01617431640625,937.8074340820312,427.01617431640625,,,,,0.0,0.0,0.0,-5.1616291999816895,1.7707546949386597,1.4860830307006836,1.4860830307006836
346,0,562.8777465820312,691.62890625,562.8777465820312,691.62890625,562.8777465820312,691.62890625,,,,,0.0,0.0,0.0,-0.0017167666228488088,-0.02751602791249752,1.1253365278244019,1.1253365278244019
346,1,434.81494140625,747.6373901367188,434.81494140625,747.6373901367188,434.81494140625,747.6373901367188,,,,,0.0,0.0,0.0,0.001398933120071888,0.07407698780298233,1.1728507280349731,1.1728507280349731
346,2,704.3695068359375,619.513671875,704.3695068359375,619.513671875,704.3695068359375,619.513671875,,,,,0.0,0.0,0.0,0.005073043052107096,-0.045629605650901794,1.139190673828125,1.139190673828125
346,5,1748.3502197265625,456.6715393066406,1748.3502197265625,456.6715393066406,1748.3502197265625,456.6715393066406,,,,,0.0,0.0,0.0,-0.012791880406439304,-0.11698021739721298,1.0551408529281616,1.0551408529281616
346,8,1468.0062255859375,439.84222412109375,1468.0062255859375,439.84222412109375,1468.0062255859375,439.84222412109375,,,,,0.0,0.0,0.0,0.05795096978545189,0.03787912800908089,1.0537489652633667,1.0537489652633667
346,9,1609.43798828125,434.1513671875,1609.43798828125,434.1513671875,1609.43798828125,434.1513671875,,,,,0.0,0.0,0.0,0.05598527565598488,-0.14167964458465576,1.0863072872161865,1.0863072872161865
346,12,249.8391876220703,823.831298828125,249.8391876220703,823.831298828125,249.8391876220703,823.831298828125,,,,,0.0,0.0,0.0,0.012225722894072533,-0.04842169210314751,1.2031161785125732,1.2031161785125732
346,14,929.692626953125,429.07763671875,929.692626953125,429.07763671875,929.692626953125,429.07763671875,,,,,0.0,0.0,0.0,-5.382835388183594,1.7925293445587158,0.9295512437820435,0.9295512437820435
347,0,562.8760375976562,691.6013793945312,562.8760375976562,691.6013793945312,562.8760375976562,691.6013793945312,,,,,0.0,0.0,0.0,-0.00166526366956532,-0.026690548285841942,1.3290953636169434,1.3290953636169434
347,1,434.81634521484375,747.7114868164062,434.81634521484375,747.7114868164062,434.81634521484375,747.7114868164062,,,,,0.0,0.0,0.0,0.0013569651637226343,0.07185468077659607,1.4014455080032349,1.4014455080032349
347,2,704.3745727539062,619.468017578125,704.3745727539062,619.468017578125,704.3745727539062,619.468017578125,,,,,0.0,0.0,0.0,0.004920851904898882,-0.044260717928409576,1.3499295711517334,1.3499295711517334
347,5,1748.33740234375,456.5545654296875,1748.33740234375,456.5545654296875,1748.33740234375,456.5545654296875,,,,,0.0,0.0,0.0,-0.012408124282956123,-0.11347081512212753,1.226507306098938,1.226507306098938
347,8,1468.064208984375,439.8800964355469,1468.064208984375,439.8800964355469,1468.064208984375,439.8800964355469,,,,,0.0,0.0,0.0,0.056212443858385086,0.03674275428056717,1.2245197296142578,1.2245197296142578
347,9,1609.4940185546875,434.0096740722656,1609.4940185546875,434.0096740722656,1609.4940185546875,434.0096740722656,,,,,0.0,0.0,0.0,0.05430571734905243,-0.13742925226688385,1.2714704275131226,1.2714704275131226
347,12,249.85140991210938,823.7828979492188,249.85140991210938,823.7828979492188,249.85140991210938,823.7828979492188,,,,,0.0,0.0,0.0,0.011858951300382614,-0.04696904122829437,1.4489368200302124,1.4489368200302124
347,14,924.1466674804688,431.1145324707031,924.1466674804688,431.1145324707031,924.1466674804688,431.1145324707031,,,,,0.0,0.0,0.0,-5.395294666290283,1.8111910820007324,1.0517158508300781,1.0517158508300781
348,0,562.8743896484375,691.57470703125,562.8743896484375,691.57470703125,562.8743896484375,691.57470703125,,,,,0.0,0.0,0.0,-0.0016153057804331183,-0.02588983252644539,1.5723214149475098,1.5723214149475098
348,1,434.81768798828125,747.7833251953125,434.81768798828125,747.7833251953125,434.81768798828125,747.7833251953125,,,,,0.0,0.0,0.0,0.001316256239078939,0.06969904154539108,1.6776278018951416,1.6776278018951416
348,2,704.3795166015625,619.4237670898438,704.3795166015625,619.4237670898438,704.3795166015625,619.4237670898438,,,,,0.0,0.0,0.0,0.0047732265666127205,-0.0429328978061676,1.602358341217041,1.602358341217041
348,5,1748.324951171875,456.44110107421875,1748.324951171875,456.44110107421875,1748.324951171875,456.44110107421875,,,,,0.0,0.0,0.0,-0.012035881169140339,-0.11006669700145721,1.427663803100586,1.427663803100586
348,8,1468.120361328125,439.9168395996094,1468.120361328125,439.9168395996094,1468.120361328125,439.9168395996094,,,,,0.0,0.0,0.0,0.05452607199549675,0.035640474408864975,1.424912691116333,1.424912691116333
348,9,1609.54833984375,433.87225341796875,1609.54833984375,433.87225341796875,1609.54833984375,433.87225341796875,,,,,0.0,0.0,0.0,0.052676547318696976,-0.1333063840866089,1.4904149770736694,1.4904149770736694
348,12,249.86326599121094,823.7359008789062,249.86326599121094,823.7359008789062,249.86326599121094,823.7359008789062,,,,,0.0,0.0,0.0,0.011503183282911777,-0.045559972524642944,1.7483160495758057,1.7483160495758057
348,14,918.5582275390625,433.2080993652344,918.5582275390625,433.2080993652344,918.5582275390625,433.2080993652344,,,,,0.0,0.0,0.0,-5.410131454467773,1.8328869342803955,1.1856029033660889,1.1856029033660889
2,0,218.8533935546875,422.41082763671875,218.8533935546875,422.41082763671875,218.8533935546875,422.41082763671875,,,,,0.0,0.0,0.0,0.0,0.0,1.0,1.0
2,1,1778.67822265625,430.4488525390625,1778.67822265625,430.4488525390625,1778.67822265625,430.4488525390625,,,,,0.0,0.0,0.0,0.0,0.0,1.0,1.0
2,2,1883.34375,443.230224609375,1883.34375,443.230224609375,1883.34375,443.230224609375,,,,,0.0,0.0,0.0,0.0,0.0,1.0,1.0
3,0,218.8533935546875,422.41082763671875,218.8533935546875,422.41082763671875,218.8533935546875,422.41082763671875,,,,,0.0,0.0,0.0,0.0,0.0,2.008622407913208,2.008622407913208
3,1,1778.67822265625,430.4488525390625,1778.67822265625,430.4488525390625,1778.67822265625,430.4488525390625,,,,,0.0,0.0,0.0,0.0,0.0,2.008119821548462,2.008119821548462
3,2,1883.34375,443.230224609375,1883.34375,443.230224609375,1883.34375,443.230224609375,,,,,0.0,0.0,0.0,0.0,0.0,2.0081987380981445,2.0081987380981445
4,0,218.8533935546875,422.41082763671875,218.8533935546875,422.41082763671875,218.8533935546875,422.41082763671875,,,,,0.0,0.0,0.0,0.0,0.0,5.018537998199463,5.018537998199463
4,1,1778.67822265625,430.4488525390625,1778.67822265625,430.4488525390625,1778.67822265625,430.4488525390625,,,,,0.0,0.0,0.0,0.0,0.0,5.017457485198975,5.017457485198975
4,2,1883.34375,443.230224609375,1883.34375,443.230224609375,1883.34375,443.230224609375,,,,,0.0,0.0,0.0,0.0,0.0,5.017627239227295,5.017627239227295
5,0,218.8533935546875,422.41082763671875,218.8533935546875,422.41082763671875,218.8533935546875,422.41082763671875,,,,,0.0,0.0,0.0,0.0,0.0,10.032333374023438,10.032333374023438
5,1,1778.67822265625,430.4488525390625,1778.67822265625,430.4488525390625,1778.67822265625,430.4488525390625,,,,,0.0,0.0,0.0,0.0,0.0,10.030448913574219,10.030448913574219
5,2,1883.34375,443.230224609375,1883.34375,443.230224609375,1883.34375,443.230224609375,,,,,0.0,0.0,0.0,0.0,0.0,10.030745506286621,10.030745506286621
6,0,222.95477294921875,424.073486328125,222.95477294921875,424.073486328125,222.95477294921875,424.073486328125,,,,,0.0,0.0,0.0,0.9639216065406799,0.3907645344734192,1.790055274963379,1.790055274963379
6,1,1778.6292724609375,430.44873046875,1778.6292724609375,430.44873046875,1778.6292724609375,430.44873046875,,,,,0.0,0.0,0.0,-0.011504201218485832,-2.5679020836832933e-05,1.7900210618972778,1.7900210618972778
6,2,1883.2412109375,443.2301330566406,1883.2412109375,443.2301330566406,1883.2412109375,443.2301330566406,,,,,0.0,0.0,0.0,-0.024086739867925644,-1.9259119653725065e-05,1.790026068687439,1.790026068687439
7,0,223.67953491210938,424.34014892578125,223.67953491210938,424.34014892578125,223.67953491210938,424.34014892578125,,,,,0.0,0.0,0.0,0.9141760468482971,0.3649483621120453,2.5628316402435303,2.5628316402435303
7,1,1778.6177978515625,430.4486999511719,1778.6177978515625,430.4486999511719,1778.6177978515625,430.4486999511719,,,,,0.0,0.0,0.0,-0.011159075424075127,-2.490865153959021e-05,2.8014755249023438,2.8014755249023438
7,2,1883.2171630859375,443.2301025390625,1883.2171630859375,443.2301025390625,1883.2171630859375,443.2301025390625,,,,,0.0,0.0,0.0,-0.02336413785815239,-1.868134677351918e-05,2.801591634750366,2.801591634750366
8,0,224.31387329101562,424.6722717285156,224.31387329101562,424.6722717285156,224.31387329101562,424.6722717285156,,,,,0.0,0.0,0.0,0.8635244369506836,0.3590046167373657,3.365385055541992,3.365385055541992
8,1,1778.606689453125,430.44866943359375,1778.606689453125,430.44866943359375,1778.606689453125,430.44866943359375,,,,,0.0,0.0,0.0,-0.010824303142726421,-2.4161392502719536e-05,4.1379170417785645,4.1379170417785645
8,2,1883.19384765625,443.2300720214844,1883.19384765625,443.2300720214844,1883.19384765625,443.2300720214844,,,,,0.0,0.0,0.0,-0.022663215175271034,-1.8120907043339685e-05,4.138233184814453,4.138233184814453
9,0,224.75794982910156,424.94696044921875,224.75794982910156,424.94696044921875,224.75794982910156,424.94696044921875,,,,,0.0,0.0,0.0,0.7970919013023376,0.34564802050590515,4.0878424644470215,4.0878424644470215
9,1,1778.5958251953125,430.4486389160156,1778.5958251953125,430.4486389160156,1778.5958251953125,430.4486389160156,,,,,0.0,0.0,0.0,-0.01049957424402237,-2.3436550691258162e-05,5.801780700683594,5.801780700683594
9,2,1883.171142578125,443.23004150390625,1883.171142578125,443.23004150390625,1883.171142578125,443.23004150390625,,,,,0.0,0.0,0.0,-0.021983319893479347,-1.7577280232217163e-05,5.80241060256958,5.80241060256958
10,0,225.6688232421875,425.5045471191406,225.6688232421875,425.5045471191406,225.6688232421875,425.5045471191406,,,,,0.0,0.0,0.0,0.8130342364311218,0.37534621357917786,4.659943103790283,4.659943103790283
10,1,1778.5853271484375,430.4486083984375,1778.5853271484375,430.4486083984375,1778.5853271484375,430.4486083984375,,,,,0.0,0.0,0.0,-0.010184586979448795,-2.273345489811618e-05,7.79550313949585,7.79550313949585
10,2,1883.149169921875,443.2300109863281,1883.149169921875,443.2300109863281,1883.149169921875,443.2300109863281,,,,,0.0,0.0,0.0,-0.02132382057607174,-1.7049962480086833e-05,7.79658317565918,7.79658317565918
11,0,230.60491943359375,427.02423095703125,230.60491943359375,427.02423095703125,230.60491943359375,427.02423095703125,,,,,0.0,0.0,0.0,1.330031156539917,0.5188379883766174,1.5052210092544556,1.5052210092544556
11,1,1778.8006591796875,430.50274658203125,1778.8006591796875,430.50274658203125,1778.8006591796875,430.50274658203125,,,,,0.0,0.0,0.0,0.017489541321992874,0.006626814138144255,1.6700081825256348,1.6700081825256348
11,2,1883.4573974609375,443.3544006347656,1883.4573974609375,443.3544006347656,1883.4573974609375,443.3544006347656,,,,,0.0,0.0,0.0,0.019128352403640747,0.015257305465638638,1.670054316520691,1.670054316520691
12,0,231.87498474121094,427.6966552734375,231.87498474121094,427.6966552734375,231.87498474121094,427.6966552734375,,,,,0.0,0.0,0.0,1.3229483366012573,0.5369813442230225,1.8139057159423828,1.8139057159423828
12,1,1778.818115234375,430.5093688964844,1778.818115234375,430.5093688964844,1778.818115234375,430.5093688964844,,,,,0.0,0.0,0.0,0.016964854672551155,0.006428009830415249,2.1287343502044678,2.1287343502044678
12,2,1883.4765625,443.3696594238281,1883.4765625,443.3696594238281,1883.4765625,443.3696594238281,,,,,0.0,0.0,0.0,0.018554503098130226,0.014799586497247219,2.1289565563201904,2.1289565563201904
13,0,233.1328582763672,428.434326171875,233.1328582763672,428.434326171875,233.1328582763672,428.434326171875,,,,,0.0,0.0,0.0,1.315751075744629,0.5591739416122437,2.1276228427886963,2.1276228427886963
13,1,1778.8350830078125,430.51580810546875,1778.8350830078125,430.51580810546875,1778.8350830078125,430.51580810546875,,,,,0.0,0.0,0.0,0.016455909237265587,0.006235169712454081,2.6699764728546143,2.6699764728546143
13,2,1883.4951171875,443.38446044921875,1883.4951171875,443.38446044921875,1883.4951171875,443.38446044921875,,,,,0.0,0.0,0.0,0.017997868359088898,0.014355598948895931,2.6704914569854736,2.6704914569854736
14,0,234.4221649169922,429.228759765625,234.4221649169922,429.228759765625,234.4221649169922,429.228759765625,,,,,0.0,0.0,0.0,1.3130168914794922,0.5835049748420715,2.4307706356048584,2.4307706356048584
14,1,1778.8515625,430.52203369140625,1778.8515625,430.52203369140625,1778.8515625,430.52203369140625,,,,,0.0,0.0,0.0,0.015962231904268265,0.006048114970326424,3.296170473098755,3.296170473098755
14,2,1883.5130615234375,443.3988037109375,1883.5130615234375,443.3988037109375,1883.5130615234375,443.3988037109375,,,,,0.0,0.0,0.0,0.017457932233810425,0.013924931176006794,3.2971184253692627,3.2971184253692627
15,0,235.7256622314453,430.07745361328125,235.7256622314453,430.07745361328125,235.7256622314453,430.07745361328125,,,,,0.0,0.0,0.0,1.312093734741211,0.6092010736465454,2.710299491882324,2.710299491882324
15,1,1778.8675537109375,430.528076171875,1778.8675537109375,430.528076171875,1778.8675537109375,430.528076171875,,,,,0.0,0.0,0.0,0.015483365394175053,0.005866671912372112,4.00975227355957,4.00975227355957
15,2,1883.530517578125,443.4127197265625,1883.530517578125,443.4127197265625,1883.530517578125,443.4127197265625,,,,,0.0,0.0,0.0,0.016934195533394814,0.013507183641195297,4.011297225952148,4.011297225952148
16,0,241.57711791992188,430.6705627441406,241.57711791992188,430.6705627441406,241.57711791992188,430.6705627441406,,,,,0.0,0.0,0.0,1.7253936529159546,0.6077373027801514,1.2424498796463013,1.2424498796463013
16,1,1778.8482666015625,430.5197448730469,1778.8482666015625,430.5197448730469,1778.8482666015625,430.5197448730469,,,,,0.0,0.0,0.0,0.012440316379070282,0.004627608694136143,1.4129008054733276,1.4129008054733276
16,2,1883.5401611328125,443.3798522949219,1883.5401611328125,443.3798522949219,1883.5401611328125,443.3798522949219,,,,,0.0,0.0,0.0,0.01629355549812317,0.009452310390770435,1.413101315498352,1.413101315498352
17,0,243.1256866455078,431.3867492675781,243.1256866455078,431.3867492675781,243.1256866455078,431.3867492675781,,,,,0.0,0.0,0.0,1.7096240520477295,0.6174095869064331,1.4265480041503906,1.4265480041503906
17,1,1778.8607177734375,430.5243835449219,1778.8607177734375,430.5243835449219,1778.8607177734375,430.5243835449219,,,,,0.0,0.0,0.0,0.012067107483744621,0.004488780628889799,1.6886370182037354,1.6886370182037354
17,2,1883.556396484375,443.3893127441406,1883.556396484375,443.3893127441406,1883.556396484375,443.3893127441406,,,,,0.0,0.0,0.0,0.015804748982191086,0.009168741293251514,1.6891392469406128,1.6891392469406128
18,0,244.64637756347656,432.1024475097656,244.64637756347656,432.1024475097656,244.64637756347656,432.1024475097656,,,,,0.0,0.0,0.0,1.6932346820831299,0.6259372234344482,1.6184977293014526,1.6184977293014526
18,1,1778.872802734375,430.52886962890625,1778.872802734375,430.52886962890625,1778.872802734375,430.52886962890625,,,,,0.0,0.0,0.0,0.011705094948410988,0.004354117438197136,2.0071871280670166,2.0071871280670166
18,2,1883.5721435546875,443.3984680175781,1883.5721435546875,443.3984680175781,1883.5721435546875,443.3984680175781,,,,,0.0,0.0,0.0,0.015330607071518898,0.008893678896129131,2.0081446170806885,2.0081446170806885
19,0,246.158203125,432.8183288574219,246.158203125,432.8183288574219,246.158203125,432.8183288574219,,,,,0.0,0.0,0.0,1.6779885292053223,0.6334953904151917,1.8130669593811035,1.8130669593811035
19,1,1778.884521484375,430.5332336425781,1778.884521484375,430.5332336425781,1778.884521484375,430.5332336425781,,,,,0.0,0.0,0.0,0.011353942565619946,0.004223493859171867,2.3709869384765625,2.3709869384765625
19,2,1883.5875244140625,443.4073486328125,1883.5875244140625,443.4073486328125,1883.5875244140625,443.4073486328125,,,,,0.0,0.0,0.0,0.014870689250528812,0.008626868948340416,2.372576951980591,2.372576951980591
20,0,247.80369567871094,433.5945129394531,247.80369567871094,433.5945129394531,247.80369567871094,433.5945129394531,,,,,0.0,0.0,0.0,1.675346851348877,0.6450914740562439,2.0050723552703857,2.0050723552703857
20,1,1778.8958740234375,430.5374450683594,1778.8958740234375,430.5374450683594,1778.8958740234375,430.5374450683594,,,,,0.0,0.0,0.0,0.011013324372470379,0.004096789285540581,2.782472610473633,2.782472610473633
20,2,1883.6024169921875,443.4159851074219,1883.6024169921875,443.4159851074219,1883.6024169921875,443.4159851074219,,,,,0.0,0.0,0.0,0.014424568973481655,0.008368062786757946,2.784895658493042,2.784895658493042
21,0,255.9408416748047,436.6427001953125,255.9408416748047,436.6427001953125,255.9408416748047,436.6427001953125,,,,,0.0,0.0,0.0,2.1828975677490234,0.8338478803634644,1.0830283164978027,1.0830283164978027
21,1,1778.892333984375,430.5291748046875,1778.892333984375,430.5291748046875,1778.892333984375,430.5291748046875,,,,,0.0,0.0,0.0,0.009936992079019547,0.003184974193572998,1.2372350692749023,1.2372350692749023
21,2,1883.570556640625,443.367431640625,1883.570556640625,443.367431640625,1883.570556640625,443.367431640625,,,,,0.0,0.0,0.0,0.011000406928360462,0.004160476848483086,1.2377411127090454,1.2377411127090454
22,0,257.8275451660156,437.4445495605469,257.8275451660156,437.4445495605469,257.8275451660156,437.4445495605469,,,,,0.0,0.0,0.0,2.1594698429107666,0.8313167691230774,1.2255797386169434,1.2255797386169434
22,1,1778.9022216796875,430.5323486328125,1778.9022216796875,430.5323486328125,1778.9022216796875,430.5323486328125,,,,,0.0,0.0,0.0,0.009638882242143154,0.003089425154030323,1.4440395832061768,1.4440395832061768
22,2,1883.58154296875,443.37158203125,1883.58154296875,443.37158203125,1883.58154296875,443.37158203125,,,,,0.0,0.0,0.0,0.010670394636690617,0.004035662859678268,1.4450085163116455,1.4450085163116455
23,0,259.5682067871094,438.2031555175781,259.5682067871094,438.2031555175781,259.5682067871094,438.2031555175781,,,,,0.0,0.0,0.0,2.1264591217041016,0.825584352016449,1.3786240816116333,1.3786240816116333
23,1,1778.911865234375,430.5354309082031,1778.911865234375,430.5354309082031,1778.911865234375,430.5354309082031,,,,,0.0,0.0,0.0,0.009349715895950794,0.002996742492541671,1.6839470863342285,1.6839470863342285
23,2,1883.5921630859375,443.3756103515625,1883.5921630859375,443.3756103515625,1883.5921630859375,443.3756103515625,,,,,0.0,0.0,0.0,0.010350283235311508,0.003914593253284693,1.6855651140213013,1.6855651140213013
24,0,261.3580627441406,438.98553466796875,261.3580627441406,438.98553466796875,261.3580627441406,438.98553466796875,,,,,0.0,0.0,0.0,2.1002142429351807,0.8222144246101379,1.539169192314148,1.539169192314148
24,1,1778.9212646484375,430.5384216308594,1778.9212646484375,430.5384216308594,1778.9212646484375,430.5384216308594,,,,,0.0,0.0,0.0,0.009069224819540977,0.002906840294599533,1.9593935012817383,1.9593935012817383
24,2,1883.6025390625,443.3795166015625,1883.6025390625,443.3795166015625,1883.6025390625,443.3795166015625,,,,,0.0,0.0,0.0,0.01003977470099926,0.003797155572101474,1.961870551109314,1.961870551109314
25,0,263.1057434082031,439.7841796875,263.1057434082031,439.7841796875,263.1057434082031,439.7841796875,,,,,0.0,0.0,0.0,2.07315731048584,0.8204057216644287,1.7038462162017822,1.7038462162017822
25,1,1778.9302978515625,430.54132080078125,1778.9302978515625,430.54132080078125,1778.9302978515625,430.54132080078125,,,,,0.0,0.0,0.0,0.008797148242592812,0.002819635206833482,2.2728147506713867,2.2728147506713867
25,2,1883.612548828125,443.38330078125,1883.612548828125,443.38330078125,1883.612548828125,443.38330078125,,,,,0.0,0.0,0.0,0.00973858218640089,0.003683241084218025,2.2763843536376953,2.2763843536376953
26,0,271.76739501953125,443.00762939453125,271.76739501953125,443.00762939453125,271.76739501953125,443.00762939453125,,,,,0.0,0.0,0.0,2.569227933883667,1.0013383626937866,0.9983268976211548,0.9983268976211548
26,1,1778.8946533203125,430.5215148925781,1778.8946533203125,430.5215148925781,1778.8946533203125,430.5215148925781,,,,,0.0,0.0,0.0,0.005697751883417368,0.001240925514139235,1.135443091392517,1.135443091392517
26,2,1883.5623779296875,443.3580627441406,1883.5623779296875,443.3580627441406,1883.5623779296875,443.3580627441406,,,,,0.0,0.0,0.0,0.005549359135329723,0.0016601469833403826,1.1363612413406372,1.1363612413406372
27,0,273.8730773925781,443.9032287597656,273.8730773925781,443.9032287597656,273.8730773925781,443.9032287597656,,,,,0.0,0.0,0.0,2.5335865020751953,0.9932066798210144,1.1281712055206299,1.1281712055206299
27,1,1778.900390625,430.52276611328125,1778.900390625,430.52276611328125,1778.900390625,430.52276611328125,,,,,0.0,0.0,0.0,0.0055268192663788795,0.0012036977568641305,1.3167775869369507,1.3167775869369507
27,2,1883.56787109375,443.3597106933594,1883.56787109375,443.3597106933594,1883.56787109375,443.3597106933594,,,,,0.0,0.0,0.0,0.005382878705859184,0.0016103426460176706,1.3183118104934692,1.3183118104934692
28,0,275.8924255371094,444.7911682128906,275.8924255371094,444.7911682128906,275.8924255371094,444.7911682128906,,,,,0.0,0.0,0.0,2.4937455654144287,0.985053300857544,1.2701407670974731,1.2701407670974731
28,1,1778.9058837890625,430.5239562988281,1778.9058837890625,430.5239562988281,1778.9058837890625,430.5239562988281,,,,,0.0,0.0,0.0,0.005361014977097511,0.0011675868881866336,1.5288764238357544,1.5288764238357544
28,2,1883.5732421875,443.361328125,1883.5732421875,443.361328125,1883.5732421875,443.361328125,,,,,0.0,0.0,0.0,0.005221392493695021,0.0015620323829352856,1.5312353372573853,1.5312353372573853
29,0,277.84197998046875,445.6694030761719,277.84197998046875,445.6694030761719,277.84197998046875,445.6694030761719,,,,,0.0,0.0,0.0,2.4516849517822266,0.976797342300415,1.4217897653579712,1.4217897653579712
29,1,1778.9112548828125,430.5251159667969,1778.9112548828125,430.5251159667969,1778.9112548828125,430.5251159667969,,,,,0.0,0.0,0.0,0.005200184881687164,0.0011325592640787363,1.7741755247116089,1.7741755247116089
29,2,1883.5784912109375,443.3628845214844,1883.5784912109375,443.3628845214844,1883.5784912109375,443.3628845214844,,,,,0.0,0.0,0.0,0.005064751021564007,0.0015151714906096458,1.7775914669036865,1.7775914669036865
30,0,279.01873779296875,445.9850769042969,279.01873779296875,445.9850769042969,279.01873779296875,445.9850769042969,,,,,0.0,0.0,0.0,2.354060411453247,0.926173210144043,1.5801702737808228,1.5801702737808228
30,1,1778.91650390625,430.5262451171875,1778.91650390625,430.5262451171875,1778.91650390625,430.5262451171875,,,,,0.0,0.0,0.0,0.005044179502874613,0.0010985825210809708,2.0551109313964844,2.0551109313964844
30,2,1883.58349609375,443.3644104003906,1883.58349609375,443.3644104003906,1883.58349609375,443.3644104003906,,,,,0.0,0.0,0.0,0.004912808537483215,0.0014697164297103882,2.059839963912964,2.059839963912964
31,0,290.266845703125,450.0486755371094,290.266845703125,450.0486755371094,290.266845703125,450.0486755371094,,,,,0.0,0.0,0.0,3.0254428386688232,1.1630069017410278,0.9608753323554993,0.9608753323554993
31,1,1778.894775390625,430.4822998046875,1778.894775390625,430.4822998046875,1778.894775390625,430.4822998046875,,,,,0.0,0.0,0.0,0.003185480600222945,-0.0020376837346702814,1.0855299234390259,1.0855299234390259
31,2,1883.6094970703125,443.3229675292969,1883.6094970703125,443.3229675292969,1883.6094970703125,443.3229675292969,,,,,0.0,0.0,0.0,0.006384711246937513,-0.0015238471096381545,1.0868496894836426,1.0868496894836426
32,0,292.1417541503906,450.6794738769531,292.1417541503906,450.6794738769531,292.1417541503906,450.6794738769531,,,,,0.0,0.0,0.0,2.9364352226257324,1.1218348741531372,1.0884275436401367,1.0884275436401367
32,1,1778.89794921875,430.4802551269531,1778.89794921875,430.4802551269531,1778.89794921875,430.4802551269531,,,,,0.0,0.0,0.0,0.003089916193857789,-0.001976553350687027,1.259399652481079,1.259399652481079
32,2,1883.6158447265625,443.3214416503906,1883.6158447265625,443.3214416503906,1883.6158447265625,443.3214416503906,,,,,0.0,0.0,0.0,0.006193170323967934,-0.0014781317440792918,1.2614418268203735,1.2614418268203735
33,0,293.70855712890625,451.177734375,293.70855712890625,451.177734375,293.70855712890625,451.177734375,,,,,0.0,0.0,0.0,2.829449415206909,1.0731263160705566,1.2288553714752197,1.2288553714752197
33,1,1778.9010009765625,430.478271484375,1778.9010009765625,430.478271484375,1778.9010009765625,430.478271484375,,,,,0.0,0.0,0.0,0.0029972188640385866,-0.0019172568572685122,1.4637248516082764,1.4637248516082764
33,2,1883.6220703125,443.3199768066406,1883.6220703125,443.3199768066406,1883.6220703125,443.3199768066406,,,,,0.0,0.0,0.0,0.006007375195622444,-0.0014337878674268723,1.4667091369628906,1.4667091369628906
34,0,295.1659851074219,451.6311340332031,295.1659851074219,451.6311340332031,295.1659851074219,451.6311340332031,,,,,0.0,0.0,0.0,2.7223966121673584,1.0247715711593628,1.379796028137207,1.379796028137207
34,1,1778.904052734375,430.4763488769531,1778.904052734375,430.4763488769531,1778.904052734375,430.4763488769531,,,,,0.0,0.0,0.0,0.002907302463427186,-0.001859739189967513,1.700941562652588,1.700941562652588
34,2,1883.6280517578125,443.31854248046875,1883.6280517578125,443.31854248046875,1883.6280517578125,443.31854248046875,,,,,0.0,0.0,0.0,0.005827154032886028,-0.001390774268656969,1.7051112651824951,1.7051112651824951
35,0,296.4267578125,451.9950866699219,296.4267578125,451.9950866699219,296.4267578125,451.9950866699219,,,,,0.0,0.0,0.0,2.6093528270721436,0.9736617803573608,1.5383390188217163,1.5383390188217163
35,1,1778.906982421875,430.4744873046875,1778.906982421875,430.4744873046875,1778.906982421875,430.4744873046875,,,,,0.0,0.0,0.0,0.0028200834058225155,-0.0018039470305666327,1.9734855890274048,1.9734855890274048
35,2,1883.6339111328125,443.317138671875,1883.6339111328125,443.317138671875,1883.6339111328125,443.317138671875,,,,,0.0,0.0,0.0,0.005652339663356543,-0.0013490511337295175,1.9791078567504883,1.9791078567504883
36,0,307.8798828125,455.9295349121094,307.8798828125,455.9295349121094,307.8798828125,455.9295349121094,,,,,0.0,0.0,0.0,3.2837300300598145,1.1994354724884033,0.9483259916305542,0.9483259916305542
36,1,1778.884765625,430.4371032714844,1778.884765625,430.4371032714844,1778.884765625,430.4371032714844,,,,,0.0,0.0,0.0,0.0010601168032735586,-0.004309836775064468,1.0662480592727661,1.0662480592727661
36,2,1883.6229248046875,443.2892150878906,1883.6229248046875,443.2892150878906,1883.6229248046875,443.2892150878906,,,,,0.0,0.0,0.0,0.004479032475501299,-0.0032251921948045492,1.0678508281707764,1.0678508281707764
37,0,311.8158264160156,457.5273132324219,311.8158264160156,457.5273132324219,311.8158264160156,457.5273132324219,,,,,0.0,0.0,0.0,3.334660530090332,1.2305407524108887,1.0763843059539795,1.0763843059539795
37,1,1778.8858642578125,430.43280029296875,1778.8858642578125,430.43280029296875,1778.8858642578125,430.43280029296875,,,,,0.0,0.0,0.0,0.0010283133015036583,-0.004180541727691889,1.239221453666687,1.239221453666687
37,2,1883.62744140625,443.2859802246094,1883.62744140625,443.2859802246094,1883.62744140625,443.2859802246094,,,,,0.0,0.0,0.0,0.004344661720097065,-0.00312843662686646,1.2415969371795654,1.2415969371795654
38,0,315.9136657714844,459.2295227050781,315.9136657714844,459.2295227050781,315.9136657714844,459.2295227050781,,,,,0.0,0.0,0.0,3.394779920578003,1.2676969766616821,1.2175220251083374,1.2175220251083374
38,1,1778.8868408203125,430.4286193847656,1778.8868408203125,430.4286193847656,1778.8868408203125,430.4286193847656,,,,,0.0,0.0,0.0,0.0009974639397114515,-0.004055125638842583,1.4427522420883179,1.4427522420883179
38,2,1883.6318359375,443.2828369140625,1883.6318359375,443.2828369140625,1883.6318359375,443.2828369140625,,,,,0.0,0.0,0.0,0.004214322194457054,-0.0030345835257321596,1.4461227655410767,1.4461227655410767
39,0,320.2165222167969,460.9998474121094,320.2165222167969,460.9998474121094,320.2165222167969,460.9998474121094,,,,,0.0,0.0,0.0,3.4661660194396973,1.3072091341018677,1.369356632232666,1.369356632232666
39,1,1778.8878173828125,430.424560546875,1778.8878173828125,430.424560546875,1778.8878173828125,430.424560546875,,,,,0.0,0.0,0.0,0.000967540021520108,-0.003933472093194723,1.6792763471603394,1.6792763471603394
39,2,1883.6361083984375,443.2798156738281,1883.6361083984375,443.2798156738281,1883.6361083984375,443.2798156738281,,,,,0.0,0.0,0.0,0.004087892826646566,-0.0029435460455715656,1.6838880777359009,1.6838880777359009
40,0,324.7134704589844,462.88134765625,324.7134704589844,462.88134765625,324.7134704589844,462.88134765625,,,,,0.0,0.0,0.0,3.546417474746704,1.3519189357757568,1.5289461612701416,1.5289461612701416
40,1,1778.8887939453125,430.4206237792969,1778.8887939453125,430.4206237792969,1778.8887939453125,430.4206237792969,,,,,0.0,0.0,0.0,0.0009385138400830328,-0.0038154679350554943,1.9512298107147217,1.9512298107147217
40,2,1883.64013671875,443.2768859863281,1883.64013671875,443.2768859863281,1883.64013671875,443.2768859863281,,,,,0.0,0.0,0.0,0.0039652562700212,-0.0028552396688610315,1.9573523998260498,1.9573523998260498
41,0,337.855712890625,467.8993835449219,337.855712890625,467.8993835449219,337.855712890625,467.8993835449219,,,,,0.0,0.0,0.0,4.2823662757873535,1.6330897808074951,0.945761501789093,0.945761501789093
41,1,1778.8890380859375,430.42010498046875,1778.8890380859375,430.42010498046875,1778.8890380859375,430.42010498046875,,,,,0.0,0.0,0.0,0.0008878979715518653,-0.003581944853067398,1.0612637996673584,1.0612637996673584
41,2,1883.564697265625,443.22088623046875,1883.564697265625,443.22088623046875,1883.564697265625,443.22088623046875,,,,,0.0,0.0,0.0,-0.0016846965299919248,-0.006637658923864365,1.0630069971084595,1.0630069971084595
42,0,342.39080810546875,469.73541259765625,342.39080810546875,469.73541259765625,342.39080810546875,469.73541259765625,,,,,0.0,0.0,0.0,4.302189350128174,1.6490085124969482,1.0744203329086304,1.0744203329086304
42,1,1778.889892578125,430.4165344238281,1778.889892578125,430.4165344238281,1778.889892578125,430.4165344238281,,,,,0.0,0.0,0.0,0.0008612610399723053,-0.0034744865261018276,1.2348685264587402,1.2348685264587402
42,2,1883.56298828125,443.2142333984375,1883.56298828125,443.2142333984375,1883.56298828125,443.2142333984375,,,,,0.0,0.0,0.0,-0.0016341556329280138,-0.006438529118895531,1.2373955249786377,1.2373955249786377
43,0,347.2687072753906,471.72088623046875,347.2687072753906,471.72088623046875,347.2687072753906,471.72088623046875,,,,,0.0,0.0,0.0,4.3477020263671875,1.6756070852279663,1.2161420583724976,1.2161420583724976
43,1,1778.8907470703125,430.4130554199219,1778.8907470703125,430.4130554199219,1778.8907470703125,430.4130554199219,,,,,0.0,0.0,0.0,0.0008354232413694263,-0.0033702519722282887,1.439101219177246,1.439101219177246
43,2,1883.5614013671875,443.2077941894531,1883.5614013671875,443.2077941894531,1883.5614013671875,443.2077941894531,,,,,0.0,0.0,0.0,-0.0015851310454308987,-0.006245373282581568,1.4426336288452148,1.4426336288452148
44,0,352.31427001953125,473.7665100097656,352.31427001953125,473.7665100097656,352.31427001953125,473.7665100097656,,,,,0.0,0.0,0.0,4.402714252471924,1.7047752141952515,1.3685284852981567,1.3685284852981567
44,1,1778.8916015625,430.4096984863281,1778.8916015625,430.4096984863281,1778.8916015625,430.4096984863281,,,,,0.0,0.0,0.0,0.0008103605941869318,-0.003269144566729665,1.676397681236267,1.676397681236267
44,2,1883.559814453125,443.2015380859375,1883.559814453125,443.2015380859375,1883.559814453125,443.2015380859375,,,,,0.0,0.0,0.0,-0.0015375771326944232,-0.006058012135326862,1.6811808347702026,1.6811808347702026
45,0,357.53204345703125,475.9006042480469,357.53204345703125,475.9006042480469,357.53204345703125,475.9006042480469,,,,,0.0,0.0,0.0,4.466304302215576,1.7382704019546509,1.5286214351654053,1.5286214351654053
45,1,1778.8924560546875,430.40643310546875,1778.8924560546875,430.40643310546875,1778.8924560546875,430.40643310546875,,,,,0.0,0.0,0.0,0.0007860498153604567,-0.00317107024602592,1.9491939544677734,1.9491939544677734
45,2,1883.5582275390625,443.1954650878906,1883.5582275390625,443.1954650878906,1883.5582275390625,443.1954650878906,,,,,0.0,0.0,0.0,-0.0014914498897269368,-0.005876271985471249,1.955496907234192,1.955496907234192
46,0,370.35150146484375,480.9333801269531,370.35150146484375,480.9333801269531,370.35150146484375,480.9333801269531,,,,,0.0,0.0,0.0,5.10796594619751,1.9913424253463745,0.9457976818084717,0.9457976818084717
46,1,1778.915283203125,430.4106140136719,1778.915283203125,430.4106140136719,1778.915283203125,430.4106140136719,,,,,0.0,0.0,0.0,0.0023648052010685205,-0.0026471265591681004,1.0610164403915405,1.0610164403915405
46,2,1883.5384521484375,443.1885070800781,1883.5384521484375,443.1885070800781,1883.5384521484375,443.1885070800781,,,,,0.0,0.0,0.0,-0.0028029948007315397,-0.005952740088105202,1.0628019571304321,1.0628019571304321
47,0,375.8189392089844,483.1444091796875,375.8189392089844,483.1444091796875,375.8189392089844,483.1444091796875,,,,,0.0,0.0,0.0,5.136190414428711,2.0085928440093994,1.0746617317199707,1.0746617317199707
47,1,1778.9176025390625,430.407958984375,1778.9176025390625,430.407958984375,1778.9176025390625,430.407958984375,,,,,0.0,0.0,0.0,0.0022938610054552555,-0.002567712916061282,1.2351040840148926,1.2351040840148926
47,2,1883.53564453125,443.18255615234375,1883.53564453125,443.18255615234375,1883.53564453125,443.18255615234375,,,,,0.0,0.0,0.0,-0.002718904986977577,-0.005774158053100109,1.2376689910888672,1.2376689910888672
48,0,381.1396789550781,485.31378173828125,381.1396789550781,485.31378173828125,381.1396789550781,485.31378173828125,,,,,0.0,0.0,0.0,5.150787353515625,2.0213100910186768,1.2165374755859375,1.2165374755859375
48,1,1778.919921875,430.4053955078125,1778.919921875,430.4053955078125,1778.919921875,430.4053955078125,,,,,0.0,0.0,0.0,0.002225045347586274,-0.0024906815961003304,1.4398152828216553,1.4398152828216553
48,2,1883.532958984375,443.1767883300781,1883.532958984375,443.1767883300781,1883.532958984375,443.1767883300781,,,,,0.0,0.0,0.0,-0.0026373378932476044,-0.005600933451205492,1.4433801174163818,1.4433801174163818
49,0,386.58203125,487.53277587890625,386.58203125,487.53277587890625,386.58203125,487.53277587890625,,,,,0.0,0.0,0.0,5.173775672912598,2.036897897720337,1.3690258264541626,1.3690258264541626
49,1,1778.922119140625,430.40289306640625,1778.922119140625,430.40289306640625,1778.922119140625,430.40289306640625,,,,,0.0,0.0,0.0,0.002158293966203928,-0.002415961120277643,1.6775859594345093,1.6775859594345093
49,2,1883.5302734375,443.1711730957031,1883.5302734375,443.1711730957031,1883.5302734375,443.1711730957031,,,,,0.0,0.0,0.0,-0.0025582178495824337,-0.005432905629277229,1.6823949813842773,1.6823949813842773
50,0,392.1737976074219,489.8121337890625,392.1737976074219,489.8121337890625,392.1737976074219,489.8121337890625,,,,,0.0,0.0,0.0,5.206386566162109,2.0558133125305176,1.529170036315918,1.529170036315918
50,1,1778.92431640625,430.4004821777344,1778.92431640625,430.4004821777344,1778.92431640625,430.4004821777344,,,,,0.0,0.0,0.0,0.0020935451611876488,-0.0023434823378920555,1.9508520364761353,1.9508520364761353
50,2,1883.5277099609375,443.1657409667969,1883.5277099609375,443.1657409667969,1883.5277099609375,443.1657409667969,,,,,0.0,0.0,0.0,-0.0024814712814986706,-0.005269918590784073,1.9571731090545654,1.9571731090545654
51,0,405.46051025390625,494.8086242675781,405.46051025390625,494.8086242675781,405.46051025390625,494.8086242675781,,,,,0.0,0.0,0.0,5.8270063400268555,2.2816762924194336,0.945970356464386,0.945970356464386
51,1,1778.91796875,430.4009704589844,1778.91796875,430.4009704589844,1778.91796875,430.4009704589844,,,,,0.0,0.0,0.0,0.0014928700402379036,-0.002140176948159933,1.0614843368530273,1.0614843368530273
51,2,1883.50390625,443.17340087890625,1883.50390625,443.17340087890625,1883.50390625,443.17340087890625,,,,,0.0,0.0,0.0,-0.004007573239505291,-0.004344516433775425,1.063270092010498,1.063270092010498
52,0,411.4552307128906,497.2356262207031,411.4552307128906,497.2356262207031,411.4552307128906,497.2356262207031,,,,,0.0,0.0,0.0,5.840171813964844,2.293083429336548,1.0748132467269897,1.0748132467269897
52,1,1778.91943359375,430.3988342285156,1778.91943359375,430.3988342285156,1778.91943359375,430.3988342285156,,,,,0.0,0.0,0.0,0.0014480840181931853,-0.0020759718026965857,1.2356973886489868,1.2356973886489868
52,2,1883.4998779296875,443.1690673828125,1883.4998779296875,443.1690673828125,1883.4998779296875,443.1690673828125,,,,,0.0,0.0,0.0,-0.0038873462472110987,-0.004214181099087,1.2382569313049316,1.2382569313049316
53,0,417.9146728515625,499.865966796875,417.9146728515625,499.865966796875,417.9146728515625,499.865966796875,,,,,0.0,0.0,0.0,5.889134407043457,2.3197479248046875,1.2166383266448975,1.2166383266448975
53,1,1778.9208984375,430.3967590332031,1778.9208984375,430.3967590332031,1778.9208984375,430.3967590332031,,,,,0.0,0.0,0.0,0.0014046415453776717,-0.002013692632317543,1.4405006170272827,1.4405006170272827
53,2,1883.4959716796875,443.16485595703125,1883.4959716796875,443.16485595703125,1883.4959716796875,443.16485595703125,,,,,0.0,0.0,0.0,-0.0037707260344177485,-0.004087755922228098,1.444054126739502,1.444054126739502
54,0,424.61041259765625,502.59161376953125,424.61041259765625,502.59161376953125,424.61041259765625,502.59161376953125,,,,,0.0,0.0,0.0,5.952707767486572,2.3517379760742188,1.369051456451416,1.369051456451416
54,1,1778.92236328125,430.3947448730469,1778.92236328125,430.3947448730469,1778.92236328125,430.3947448730469,,,,,0.0,0.0,0.0,0.0013625023420900106,-0.0019532819278538227,1.6783299446105957,1.6783299446105957
54,2,1883.4921875,443.1607666015625,1883.4921875,443.1607666015625,1883.4921875,443.1607666015625,,,,,0.0,0.0,0.0,-0.0036576043348759413,-0.0039651235565543175,1.6831212043762207,1.6831212043762207
55,0,431.5661315917969,505.4566650390625,431.5661315917969,505.4566650390625,431.5661315917969,505.4566650390625,,,,,0.0,0.0,0.0,6.030929088592529,2.391767978668213,1.5291025638580322,1.5291025638580322
55,1,1778.9237060546875,430.3927917480469,1778.9237060546875,430.3927917480469,1778.9237060546875,430.3927917480469,,,,,0.0,0.0,0.0,0.0013216272927820683,-0.001894683577120304,1.9516215324401855,1.9516215324401855
55,2,1883.488525390625,443.15679931640625,1883.488525390625,443.15679931640625,1883.488525390625,443.15679931640625,,,,,0.0,0.0,0.0,-0.003547876374796033,-0.003846169915050268,1.9579178094863892,1.9579178094863892
56,0,449.2128601074219,511.4176025390625,449.2128601074219,511.4176025390625,449.2128601074219,511.4176025390625,,,,,0.0,0.0,0.0,6.922739028930664,2.665792465209961,0.9459167718887329,0.9459167718887329
56,1,1778.9462890625,430.408447265625,1778.9462890625,430.408447265625,1778.9462890625,430.408447265625,,,,,0.0,0.0,0.0,0.002836790634319186,-0.000643980922177434,1.0616519451141357,1.0616519451141357
56,2,1883.5001220703125,443.1890869140625,1883.5001220703125,443.1890869140625,1883.5001220703125,443.1890869140625,,,,,0.0,0.0,0.0,-0.002467372687533498,-0.0012654816964641213,1.0634299516677856,1.0634299516677856
57,0,456.6206970214844,514.421142578125,456.6206970214844,514.421142578125,456.6206970214844,514.421142578125,,,,,0.0,0.0,0.0,6.96080207824707,2.6922953128814697,1.074691891670227,1.074691891670227
57,1,1778.9490966796875,430.4078063964844,1778.9490966796875,430.4078063964844,1778.9490966796875,430.4078063964844,,,,,0.0,0.0,0.0,0.0027516870759427547,-0.0006246615084819496,1.235811710357666,1.235811710357666
57,2,1883.4976806640625,443.1878356933594,1883.4976806640625,443.1878356933594,1883.4976806640625,443.1878356933594,,,,,0.0,0.0,0.0,-0.002393351634964347,-0.001227517263032496,1.238361120223999,1.238361120223999
58,0,464.28216552734375,517.5415649414062,464.28216552734375,517.5415649414062,464.28216552734375,517.5415649414062,,,,,0.0,0.0,0.0,7.01617956161499,2.726130485534668,1.216440200805664,1.216440200805664
58,1,1778.951904296875,430.4071960449219,1778.951904296875,430.4071960449219,1778.951904296875,430.4071960449219,,,,,0.0,0.0,0.0,0.002669136505573988,-0.0006059216684661806,1.4405324459075928,1.4405324459075928
58,2,1883.4952392578125,443.1866149902344,1883.4952392578125,443.1866149902344,1883.4952392578125,443.1866149902344,,,,,0.0,0.0,0.0,-0.002321551088243723,-0.0011906918371096253,1.4440734386444092,1.4440734386444092
59,0,472.288330078125,520.803466796875,472.288330078125,520.803466796875,472.288330078125,520.803466796875,,,,,0.0,0.0,0.0,7.094181537628174,2.768345355987549,1.3687726259231567,1.3687726259231567
59,1,1778.95458984375,430.4065856933594,1778.95458984375,430.4065856933594,1778.95458984375,430.4065856933594,,,,,0.0,0.0,0.0,0.0025890625547617674,-0.0005877440562471747,1.6782500743865967,1.6782500743865967
59,2,1883.492919921875,443.1854248046875,1883.492919921875,443.1854248046875,1883.492919921875,443.1854248046875,,,,,0.0,0.0,0.0,-0.0022519046906381845,-0.0011549710761755705,1.6830263137817383,1.6830263137817383
60,0,480.0763244628906,524.0023803710938,480.0763244628906,524.0023803710938,480.0763244628906,524.0023803710938,,,,,0.0,0.0,0.0,7.148275375366211,2.801914691925049,1.5287435054779053,1.5287435054779053
60,1,1778.9571533203125,430.406005859375,1778.9571533203125,430.406005859375,1778.9571533203125,430.406005859375,,,,,0.0,0.0,0.0,0.002511390717700124,-0.0005701117333956063,1.9514003992080688,1.9514003992080688
60,2,1883.49072265625,443.18426513671875,1883.49072265625,443.18426513671875,1883.49072265625,443.18426513671875,,,,,0.0,0.0,0.0,-0.002184347715228796,-0.0011203220346942544,1.9576795101165771,1.9576795101165771
61,0,501.5476989746094,532.183837890625,501.5476989746094,532.183837890625,501.5476989746094,532.183837890625,,,,,0.0,0.0,0.0,8.247687339782715,3.214834690093994,0.9457813501358032,0.9457813501358032
61,1,1778.9169921875,430.4088439941406,1778.9169921875,430.4088439941406,1778.9169921875,430.4088439941406,,,,,0.0,0.0,0.0,-0.00053594441851601,-0.0003265557752456516,1.0615659952163696,1.0615659952163696
61,2,1883.4967041015625,443.18255615234375,1883.4967041015625,443.18255615234375,1883.4967041015625,443.18255615234375,,,,,0.0,0.0,0.0,-0.0016003218479454517,-0.0011620381847023964,1.0633399486541748,1.0633399486541748
62,0,510.4554138183594,535.7433471679688,510.4554138183594,535.7433471679688,510.4554138183594,535.7433471679688,,,,,0.0,0.0,0.0,8.299466133117676,3.241872549057007,1.0745117664337158,1.0745117664337158
62,1,1778.91650390625,430.40850830078125,1778.91650390625,430.40850830078125,1778.91650390625,430.40850830078125,,,,,0.0,0.0,0.0,-0.0005198661237955093,-0.00031675910577178,1.2356446981430054,1.2356446981430054
62,2,1883.4951171875,443.181396484375,1883.4951171875,443.181396484375,1883.4951171875,443.181396484375,,,,,0.0,0.0,0.0,-0.0015523122856393456,-0.0011271770345047116,1.2381900548934937,1.2381900548934937
63,0,519.6363525390625,539.4029541015625,519.6363525390625,539.4029541015625,519.6363525390625,539.4029541015625,,,,,0.0,0.0,0.0,8.369125366210938,3.2748851776123047,1.2162154912948608,1.2162154912948608
63,1,1778.916015625,430.408203125,1778.916015625,430.408203125,1778.916015625,430.408203125,,,,,0.0,0.0,0.0,-0.0005042701377533376,-0.000307256355881691,1.4402679204940796,1.4402679204940796
63,2,1883.4935302734375,443.1802673339844,1883.4935302734375,443.1802673339844,1883.4935302734375,443.1802673339844,,,,,0.0,0.0,0.0,-0.0015057430136948824,-0.00109336175955832,1.4438049793243408,1.4438049793243408
64,0,528.5767211914062,542.9793090820312,528.5767211914062,542.9793090820312,528.5767211914062,542.9793090820312,,,,,0.0,0.0,0.0,8.414129257202148,3.2986342906951904,1.3685057163238525,1.3685057163238525
64,1,1778.91552734375,430.40789794921875,1778.91552734375,430.40789794921875,1778.91552734375,430.40789794921875,,,,,0.0,0.0,0.0,-0.0004891420248895884,-0.00029803867801092565,1.677871584892273,1.677871584892273
64,2,1883.4920654296875,443.1791687011719,1883.4920654296875,443.1791687011719,1883.4920654296875,443.1791687011719,,,,,0.0,0.0,0.0,-0.0014605707256123424,-0.0010605609277263284,1.6826443672180176,1.6826443672180176
65,0,538.6307983398438,547.15576171875,538.6307983398438,547.15576171875,538.6307983398438,547.15576171875,,,,,0.0,0.0,0.0,8.541977882385254,3.367067813873291,1.5284391641616821,1.5284391641616821
65,1,1778.9150390625,430.4075927734375,1778.9150390625,430.4075927734375,1778.9150390625,430.4075927734375,,,,,0.0,0.0,0.0,-0.00047446778626181185,-0.00028909751563332975,1.9508916139602661,1.9508916139602661
65,2,1883.4906005859375,443.1781005859375,1883.4906005859375,443.1781005859375,1883.4906005859375,443.1781005859375,,,,,0.0,0.0,0.0,-0.0014167536282911897,-0.0010287441546097398,1.9571678638458252,1.9571678638458252
66,0,566.2922973632812,557.5216064453125,566.2922973632812,557.5216064453125,566.2922973632812,557.5216064453125,,,,,0.0,0.0,0.0,10.009456634521484,3.904242753982544,0.9456768035888672,0.9456768035888672
67,0,585.7420654296875,565.2645263671875,585.7420654296875,565.2645263671875,585.7420654296875,565.2645263671875,,,,,0.0,0.0,0.0,10.750020980834961,4.205376625061035,0.7156006097793579,0.7156006097793579
68,0,603.03369140625,572.5155639648438,603.03369140625,572.5155639648438,603.03369140625,572.5155639648438,,,,,0.0,0.0,0.0,11.28714656829834,4.455452919006348,0.596572995185852,0.596572995185852
69,0,620.5018310546875,579.35791015625,620.5018310546875,579.35791015625,620.5018310546875,579.35791015625,,,,,0.0,0.0,0.0,11.824108123779297,4.662810802459717,0.5274718999862671,0.5274718999862671
70,0,638.5111083984375,586.8436889648438,638.5111083984375,586.8436889648438,638.5111083984375,586.8436889648438,,,,,0.0,0.0,0.0,12.392995834350586,4.922459602355957,0.48534247279167175,0.48534247279167175
71,0,657.3617553710938,594.275390625,657.3617553710938,594.275390625,657.3617553710938,594.275390625,,,,,0.0,0.0,0.0,13.018226623535156,5.165402889251709,0.4593713581562042,0.4593713581562042
72,0,677.2858276367188,601.64794921875,677.2858276367188,601.64794921875,677.2858276367188,601.64794921875,,,,,0.0,0.0,0.0,13.7158203125,5.388359546661377,0.4436127841472626,0.4436127841472626
73,0,698.3869018554688,609.8750610351562,698.3869018554688,609.8750610351562,698.3869018554688,609.8750610351562,,,,,0.0,0.0,0.0,14.486626625061035,5.684640407562256,0.4344235360622406,0.4344235360622406
74,0,721.3076782226562,618.9783935546875,721.3076782226562,618.9783935546875,721.3076782226562,618.9783935546875,,,,,0.0,0.0,0.0,15.387885093688965,6.049954891204834,0.42941343784332275,0.42941343784332275
75,0,745.4906616210938,628.6340942382812,745.4906616210938,628.6340942382812,745.4906616210938,628.6340942382812,,,,,0.0,0.0,0.0,16.342655181884766,6.4413886070251465,0.42696335911750793,0.42696335911750793
76,0,771.589111328125,638.7599487304688,771.589111328125,638.7599487304688,771.589111328125,638.7599487304688,,,,,0.0,0.0,0.0,17.411882400512695,6.8451995849609375,0.4259755611419678,0.4259755611419678
